{
    "type": "file",
    "attributes": {
        "pe_info": {
            "timestamp": 1389351576,
            "imphash": "6e610fa0b95c045982474a372c82a21e",
            "machine_type": 332,
            "entry_point": 23760,
            "sections": [
                {
                    "name": ".text",
                    "chi2": 186249.98,
                    "virtual_address": 4096,
                    "flags": "rx",
                    "raw_size": 22528,
                    "entropy": 6.0,
                    "virtual_size": 22058,
                    "md5": "516f656e7da2b711cf67be9797b9fd64"
                },
                {
                    "name": ".rdata",
                    "chi2": 89227.6,
                    "virtual_address": 28672,
                    "flags": "rw",
                    "raw_size": 3072,
                    "entropy": 5.24,
                    "virtual_size": 2728,
                    "md5": "fc3c19b09d1432872a4d075bf6c47f5b"
                },
                {
                    "name": ".data",
                    "chi2": 130049.0,
                    "virtual_address": 32768,
                    "flags": "rw",
                    "raw_size": 512,
                    "entropy": 0.02,
                    "virtual_size": 112,
                    "md5": "2d45ff57e9880d4bf63278bf3c7d7aeb"
                },
                {
                    "name": ".data",
                    "chi2": 109082.0,
                    "virtual_address": 36864,
                    "flags": "rw",
                    "raw_size": 512,
                    "entropy": 0.75,
                    "virtual_size": 51,
                    "md5": "d69f2c8747f12432516608232c76d0c8"
                },
                {
                    "name": ".wdata",
                    "chi2": 85540.0,
                    "virtual_address": 40960,
                    "flags": "rw",
                    "raw_size": 512,
                    "entropy": 1.45,
                    "virtual_size": 132,
                    "md5": "04ca6a72f47aadb3f7a10cfbb8d3e16d"
                }
            ],
            "compiler_product_versions": [
                "id: 93, version: 4035 count=9",
                "[---] Unmarked objects count=57",
                "[ASM] VS2005 build 50727 count=1",
                "[C++] VS2005 build 50727 count=8",
                "[LNK] VS2005 build 50727 count=1"
            ],
            "rich_pe_header_hash": "e3e17e2ddc1d0a4d38dac729a4300509",
            "import_list": [
                {
                    "library_name": "ADVAPI32.dll",
                    "imported_functions": [
                        "RegCloseKey",
                        "RegSetValueExA",
                        "RegQueryValueExA",
                        "GetUserNameA",
                        "CreateProcessWithLogonW",
                        "RegCreateKeyA"
                    ]
                },
                {
                    "library_name": "PSAPI.DLL",
                    "imported_functions": [
                        "GetModuleFileNameExA",
                        "EnumProcesses",
                        "EnumProcessModules"
                    ]
                },
                {
                    "library_name": "SHLWAPI.dll",
                    "imported_functions": [
                        "wnsprintfA"
                    ]
                },
                {
                    "library_name": "KERNEL32.dll",
                    "imported_functions": [
                        "PeekNamedPipe",
                        "GetLastError",
                        "HeapFree",
                        "lstrcatA",
                        "FileTimeToSystemTime",
                        "lstrlenA",
                        "WaitForSingleObject",
                        "GetDriveTypeA",
                        "CopyFileA",
                        "GetTickCount",
                        "RemoveDirectoryA",
                        "LoadLibraryA",
                        "CreatePipe",
                        "GetDateFormatA",
                        "GetCurrentDirectoryW",
                        "GetCurrentProcessId",
                        "OpenProcess",
                        "CreateDirectoryA",
                        "DeleteFileA",
                        "GetCurrentDirectoryA",
                        "SetErrorMode",
                        "MultiByteToWideChar",
                        "GetModuleFileNameA",
                        "GetProcAddress",
                        "GetProcessHeap",
                        "GetTempPathA",
                        "lstrcmpA",
                        "ReadFile",
                        "lstrcpyA",
                        "FindFirstFileA",
                        "GetTimeFormatA",
                        "GetComputerNameA",
                        "FindNextFileA",
                        "ExitThread",
                        "MoveFileA",
                        "TerminateProcess",
                        "ResumeThread",
                        "CreateProcessA",
                        "GetLogicalDriveStringsA",
                        "WriteFile",
                        "FindClose",
                        "Sleep",
                        "FormatMessageA",
                        "CreateFileA",
                        "HeapAlloc",
                        "SetCurrentDirectoryA",
                        "CloseHandle"
                    ]
                }
            ]
        },
        "trid": [
            {
                "file_type": "Win32 Executable MS Visual C++ (generic)",
                "probability": 46.9
            },
            {
                "file_type": "Windows screen saver",
                "probability": 19.7
            },
            {
                "file_type": "Win32 Dynamic Link Library (generic)",
                "probability": 9.8
            },
            {
                "file_type": "Win16 NE executable (generic)",
                "probability": 7.5
            },
            {
                "file_type": "Win32 Executable (generic)",
                "probability": 6.7
            }
        ],
        "meaningful_name": "ba57f95eba99722ebdeae433fc168d72.virus",
        "names": [
            "86EC70C27E5346700714DBAE2F10E168A08210E4",
            "ba57f95eba99722ebdeae433fc168d72.virus"
        ],
        "unique_sources": 4,
        "last_modification_date": 1708678478,
        "type_description": "Win32 EXE",
        "md5": "ba57f95eba99722ebdeae433fc168d72",
        "last_analysis_stats": {
            "malicious": 56,
            "suspicious": 0,
            "undetected": 12,
            "harmless": 0,
            "timeout": 1,
            "confirmed-timeout": 0,
            "failure": 0,
            "type-unsupported": 5
        },
        "last_submission_date": 1636385893,
        "vhash": "0240565d5d1d1d1068z2fbz35z1jz",
        "type_extension": "exe",
        "magic": "PE32 executable for MS Windows (GUI) Intel 80386 32-bit",
        "last_analysis_date": 1636385893,
        "tags": [
            "peexe"
        ],
        "creation_date": 1389351576,
        "sha256": "1e5525eb2b80ed57635f0922bc5d1c56812fb8e0da64a9333b0ba66c4411b6b4",
        "size": 28160,
        "first_submission_date": 1467302764,
        "authentihash": "4aa5752089bea0c01b33529bac5a58fa0a47baf9250f240ce221141c2b94caef",
        "times_submitted": 9,
        "last_analysis_results": {
            "Bkav": {
                "method": "blacklist",
                "engine_name": "Bkav",
                "engine_version": "1.3.0.9899",
                "engine_update": "20211106",
                "category": "malicious",
                "result": "W32.AIDetect.malware2"
            },
            "Lionic": {
                "method": "blacklist",
                "engine_name": "Lionic",
                "engine_version": "4.2",
                "engine_update": "20211108",
                "category": "malicious",
                "result": "Trojan.Win32.MiniDuke.m!c"
            },
            "Elastic": {
                "method": "blacklist",
                "engine_name": "Elastic",
                "engine_version": "4.0.29",
                "engine_update": "20211005",
                "category": "malicious",
                "result": "malicious (high confidence)"
            },
            "MicroWorld-eScan": {
                "method": "blacklist",
                "engine_name": "MicroWorld-eScan",
                "engine_version": "14.0.409.0",
                "engine_update": "20211108",
                "category": "malicious",
                "result": "Gen:Variant.Graftor.839191"
            },
            "FireEye": {
                "method": "blacklist",
                "engine_name": "FireEye",
                "engine_version": "32.44.1.0",
                "engine_update": "20211108",
                "category": "malicious",
                "result": "Generic.mg.ba57f95eba99722e"
            },
            "CAT-QuickHeal": {
                "method": "blacklist",
                "engine_name": "CAT-QuickHeal",
                "engine_version": "14.00",
                "engine_update": "20211108",
                "category": "undetected",
                "result": null
            },
            "ALYac": {
                "method": "blacklist",
                "engine_name": "ALYac",
                "engine_version": "1.1.3.1",
                "engine_update": "20211108",
                "category": "malicious",
                "result": "Backdoor.Miniduke"
            },
            "Malwarebytes": {
                "method": "blacklist",
                "engine_name": "Malwarebytes",
                "engine_version": "4.2.2.27",
                "engine_update": "20211108",
                "category": "malicious",
                "result": "Malware.AI.3478685401"
            },
            "Zillya": {
                "method": "blacklist",
                "engine_name": "Zillya",
                "engine_version": "2.0.0.4489",
                "engine_update": "20211105",
                "category": "malicious",
                "result": "Backdoor.MiniDuke.Win32.50"
            },
            "K7AntiVirus": {
                "method": "blacklist",
                "engine_name": "K7AntiVirus",
                "engine_version": "11.226.39226",
                "engine_update": "20211108",
                "category": "malicious",
                "result": "Trojan ( 0055e3dd1 )"
            },
            "BitDefender": {
                "method": "blacklist",
                "engine_name": "BitDefender",
                "engine_version": "7.2",
                "engine_update": "20211108",
                "category": "malicious",
                "result": "Gen:Variant.Graftor.839191"
            },
            "K7GW": {
                "method": "blacklist",
                "engine_name": "K7GW",
                "engine_version": "11.226.39226",
                "engine_update": "20211108",
                "category": "malicious",
                "result": "Trojan ( 0055e3dd1 )"
            },
            "Cybereason": {
                "method": "blacklist",
                "engine_name": "Cybereason",
                "engine_version": "1.2.449",
                "engine_update": "20210330",
                "category": "malicious",
                "result": "malicious.eba997"
            },
            "BitDefenderTheta": {
                "method": "blacklist",
                "engine_name": "BitDefenderTheta",
                "engine_version": "7.2.37796.0",
                "engine_update": "20211104",
                "category": "malicious",
                "result": "AI:Packer.A0F447591E"
            },
            "Cyren": {
                "method": "blacklist",
                "engine_name": "Cyren",
                "engine_version": "6.3.0.2",
                "engine_update": "20211108",
                "category": "undetected",
                "result": null
            },
            "Symantec": {
                "method": "blacklist",
                "engine_name": "Symantec",
                "engine_version": "1.16.0.0",
                "engine_update": "20211108",
                "category": "malicious",
                "result": "ML.Attribute.HighConfidence"
            },
            "ESET-NOD32": {
                "method": "blacklist",
                "engine_name": "ESET-NOD32",
                "engine_version": "24257",
                "engine_update": "20211108",
                "category": "malicious",
                "result": "a variant of Win32/Agent.OVM"
            },
            "Baidu": {
                "method": "blacklist",
                "engine_name": "Baidu",
                "engine_version": "1.0.0.2",
                "engine_update": "20190318",
                "category": "undetected",
                "result": null
            },
            "APEX": {
                "method": "blacklist",
                "engine_name": "APEX",
                "engine_version": "6.227",
                "engine_update": "20211107",
                "category": "malicious",
                "result": "Malicious"
            },
            "Paloalto": {
                "method": "blacklist",
                "engine_name": "Paloalto",
                "engine_version": "1.0",
                "engine_update": "20211108",
                "category": "malicious",
                "result": "generic.ml"
            },
            "ClamAV": {
                "method": "blacklist",
                "engine_name": "ClamAV",
                "engine_version": "0.104.1.0",
                "engine_update": "20211108",
                "category": "undetected",
                "result": null
            },
            "Kaspersky": {
                "method": "blacklist",
                "engine_name": "Kaspersky",
                "engine_version": "21.0.1.45",
                "engine_update": "20211108",
                "category": "malicious",
                "result": "Backdoor.Win32.MiniDuke.bu"
            },
            "Alibaba": {
                "method": "blacklist",
                "engine_name": "Alibaba",
                "engine_version": "0.3.0.5",
                "engine_update": "20190527",
                "category": "malicious",
                "result": "Backdoor:Win32/MiniDuke.211a9438"
            },
            "NANO-Antivirus": {
                "method": "blacklist",
                "engine_name": "NANO-Antivirus",
                "engine_version": "1.0.146.25409",
                "engine_update": "20211108",
                "category": "malicious",
                "result": "Trojan.Win32.Nitro.edmgtv"
            },
            "ViRobot": {
                "method": "blacklist",
                "engine_name": "ViRobot",
                "engine_version": "2014.3.20.0",
                "engine_update": "20211108",
                "category": "malicious",
                "result": "Trojan.Win32.Z.Agent.28160.AXM"
            },
            "Rising": {
                "method": "blacklist",
                "engine_name": "Rising",
                "engine_version": "25.0.0.26",
                "engine_update": "20211108",
                "category": "malicious",
                "result": "Trojan.Generic@ML.100 (RDML:DB4WuXMGHwQ+ZmW9upMY5A)"
            },
            "Ad-Aware": {
                "method": "blacklist",
                "engine_name": "Ad-Aware",
                "engine_version": "3.0.21.193",
                "engine_update": "20211108",
                "category": "malicious",
                "result": "Gen:Variant.Graftor.839191"
            },
            "TACHYON": {
                "method": "blacklist",
                "engine_name": "TACHYON",
                "engine_version": "2021-11-08.02",
                "engine_update": "20211108",
                "category": "malicious",
                "result": "Backdoor/W32.MiniDuke.28160"
            },
            "Emsisoft": {
                "method": "blacklist",
                "engine_name": "Emsisoft",
                "engine_version": "2021.5.0.7597",
                "engine_update": "20211108",
                "category": "malicious",
                "result": "Gen:Variant.Graftor.839191 (B)"
            },
            "Comodo": {
                "method": "blacklist",
                "engine_name": "Comodo",
                "engine_version": "34044",
                "engine_update": "20211102",
                "category": "malicious",
                "result": "Malware@#3410bb4hl2w7g"
            },
            "F-Secure": {
                "method": "blacklist",
                "engine_name": "F-Secure",
                "engine_version": "12.0.86.52",
                "engine_update": "20211108",
                "category": "undetected",
                "result": null
            },
            "DrWeb": {
                "method": "blacklist",
                "engine_name": "DrWeb",
                "engine_version": "7.0.52.8270",
                "engine_update": "20211108",
                "category": "malicious",
                "result": "Trojan.PWS.Nitro"
            },
            "VIPRE": {
                "method": "blacklist",
                "engine_name": "VIPRE",
                "engine_version": "96804",
                "engine_update": "20211108",
                "category": "malicious",
                "result": "Trojan.Win32.Generic!BT"
            },
            "TrendMicro": {
                "method": "blacklist",
                "engine_name": "TrendMicro",
                "engine_version": "11.0.0.1006",
                "engine_update": "20211108",
                "category": "malicious",
                "result": "TROJ_GEN.R002C0OJ121"
            },
            "McAfee-GW-Edition": {
                "method": "blacklist",
                "engine_name": "McAfee-GW-Edition",
                "engine_version": "v2019.1.2+3728",
                "engine_update": "20211108",
                "category": "malicious",
                "result": "BehavesLike.Win32.Backdoor.mm"
            },
            "CMC": {
                "method": "blacklist",
                "engine_name": "CMC",
                "engine_version": "2.10.2019.1",
                "engine_update": "20211026",
                "category": "undetected",
                "result": null
            },
            "Sophos": {
                "method": "blacklist",
                "engine_name": "Sophos",
                "engine_version": "1.4.1.0",
                "engine_update": "20211108",
                "category": "malicious",
                "result": "Mal/Generic-S"
            },
            "SentinelOne": {
                "method": "blacklist",
                "engine_name": "SentinelOne",
                "engine_version": "6.3.0.2",
                "engine_update": "20211028",
                "category": "malicious",
                "result": "Static AI - Malicious PE"
            },
            "Jiangmin": {
                "method": "blacklist",
                "engine_name": "Jiangmin",
                "engine_version": "16.0.100",
                "engine_update": "20211107",
                "category": "malicious",
                "result": "Backdoor.MiniDuke.bm"
            },
            "eGambit": {
                "method": "blacklist",
                "engine_name": "eGambit",
                "engine_version": null,
                "engine_update": "20211108",
                "category": "malicious",
                "result": "Unsafe.AI_Score_97%"
            },
            "Avira": {
                "method": "blacklist",
                "engine_name": "Avira",
                "engine_version": "8.3.3.12",
                "engine_update": "20211108",
                "category": "malicious",
                "result": "TR/Agent.qnka"
            },
            "Antiy-AVL": {
                "method": "blacklist",
                "engine_name": "Antiy-AVL",
                "engine_version": "3.0.0.1",
                "engine_update": "20211108",
                "category": "malicious",
                "result": "Trojan/Generic.ASMalwS.1987DB8"
            },
            "Kingsoft": {
                "method": "blacklist",
                "engine_name": "Kingsoft",
                "engine_version": "2017.9.26.565",
                "engine_update": "20211108",
                "category": "malicious",
                "result": "Win32.Heur.KVMH008.a.(kcloud)"
            },
            "Microsoft": {
                "method": "blacklist",
                "engine_name": "Microsoft",
                "engine_version": "1.1.18700.4",
                "engine_update": "20211108",
                "category": "malicious",
                "result": "Trojan:Win32/Dynamer!ac"
            },
            "Gridinsoft": {
                "method": "blacklist",
                "engine_name": "Gridinsoft",
                "engine_version": "1.0.61.160",
                "engine_update": "20211108",
                "category": "malicious",
                "result": "Trojan.Heur!.02006021"
            },
            "Arcabit": {
                "method": "blacklist",
                "engine_name": "Arcabit",
                "engine_version": "1.0.0.888",
                "engine_update": "20211108",
                "category": "undetected",
                "result": null
            },
            "SUPERAntiSpyware": {
                "method": "blacklist",
                "engine_name": "SUPERAntiSpyware",
                "engine_version": "5.6.0.1032",
                "engine_update": "20211106",
                "category": "undetected",
                "result": null
            },
            "ZoneAlarm": {
                "method": "blacklist",
                "engine_name": "ZoneAlarm",
                "engine_version": "1.0",
                "engine_update": "20211102",
                "category": "undetected",
                "result": null
            },
            "GData": {
                "method": "blacklist",
                "engine_name": "GData",
                "engine_version": "A:25.31287B:27.25078",
                "engine_update": "20211108",
                "category": "malicious",
                "result": "Gen:Variant.Graftor.839191"
            },
            "Cynet": {
                "method": "blacklist",
                "engine_name": "Cynet",
                "engine_version": "4.0.0.27",
                "engine_update": "20211108",
                "category": "malicious",
                "result": "Malicious (score: 100)"
            },
            "AhnLab-V3": {
                "method": "blacklist",
                "engine_name": "AhnLab-V3",
                "engine_version": "3.21.1.10219",
                "engine_update": "20211108",
                "category": "malicious",
                "result": "Malware/Win32.Generic.C2325420"
            },
            "Acronis": {
                "method": "blacklist",
                "engine_name": "Acronis",
                "engine_version": "1.1.1.82",
                "engine_update": "20210512",
                "category": "malicious",
                "result": "suspicious"
            },
            "McAfee": {
                "method": "blacklist",
                "engine_name": "McAfee",
                "engine_version": "6.0.6.653",
                "engine_update": "20211108",
                "category": "malicious",
                "result": "GenericRXMH-SD!BA57F95EBA99"
            },
            "MAX": {
                "method": "blacklist",
                "engine_name": "MAX",
                "engine_version": "2019.9.16.1",
                "engine_update": "20211108",
                "category": "malicious",
                "result": "malware (ai score=100)"
            },
            "VBA32": {
                "method": "blacklist",
                "engine_name": "VBA32",
                "engine_version": "5.0.0",
                "engine_update": "20211108",
                "category": "malicious",
                "result": "suspected of Trojan.Downloader.gen"
            },
            "Cylance": {
                "method": "blacklist",
                "engine_name": "Cylance",
                "engine_version": "2.3.1.101",
                "engine_update": "20211108",
                "category": "malicious",
                "result": "Unsafe"
            },
            "Panda": {
                "method": "blacklist",
                "engine_name": "Panda",
                "engine_version": "4.6.4.2",
                "engine_update": "20211108",
                "category": "malicious",
                "result": "Trj/Genetic.gen"
            },
            "Zoner": {
                "method": "blacklist",
                "engine_name": "Zoner",
                "engine_version": "0.0.0.0",
                "engine_update": "20211107",
                "category": "undetected",
                "result": null
            },
            "TrendMicro-HouseCall": {
                "method": "blacklist",
                "engine_name": "TrendMicro-HouseCall",
                "engine_version": "10.0.0.1040",
                "engine_update": "20211108",
                "category": "malicious",
                "result": "TROJ_GEN.R002C0OJ121"
            },
            "Tencent": {
                "method": "blacklist",
                "engine_name": "Tencent",
                "engine_version": "1.0.0.1",
                "engine_update": "20211108",
                "category": "malicious",
                "result": "Win32.Backdoor.Miniduke.Pgct"
            },
            "Yandex": {
                "method": "blacklist",
                "engine_name": "Yandex",
                "engine_version": "5.5.2.24",
                "engine_update": "20211108",
                "category": "malicious",
                "result": "Trojan.GenAsa!DneXt9G5zo0"
            },
            "Ikarus": {
                "method": "blacklist",
                "engine_name": "Ikarus",
                "engine_version": "0.1.5.2",
                "engine_update": "20211108",
                "category": "malicious",
                "result": "Trojan.Win32.Agent"
            },
            "MaxSecure": {
                "method": "blacklist",
                "engine_name": "MaxSecure",
                "engine_version": "1.0.0.1",
                "engine_update": "20211108",
                "category": "undetected",
                "result": null
            },
            "Fortinet": {
                "method": "blacklist",
                "engine_name": "Fortinet",
                "engine_version": "6.2.142.0",
                "engine_update": "20211108",
                "category": "malicious",
                "result": "W32/Agent.OVM!tr"
            },
            "Webroot": {
                "method": "blacklist",
                "engine_name": "Webroot",
                "engine_version": "1.0.0.403",
                "engine_update": "20211108",
                "category": "undetected",
                "result": null
            },
            "AVG": {
                "method": "blacklist",
                "engine_name": "AVG",
                "engine_version": "21.1.5827.0",
                "engine_update": "20211108",
                "category": "malicious",
                "result": "Win32:MiniDuke-J [Trj]"
            },
            "Avast": {
                "method": "blacklist",
                "engine_name": "Avast",
                "engine_version": "21.1.5827.0",
                "engine_update": "20211108",
                "category": "malicious",
                "result": "Win32:MiniDuke-J [Trj]"
            },
            "CrowdStrike": {
                "method": "blacklist",
                "engine_name": "CrowdStrike",
                "engine_version": "1.0",
                "engine_update": "20210203",
                "category": "malicious",
                "result": "win/malicious_confidence_100% (W)"
            },
            "Sangfor": {
                "method": "blacklist",
                "engine_name": "Sangfor",
                "engine_version": "2.9.0.0",
                "engine_update": "20211103",
                "category": "timeout",
                "result": null
            },
            "Trapmine": {
                "method": "blacklist",
                "engine_name": "Trapmine",
                "engine_version": "3.5.0.1023",
                "engine_update": "20200727",
                "category": "type-unsupported",
                "result": null
            },
            "Trustlook": {
                "method": "blacklist",
                "engine_name": "Trustlook",
                "engine_version": "1.0",
                "engine_update": "20211108",
                "category": "type-unsupported",
                "result": null
            },
            "SymantecMobileInsight": {
                "method": "blacklist",
                "engine_name": "SymantecMobileInsight",
                "engine_version": "2.0",
                "engine_update": "20210126",
                "category": "type-unsupported",
                "result": null
            },
            "BitDefenderFalx": {
                "method": "blacklist",
                "engine_name": "BitDefenderFalx",
                "engine_version": "2.0.936",
                "engine_update": "20210610",
                "category": "type-unsupported",
                "result": null
            },
            "Avast-Mobile": {
                "method": "blacklist",
                "engine_name": "Avast-Mobile",
                "engine_version": "211108-00",
                "engine_update": "20211108",
                "category": "type-unsupported",
                "result": null
            }
        },
        "sha1": "86ec70c27e5346700714dbae2f10e168a08210e4",
        "reputation": 0,
        "total_votes": {
            "harmless": 0,
            "malicious": 0
        },
        "type_tags": [
            "executable",
            "windows",
            "win32",
            "pe",
            "peexe"
        ],
        "type_tag": "peexe",
        "ssdeep": "384:p6c5zfZlmbecEu/MQv2kT5MZOKVb6/Lm2rX8fGntNmk+tAq/j7LRj6JxKf8rnwHA:p6a0MZtQXftNqtAUj7dj6JxKkuwh+A",
        "tlsh": "T1ABC2C76116C6A169CAF301B7CBBD06AFCF1953B91700F6DB62EC0D9563A47E23E30066"
    },
    "id": "1e5525eb2b80ed57635f0922bc5d1c56812fb8e0da64a9333b0ba66c4411b6b4"
}