{
    "SourceFile": "C:/Users/ricewater/Documents/MITREandCrowdstrikeApr2024Samples/1e5525eb2b80ed57635f0922bc5d1c56812fb8e0da64a9333b0ba66c4411b6b4/1e5525eb2b80ed57635f0922bc5d1c56812fb8e0da64a9333b0ba66c4411b6b4",
    "ExifToolVersion": 12.4,
    "FileName": "1e5525eb2b80ed57635f0922bc5d1c56812fb8e0da64a9333b0ba66c4411b6b4",
    "Directory": "C:/Users/ricewater/Documents/MITREandCrowdstrikeApr2024Samples/1e5525eb2b80ed57635f0922bc5d1c56812fb8e0da64a9333b0ba66c4411b6b4",
    "FileSize": "28 KiB",
    "FileModifyDate": "2024:04:02 20:53:59+02:00",
    "FileAccessDate": "2024:04:04 06:47:40+02:00",
    "FileCreateDate": "2024:04:03 17:50:59+02:00",
    "FilePermissions": "-rw-rw-rw-",
    "FileType": "Win32 EXE",
    "FileTypeExtension": "exe",
    "MIMEType": "application/octet-stream",
    "MachineType": "Intel 386 or later, and compatibles",
    "TimeStamp": "2014:01:10 11:59:36+01:00",
    "ImageFileCharacteristics": "No relocs, Executable, 32-bit",
    "PEType": "PE32",
    "LinkerVersion": 8.0,
    "CodeSize": 22528,
    "InitializedDataSize": 4608,
    "UninitializedDataSize": 0,
    "EntryPoint": "0x5cd0",
    "OSVersion": 4.0,
    "ImageVersion": 0.0,
    "SubsystemVersion": 4.0,
    "Subsystem": "Windows GUI",
    "Warning": "Error processing PE data dictionary"
}