{"analysis": {"enable_decoded_strings": false, "enable_stack_strings": false, "enable_static_strings": true, "enable_tight_strings": false, "functions": {"analyzed_decoded_strings": 0, "analyzed_stack_strings": 0, "analyzed_tight_strings": 0, "decoding_function_scores": {}, "discovered": 0, "library": 0}}, "metadata": {"file_path": "C:\\Users\\ricewater\\Documents\\MITREandCrowdstrikeApr2024Samples\\1e5525eb2b80ed57635f0922bc5d1c56812fb8e0da64a9333b0ba66c4411b6b4\\1e5525eb2b80ed57635f0922bc5d1c56812fb8e0da64a9333b0ba66c4411b6b4", "imagebase": 0, "min_length": 7, "runtime": {"decoded_strings": 0.0, "find_features": 0.0, "stack_strings": 0.0, "start_date": "2024-04-04T06:47:40.537207Z", "static_strings": 0.0156, "tight_strings": 0.0, "total": 0.0156, "vivisect": 0.0}, "version": "v2.2.0-0-g783dd8f"}, "strings": {"decoded_strings": [], "stack_strings": [], "static_strings": [{"encoding": "ASCII", "offset": 77, "string": "!This program cannot be run in DOS mode."}, {"encoding": "ASCII", "offset": 495, "string": "`.rdata"}, {"encoding": "ASCII", "offset": 23808, "string": "%5d Error: %s"}, {"encoding": "ASCII", "offset": 23824, "string": "%5d Error: %s"}, {"encoding": "ASCII", "offset": 23864, "string": " <DIR>         "}, {"encoding": "ASCII", "offset": 23880, "string": "%10s %8s %s %s"}, {"encoding": "ASCII", "offset": 24016, "string": "pid %5d terminated"}, {"encoding": "ASCII", "offset": 24044, "string": "pid %5d"}, {"encoding": "ASCII", "offset": 24064, "string": "id: 0x%08X"}, {"encoding": "ASCII", "offset": 24075, "string": "host: %s"}, {"encoding": "ASCII", "offset": 24084, "string": "port: %d"}, {"encoding": "ASCII", "offset": 24093, "string": "delay: %d"}, {"encoding": "ASCII", "offset": 24120, "string": "uptime %5d.%02dh"}, {"encoding": "ASCII", "offset": 24172, "string": "Exiting..."}, {"encoding": "ASCII", "offset": 24216, "string": "Zero length file refused %s"}, {"encoding": "ASCII", "offset": 24244, "string": "Saved %d bytes to %s"}, {"encoding": "ASCII", "offset": 24400, "string": "01234567"}, {"encoding": "ASCII", "offset": 24416, "string": "ABCDEFGHIJKLMNOPQRSTUVWXYZabcdefghijklmnopqrstuvwxyz0123456789~$"}, {"encoding": "ASCII", "offset": 24484, "string": "<local>"}, {"encoding": "ASCII", "offset": 24504, "string": "Mozilla/4.0 (compatible; MSIE 8.0; Windows NT 6.1; Trident/6.0; SLCC2; .NET CLR 2.0.50727; .NET CLR 3.5.30729; .NET CLR 3.0.30729; Media Center PC 6.0; .NET4.0C; .NET4.0E)"}, {"encoding": "ASCII", "offset": 24880, "string": "R86$:NE"}, {"encoding": "ASCII", "offset": 25262, "string": "wnsprintfA"}, {"encoding": "ASCII", "offset": 25274, "string": "SHLWAPI.dll"}, {"encoding": "ASCII", "offset": 25288, "string": "GetModuleFileNameExA"}, {"encoding": "ASCII", "offset": 25312, "string": "EnumProcessModules"}, {"encoding": "ASCII", "offset": 25334, "string": "EnumProcesses"}, {"encoding": "ASCII", "offset": 25348, "string": "PSAPI.DLL"}, {"encoding": "ASCII", "offset": 25360, "string": "CloseHandle"}, {"encoding": "ASCII", "offset": 25374, "string": "FormatMessageA"}, {"encoding": "ASCII", "offset": 25392, "string": "GetLastError"}, {"encoding": "ASCII", "offset": 25408, "string": "OpenProcess"}, {"encoding": "ASCII", "offset": 25422, "string": "ReadFile"}, {"encoding": "ASCII", "offset": 25434, "string": "lstrlenA"}, {"encoding": "ASCII", "offset": 25446, "string": "CreateFileA"}, {"encoding": "ASCII", "offset": 25460, "string": "lstrcmpA"}, {"encoding": "ASCII", "offset": 25472, "string": "TerminateProcess"}, {"encoding": "ASCII", "offset": 25492, "string": "FindClose"}, {"encoding": "ASCII", "offset": 25504, "string": "FindNextFileA"}, {"encoding": "ASCII", "offset": 25520, "string": "FindFirstFileA"}, {"encoding": "ASCII", "offset": 25538, "string": "lstrcpyA"}, {"encoding": "ASCII", "offset": 25550, "string": "GetDateFormatA"}, {"encoding": "ASCII", "offset": 25568, "string": "GetTimeFormatA"}, {"encoding": "ASCII", "offset": 25586, "string": "FileTimeToSystemTime"}, {"encoding": "ASCII", "offset": 25610, "string": "lstrcatA"}, {"encoding": "ASCII", "offset": 25622, "string": "GetDriveTypeA"}, {"encoding": "ASCII", "offset": 25638, "string": "GetLogicalDriveStringsA"}, {"encoding": "ASCII", "offset": 25664, "string": "GetCurrentProcessId"}, {"encoding": "ASCII", "offset": 25686, "string": "GetComputerNameA"}, {"encoding": "ASCII", "offset": 25706, "string": "GetModuleFileNameA"}, {"encoding": "ASCII", "offset": 25728, "string": "GetTickCount"}, {"encoding": "ASCII", "offset": 25744, "string": "GetTempPathA"}, {"encoding": "ASCII", "offset": 25760, "string": "CreateProcessA"}, {"encoding": "ASCII", "offset": 25778, "string": "CreateDirectoryA"}, {"encoding": "ASCII", "offset": 25798, "string": "RemoveDirectoryA"}, {"encoding": "ASCII", "offset": 25818, "string": "SetCurrentDirectoryA"}, {"encoding": "ASCII", "offset": 25842, "string": "GetCurrentDirectoryA"}, {"encoding": "ASCII", "offset": 25866, "string": "DeleteFileA"}, {"encoding": "ASCII", "offset": 25880, "string": "CopyFileA"}, {"encoding": "ASCII", "offset": 25892, "string": "MoveFileA"}, {"encoding": "ASCII", "offset": 25904, "string": "PeekNamedPipe"}, {"encoding": "ASCII", "offset": 25920, "string": "WaitForSingleObject"}, {"encoding": "ASCII", "offset": 25942, "string": "ResumeThread"}, {"encoding": "ASCII", "offset": 25958, "string": "GetCurrentDirectoryW"}, {"encoding": "ASCII", "offset": 25982, "string": "MultiByteToWideChar"}, {"encoding": "ASCII", "offset": 26004, "string": "CreatePipe"}, {"encoding": "ASCII", "offset": 26018, "string": "WriteFile"}, {"encoding": "ASCII", "offset": 26030, "string": "GetProcessHeap"}, {"encoding": "ASCII", "offset": 26048, "string": "HeapAlloc"}, {"encoding": "ASCII", "offset": 26060, "string": "HeapFree"}, {"encoding": "ASCII", "offset": 26080, "string": "ExitThread"}, {"encoding": "ASCII", "offset": 26094, "string": "GetProcAddress"}, {"encoding": "ASCII", "offset": 26112, "string": "LoadLibraryA"}, {"encoding": "ASCII", "offset": 26128, "string": "SetErrorMode"}, {"encoding": "ASCII", "offset": 26142, "string": "KERNEL32.dll"}, {"encoding": "ASCII", "offset": 26158, "string": "GetUserNameA"}, {"encoding": "ASCII", "offset": 26174, "string": "CreateProcessWithLogonW"}, {"encoding": "ASCII", "offset": 26200, "string": "RegCloseKey"}, {"encoding": "ASCII", "offset": 26214, "string": "RegSetValueExA"}, {"encoding": "ASCII", "offset": 26232, "string": "RegQueryValueExA"}, {"encoding": "ASCII", "offset": 26252, "string": "RegCreateKeyA"}, {"encoding": "ASCII", "offset": 26266, "string": "ADVAPI32.dll"}, {"encoding": "ASCII", "offset": 27136, "string": "store.extremesportsevents.net"}, {"encoding": "ASCII", "offset": 27168, "string": "/index.php"}], "tight_strings": []}}