{
    "Date of compilation": "Jan 10 2014 at 10:59:36",
    "Imphash": "ea7f2b7a46f7b32956292c37180dad8a",
    "Optional header": {
        "addressof_entrypoint": 23760,
        "baseof_code": 4096,
        "baseof_data": 28672,
        "checksum": 0,
        "computed_checksum": 79653,
        "dll_characteristics": 1024,
        "dll_characteristics_lists": [
            {
                "NO_SEH": 1024
            }
        ],
        "file_alignment": 512,
        "imagebase": 4194304,
        "loader_flags": 0,
        "magic": {
            "PE32": 267
        },
        "major_image_version": 0,
        "major_linker_version": 8,
        "major_operating_system_version": 4,
        "major_subsystem_version": 4,
        "minor_image_version": 0,
        "minor_linker_version": 0,
        "minor_operating_system_version": 0,
        "minor_subsystem_version": 0,
        "numberof_rva_and_size": 16,
        "section_alignment": 4096,
        "sizeof_code": 22528,
        "sizeof_headers": 1024,
        "sizeof_heap_commit": 4096,
        "sizeof_heap_reserve": 1048576,
        "sizeof_image": 45056,
        "sizeof_initialized_data": 4608,
        "sizeof_stack_commit": 4096,
        "sizeof_stack_reserve": 1048576,
        "sizeof_uninitialized_data": 0,
        "subsystem": {
            "WINDOWS_GUI": 2
        },
        "win32_version_value": 0
    },
    "Platform": "EXEfile",
    "CPU type": "MACHINE_TYPES.I386",
    "File type": "Unknown",
    "Entrypoint": 4218064,
    "Number of sections": 5,
    "Sections": [
        {
            "Name": ".text",
            "Virtual address": "0x1000",
            "Virtual size": "22058  bytes",
            "Offset": "0x400",
            "Size": "22528  bytes",
            "Entropy": 6.0581
        },
        {
            "Name": ".rdata",
            "Virtual address": "0x7000",
            "Virtual size": "2728   bytes",
            "Offset": "0x5c00",
            "Size": "3072   bytes",
            "Entropy": 5.6733
        },
        {
            "Name": ".data",
            "Virtual address": "0x8000",
            "Virtual size": "112    bytes",
            "Offset": "0x6800",
            "Size": "512    bytes",
            "Entropy": 0.0736
        },
        {
            "Name": ".data",
            "Virtual address": "0x9000",
            "Virtual size": "51     bytes",
            "Offset": "0x6a00",
            "Size": "512    bytes",
            "Entropy": 3.9022
        },
        {
            "Name": ".wdata",
            "Virtual address": "0xa000",
            "Virtual size": "132    bytes",
            "Offset": "0x6c00",
            "Size": "512    bytes",
            "Entropy": 3.6942
        }
    ],
    "Imported functions": [
        "wnsprintfA",
        "EnumProcesses",
        "EnumProcessModules",
        "GetModuleFileNameExA",
        "FormatMessageA",
        "GetLastError",
        "OpenProcess",
        "ReadFile",
        "lstrlenA",
        "CreateFileA",
        "lstrcmpA",
        "TerminateProcess",
        "FindClose",
        "FindNextFileA",
        "FindFirstFileA",
        "lstrcpyA",
        "GetDateFormatA",
        "GetTimeFormatA",
        "FileTimeToSystemTime",
        "lstrcatA",
        "GetDriveTypeA",
        "GetLogicalDriveStringsA",
        "GetCurrentProcessId",
        "GetComputerNameA",
        "CloseHandle",
        "GetTickCount",
        "GetTempPathA",
        "CreateProcessA",
        "CreateDirectoryA",
        "RemoveDirectoryA",
        "SetCurrentDirectoryA",
        "GetCurrentDirectoryA",
        "DeleteFileA",
        "CopyFileA",
        "MoveFileA",
        "PeekNamedPipe",
        "WaitForSingleObject",
        "ResumeThread",
        "GetCurrentDirectoryW",
        "MultiByteToWideChar",
        "CreatePipe",
        "WriteFile",
        "GetProcessHeap",
        "HeapAlloc",
        "HeapFree",
        "Sleep",
        "ExitThread",
        "GetProcAddress",
        "LoadLibraryA",
        "SetErrorMode",
        "GetModuleFileNameA",
        "RegCreateKeyA",
        "RegQueryValueExA",
        "RegSetValueExA",
        "RegCloseKey",
        "CreateProcessWithLogonW",
        "GetUserNameA"
    ],
    "Exported functions": [],
    "Libraries": [
        "SHLWAPI.dll",
        "PSAPI.DLL",
        "KERNEL32.dll",
        "ADVAPI32.dll"
    ],
    "Imports Name": [
        "SHLWAPI.dll",
        "PSAPI.DLL",
        "KERNEL32.dll",
        "ADVAPI32.dll"
    ],
    "Imports Function IAT": [
        "0x70ec",
        "0x70dc",
        "0x70e0",
        "0x70e4",
        "0x701c",
        "0x7020",
        "0x7024",
        "0x7028",
        "0x702c",
        "0x7030",
        "0x7034",
        "0x7038",
        "0x703c",
        "0x7040",
        "0x7044",
        "0x7048",
        "0x704c",
        "0x7050",
        "0x7054",
        "0x7058",
        "0x705c",
        "0x7060",
        "0x7064",
        "0x7068",
        "0x706c",
        "0x7070",
        "0x7074",
        "0x7078",
        "0x707c",
        "0x7080",
        "0x7084",
        "0x7088",
        "0x708c",
        "0x7090",
        "0x7094",
        "0x7098",
        "0x709c",
        "0x70a0",
        "0x70a4",
        "0x70a8",
        "0x70ac",
        "0x70b0",
        "0x70b4",
        "0x70b8",
        "0x70bc",
        "0x70c0",
        "0x70c4",
        "0x70c8",
        "0x70cc",
        "0x70d0",
        "0x70d4",
        "0x7000",
        "0x7004",
        "0x7008",
        "0x700c",
        "0x7010",
        "0x7014"
    ],
    "Imports Function name": [
        "wnsprintfA",
        "EnumProcesses",
        "EnumProcessModules",
        "GetModuleFileNameExA",
        "FormatMessageA",
        "GetLastError",
        "OpenProcess",
        "ReadFile",
        "lstrlenA",
        "CreateFileA",
        "lstrcmpA",
        "TerminateProcess",
        "FindClose",
        "FindNextFileA",
        "FindFirstFileA",
        "lstrcpyA",
        "GetDateFormatA",
        "GetTimeFormatA",
        "FileTimeToSystemTime",
        "lstrcatA",
        "GetDriveTypeA",
        "GetLogicalDriveStringsA",
        "GetCurrentProcessId",
        "GetComputerNameA",
        "CloseHandle",
        "GetTickCount",
        "GetTempPathA",
        "CreateProcessA",
        "CreateDirectoryA",
        "RemoveDirectoryA",
        "SetCurrentDirectoryA",
        "GetCurrentDirectoryA",
        "DeleteFileA",
        "CopyFileA",
        "MoveFileA",
        "PeekNamedPipe",
        "WaitForSingleObject",
        "ResumeThread",
        "GetCurrentDirectoryW",
        "MultiByteToWideChar",
        "CreatePipe",
        "WriteFile",
        "GetProcessHeap",
        "HeapAlloc",
        "HeapFree",
        "Sleep",
        "ExitThread",
        "GetProcAddress",
        "LoadLibraryA",
        "SetErrorMode",
        "GetModuleFileNameA",
        "RegCreateKeyA",
        "RegQueryValueExA",
        "RegSetValueExA",
        "RegCloseKey",
        "CreateProcessWithLogonW",
        "GetUserNameA"
    ]
}