{
    "type": "file",
    "attributes": {
        "last_analysis_stats": {
            "malicious": 45,
            "suspicious": 0,
            "undetected": 23,
            "harmless": 0,
            "timeout": 0,
            "confirmed-timeout": 0,
            "failure": 0,
            "type-unsupported": 5
        },
        "last_modification_date": 1710510245,
        "last_analysis_date": 1658985621,
        "first_submission_date": 1515978264,
        "vhash": "144056655d15555048z517z3025z1041z21z6az1",
        "type_description": "Win32 DLL",
        "ssdeep": "768:1IzFCs23GHa6MdiXr0heXvGnTEDMbaP0N+vxM+6T3Ap:1IzAsIWOqrUMIDb1eJqy",
        "pe_info": {
            "timestamp": 1516037488,
            "imphash": "64400f452e2f60305c341e08f217b02c",
            "machine_type": 332,
            "entry_point": 12118,
            "resource_details": [
                {
                    "lang": "ENGLISH US",
                    "chi2": 3958.65,
                    "filetype": "unknown",
                    "entropy": 4.795973777770996,
                    "sha256": "49a60be4b95b6d30da355a0c124af82b35000bce8f24f957d1c09ead47544a1e",
                    "type": "RT_MANIFEST"
                }
            ],
            "resource_langs": {
                "ENGLISH US": 1
            },
            "resource_types": {
                "RT_MANIFEST": 1
            },
            "sections": [
                {
                    "name": ".text",
                    "chi2": 184202.95,
                    "virtual_address": 4096,
                    "flags": "rx",
                    "raw_size": 25088,
                    "entropy": 6.39,
                    "virtual_size": 25026,
                    "md5": "b3867667cf7fe06897dacdc1b0320b6e"
                },
                {
                    "name": ".rdata",
                    "chi2": 486782.72,
                    "virtual_address": 32768,
                    "flags": "r",
                    "raw_size": 10752,
                    "entropy": 4.82,
                    "virtual_size": 10329,
                    "md5": "c8795eea3adbc86bdcceb13f6bc8656b"
                },
                {
                    "name": ".data",
                    "chi2": 386839.47,
                    "virtual_address": 45056,
                    "flags": "rw",
                    "raw_size": 3072,
                    "entropy": 2.7,
                    "virtual_size": 7836,
                    "md5": "43124c444b04048595b506470991a272"
                },
                {
                    "name": ".rsrc",
                    "chi2": 5214.0,
                    "virtual_address": 53248,
                    "flags": "r",
                    "raw_size": 512,
                    "entropy": 5.11,
                    "virtual_size": 436,
                    "md5": "a09ee0743bee58fbe63a9a50c1d3f79b"
                },
                {
                    "name": ".reloc",
                    "chi2": 74597.12,
                    "virtual_address": 57344,
                    "flags": "r",
                    "raw_size": 3072,
                    "entropy": 5.58,
                    "virtual_size": 2750,
                    "md5": "0eb9d26b4d6999e9d96051f9965a24ab"
                }
            ],
            "exports": [
                "ServiceMain"
            ],
            "compiler_product_versions": [
                "[C++] VS2010 build 30319 count=9",
                "[ASM] VS2010 build 30319 count=8",
                "[ C ] VS2010 build 30319 count=55",
                "[ C ] VS2008 SP1 build 30729 count=1",
                "[IMP] VS2008 SP1 build 30729 count=17",
                "[---] Unmarked objects count=113",
                "id: 175, version: 30319 count=3",
                "[EXP] VS2010 build 30319 count=1",
                "[LNK] VS2010 build 30319 count=1"
            ],
            "rich_pe_header_hash": "59d0e4fcde1418f8bbb22cd90ce49be7",
            "import_list": [
                {
                    "library_name": "WININET.dll",
                    "imported_functions": [
                        "FtpDeleteFileA",
                        "FtpFindFirstFileA",
                        "FtpGetFileA",
                        "FtpPutFileA",
                        "InternetCloseHandle",
                        "InternetFindNextFileA"
                    ]
                },
                {
                    "library_name": "ADVAPI32.dll",
                    "imported_functions": [
                        "CreateProcessAsUserA",
                        "OpenProcessToken",
                        "RegisterServiceCtrlHandlerA",
                        "SetServiceStatus"
                    ]
                },
                {
                    "library_name": "KERNEL32.dll",
                    "imported_functions": [
                        "CloseHandle",
                        "CopyFileA",
                        "CreateEventA",
                        "CreateFileA",
                        "CreateFileW",
                        "CreateMutexA",
                        "DecodePointer",
                        "DeleteCriticalSection",
                        "DeleteFileA",
                        "EncodePointer",
                        "EnterCriticalSection",
                        "ExitProcess",
                        "FreeEnvironmentStringsW",
                        "GetACP",
                        "GetCommandLineA",
                        "GetCPInfo",
                        "GetCurrentDirectoryW",
                        "GetCurrentProcess",
                        "GetCurrentProcessId",
                        "GetCurrentThreadId",
                        "GetEnvironmentStringsW",
                        "GetFileSize",
                        "GetFileType",
                        "GetLastError",
                        "GetLocalTime",
                        "GetModuleFileNameA",
                        "GetModuleFileNameW",
                        "GetModuleHandleA",
                        "GetModuleHandleW",
                        "GetOEMCP",
                        "GetProcAddress",
                        "GetStartupInfoW",
                        "GetStdHandle",
                        "GetStringTypeW",
                        "GetSystemTimeAsFileTime",
                        "GetTickCount",
                        "HeapAlloc",
                        "HeapCreate",
                        "HeapDestroy",
                        "HeapFree",
                        "HeapReAlloc",
                        "HeapSize",
                        "InitializeCriticalSectionAndSpinCount",
                        "InterlockedDecrement",
                        "InterlockedIncrement",
                        "IsDebuggerPresent",
                        "IsProcessorFeaturePresent",
                        "IsValidCodePage",
                        "LCMapStringW",
                        "LeaveCriticalSection",
                        "LoadLibraryW",
                        "LocalAlloc",
                        "LocalFree",
                        "lstrcatA",
                        "lstrcatW",
                        "lstrcmpiA",
                        "lstrcpyA",
                        "lstrcpynA",
                        "lstrcpyW",
                        "lstrlenA",
                        "MultiByteToWideChar",
                        "OpenProcess",
                        "OutputDebugStringA",
                        "QueryPerformanceCounter",
                        "ReadFile",
                        "RtlUnwind",
                        "SetCurrentDirectoryA",
                        "SetEvent",
                        "SetHandleCount",
                        "SetLastError",
                        "SetUnhandledExceptionFilter",
                        "Sleep",
                        "TerminateProcess",
                        "TlsAlloc",
                        "TlsFree",
                        "TlsGetValue",
                        "TlsSetValue",
                        "UnhandledExceptionFilter",
                        "WaitForSingleObject",
                        "WideCharToMultiByte",
                        "WriteFile"
                    ]
                },
                {
                    "library_name": "OLEAUT32.dll",
                    "imported_functions": [
                        "VariantClear",
                        "VariantInit"
                    ]
                },
                {
                    "library_name": "SHELL32.dll",
                    "imported_functions": [
                        "SHGetFolderPathA"
                    ]
                },
                {
                    "library_name": "ole32.dll",
                    "imported_functions": [
                        "CoCreateInstance",
                        "OleInitialize",
                        "OleUninitialize"
                    ]
                },
                {
                    "library_name": "SHLWAPI.dll",
                    "imported_functions": [
                        "StrChrA",
                        "StrRChrA",
                        "StrRChrW",
                        "StrStrA"
                    ]
                },
                {
                    "library_name": "USER32.dll",
                    "imported_functions": [
                        "CharLowerA",
                        "wsprintfA"
                    ]
                }
            ]
        },
        "sha256": "24eb02947168753e8215661d2f1a38304a227cb798baab3882d504394127a7d5",
        "tlsh": "T175133B01768084B3F2A6113470F99652997FBC9137F450CB3FBA197E6FB16D09A78326",
        "meaningful_name": "4017ce64f321fd1b75c9bb7815bde12a.virus",
        "magic": "PE32 executable for MS Windows (DLL) (GUI) Intel 80386 32-bit",
        "total_votes": {
            "harmless": 0,
            "malicious": 0
        },
        "unique_sources": 5,
        "first_seen_itw_date": 1516069888,
        "trid": [
            {
                "file_type": "Win32 Executable MS Visual C++ (generic)",
                "probability": 48.8
            },
            {
                "file_type": "Win64 Executable (generic)",
                "probability": 16.4
            },
            {
                "file_type": "Win32 Dynamic Link Library (generic)",
                "probability": 10.2
            },
            {
                "file_type": "Win16 NE executable (generic)",
                "probability": 7.8
            },
            {
                "file_type": "Win32 Executable (generic)",
                "probability": 7.0
            }
        ],
        "last_analysis_results": {
            "Bkav": {
                "method": "blacklist",
                "engine_name": "Bkav",
                "engine_version": "1.3.0.9899",
                "engine_update": "20220728",
                "category": "malicious",
                "result": "W32.SysconDHE.Trojan"
            },
            "Lionic": {
                "method": "blacklist",
                "engine_name": "Lionic",
                "engine_version": "7.5",
                "engine_update": "20220728",
                "category": "undetected",
                "result": null
            },
            "tehtris": {
                "method": "blacklist",
                "engine_name": "tehtris",
                "engine_version": "v0.1.4",
                "engine_update": "20220728",
                "category": "undetected",
                "result": null
            },
            "MicroWorld-eScan": {
                "method": "blacklist",
                "engine_name": "MicroWorld-eScan",
                "engine_version": "14.0.409.0",
                "engine_update": "20220728",
                "category": "malicious",
                "result": "Trojan.GenericKD.61057953"
            },
            "FireEye": {
                "method": "blacklist",
                "engine_name": "FireEye",
                "engine_version": "35.24.1.0",
                "engine_update": "20220728",
                "category": "malicious",
                "result": "Generic.mg.4017ce64f321fd1b"
            },
            "CAT-QuickHeal": {
                "method": "blacklist",
                "engine_name": "CAT-QuickHeal",
                "engine_version": "14.00",
                "engine_update": "20220727",
                "category": "undetected",
                "result": null
            },
            "McAfee": {
                "method": "blacklist",
                "engine_name": "McAfee",
                "engine_version": "6.0.6.653",
                "engine_update": "20220728",
                "category": "malicious",
                "result": "Trojan-FPFU!4017CE64F321"
            },
            "Cylance": {
                "method": "blacklist",
                "engine_name": "Cylance",
                "engine_version": "2.3.1.101",
                "engine_update": "20220728",
                "category": "malicious",
                "result": "Unsafe"
            },
            "Zillya": {
                "method": "blacklist",
                "engine_name": "Zillya",
                "engine_version": "2.0.0.4679",
                "engine_update": "20220727",
                "category": "malicious",
                "result": "Trojan.Agent.Win32.873994"
            },
            "Sangfor": {
                "method": "blacklist",
                "engine_name": "Sangfor",
                "engine_version": "2.14.0.0",
                "engine_update": "20220722",
                "category": "malicious",
                "result": "Trojan.Win32.Save.a"
            },
            "K7AntiVirus": {
                "method": "blacklist",
                "engine_name": "K7AntiVirus",
                "engine_version": "12.27.43550",
                "engine_update": "20220728",
                "category": "malicious",
                "result": "Trojan ( 001913d11 )"
            },
            "BitDefender": {
                "method": "blacklist",
                "engine_name": "BitDefender",
                "engine_version": "7.2",
                "engine_update": "20220728",
                "category": "malicious",
                "result": "Trojan.GenericKD.61057953"
            },
            "K7GW": {
                "method": "blacklist",
                "engine_name": "K7GW",
                "engine_version": "12.27.43551",
                "engine_update": "20220728",
                "category": "malicious",
                "result": "Trojan ( 001913d11 )"
            },
            "CrowdStrike": {
                "method": "blacklist",
                "engine_name": "CrowdStrike",
                "engine_version": "1.0",
                "engine_update": "20220418",
                "category": "malicious",
                "result": "win/malicious_confidence_100% (W)"
            },
            "Arcabit": {
                "method": "blacklist",
                "engine_name": "Arcabit",
                "engine_version": "1.0.0.889",
                "engine_update": "20220728",
                "category": "undetected",
                "result": null
            },
            "Baidu": {
                "method": "blacklist",
                "engine_name": "Baidu",
                "engine_version": "1.0.0.2",
                "engine_update": "20190318",
                "category": "undetected",
                "result": null
            },
            "VirIT": {
                "method": "blacklist",
                "engine_name": "VirIT",
                "engine_version": "9.5.247",
                "engine_update": "20220727",
                "category": "undetected",
                "result": null
            },
            "Cyren": {
                "method": "blacklist",
                "engine_name": "Cyren",
                "engine_version": "6.5.1.2",
                "engine_update": "20220728",
                "category": "undetected",
                "result": null
            },
            "Symantec": {
                "method": "blacklist",
                "engine_name": "Symantec",
                "engine_version": "1.18.0.0",
                "engine_update": "20220728",
                "category": "malicious",
                "result": "ML.Attribute.HighConfidence"
            },
            "Elastic": {
                "method": "blacklist",
                "engine_name": "Elastic",
                "engine_version": "4.0.40",
                "engine_update": "20220623",
                "category": "malicious",
                "result": "malicious (high confidence)"
            },
            "ESET-NOD32": {
                "method": "blacklist",
                "engine_name": "ESET-NOD32",
                "engine_version": "25664",
                "engine_update": "20220728",
                "category": "malicious",
                "result": "a variant of Win32/Agent.SUT"
            },
            "APEX": {
                "method": "blacklist",
                "engine_name": "APEX",
                "engine_version": "6.316",
                "engine_update": "20220725",
                "category": "undetected",
                "result": null
            },
            "Paloalto": {
                "method": "blacklist",
                "engine_name": "Paloalto",
                "engine_version": "0.9.0.1003",
                "engine_update": "20220728",
                "category": "malicious",
                "result": "generic.ml"
            },
            "ClamAV": {
                "method": "blacklist",
                "engine_name": "ClamAV",
                "engine_version": "0.105.1.0",
                "engine_update": "20220727",
                "category": "undetected",
                "result": null
            },
            "Kaspersky": {
                "method": "blacklist",
                "engine_name": "Kaspersky",
                "engine_version": "21.0.1.45",
                "engine_update": "20220728",
                "category": "malicious",
                "result": "HEUR:Backdoor.Win32.Syscon.gen"
            },
            "Alibaba": {
                "method": "blacklist",
                "engine_name": "Alibaba",
                "engine_version": "0.3.0.5",
                "engine_update": "20190527",
                "category": "malicious",
                "result": "Backdoor:Win32/Syscon.053c1c33"
            },
            "NANO-Antivirus": {
                "method": "blacklist",
                "engine_name": "NANO-Antivirus",
                "engine_version": "1.0.146.25618",
                "engine_update": "20220728",
                "category": "malicious",
                "result": "Trojan.Win32.Syscon.exaoiy"
            },
            "ViRobot": {
                "method": "blacklist",
                "engine_name": "ViRobot",
                "engine_version": "2014.3.20.0",
                "engine_update": "20220728",
                "category": "malicious",
                "result": "Trojan.Win32.Agent.43520.DF"
            },
            "Rising": {
                "method": "blacklist",
                "engine_name": "Rising",
                "engine_version": "25.0.0.27",
                "engine_update": "20220727",
                "category": "malicious",
                "result": "Backdoor.Syscon!8.EE05 (KTSE)"
            },
            "Ad-Aware": {
                "method": "blacklist",
                "engine_name": "Ad-Aware",
                "engine_version": "3.0.21.193",
                "engine_update": "20220728",
                "category": "malicious",
                "result": "Trojan.GenericKD.61057953"
            },
            "Emsisoft": {
                "method": "blacklist",
                "engine_name": "Emsisoft",
                "engine_version": "2021.5.0.7597",
                "engine_update": "20220728",
                "category": "undetected",
                "result": null
            },
            "Comodo": {
                "method": "blacklist",
                "engine_name": "Comodo",
                "engine_version": "34844",
                "engine_update": "20220727",
                "category": "malicious",
                "result": "Malware@#2q0bw51qbksup"
            },
            "F-Secure": {
                "method": "blacklist",
                "engine_name": "F-Secure",
                "engine_version": "18.10.978.51",
                "engine_update": "20220727",
                "category": "undetected",
                "result": null
            },
            "DrWeb": {
                "method": "blacklist",
                "engine_name": "DrWeb",
                "engine_version": "7.0.56.4040",
                "engine_update": "20220728",
                "category": "undetected",
                "result": null
            },
            "VIPRE": {
                "method": "blacklist",
                "engine_name": "VIPRE",
                "engine_version": "6.0.0.35",
                "engine_update": "20220727",
                "category": "undetected",
                "result": null
            },
            "TrendMicro": {
                "method": "blacklist",
                "engine_name": "TrendMicro",
                "engine_version": "11.0.0.1006",
                "engine_update": "20220728",
                "category": "malicious",
                "result": "TROJ_GEN.R002C0PGR22"
            },
            "McAfee-GW-Edition": {
                "method": "blacklist",
                "engine_name": "McAfee-GW-Edition",
                "engine_version": "v2019.1.2+3728",
                "engine_update": "20220728",
                "category": "malicious",
                "result": "BehavesLike.Win32.NetLoader.ph"
            },
            "Trapmine": {
                "method": "blacklist",
                "engine_name": "Trapmine",
                "engine_version": "3.5.48.101",
                "engine_update": "20220707",
                "category": "undetected",
                "result": null
            },
            "CMC": {
                "method": "blacklist",
                "engine_name": "CMC",
                "engine_version": "2.10.2019.1",
                "engine_update": "20220623",
                "category": "undetected",
                "result": null
            },
            "Sophos": {
                "method": "blacklist",
                "engine_name": "Sophos",
                "engine_version": "1.4.1.0",
                "engine_update": "20220727",
                "category": "malicious",
                "result": "Mal/Generic-S"
            },
            "Ikarus": {
                "method": "blacklist",
                "engine_name": "Ikarus",
                "engine_version": "6.0.26.0",
                "engine_update": "20220727",
                "category": "malicious",
                "result": "Trojan.Win32.Agent"
            },
            "Jiangmin": {
                "method": "blacklist",
                "engine_name": "Jiangmin",
                "engine_version": "16.0.100",
                "engine_update": "20220727",
                "category": "malicious",
                "result": "Backdoor.Syscon.d"
            },
            "Webroot": {
                "method": "blacklist",
                "engine_name": "Webroot",
                "engine_version": "1.0.0.403",
                "engine_update": "20220728",
                "category": "malicious",
                "result": "W32.Trojan.Gen"
            },
            "Avira": {
                "method": "blacklist",
                "engine_name": "Avira",
                "engine_version": "8.3.3.16",
                "engine_update": "20220727",
                "category": "malicious",
                "result": "HEUR/AGEN.1214647"
            },
            "MAX": {
                "method": "blacklist",
                "engine_name": "MAX",
                "engine_version": "2019.9.16.1",
                "engine_update": "20220728",
                "category": "malicious",
                "result": "malware (ai score=100)"
            },
            "Antiy-AVL": {
                "method": "blacklist",
                "engine_name": "Antiy-AVL",
                "engine_version": "3.0",
                "engine_update": "20220728",
                "category": "malicious",
                "result": "Trojan/Generic.ASMalwS.4E63"
            },
            "Kingsoft": {
                "method": "blacklist",
                "engine_name": "Kingsoft",
                "engine_version": "2017.9.26.565",
                "engine_update": "20220728",
                "category": "malicious",
                "result": "Win32.Hack.Undef.(kcloud)"
            },
            "Gridinsoft": {
                "method": "blacklist",
                "engine_name": "Gridinsoft",
                "engine_version": "1.0.86.174",
                "engine_update": "20220728",
                "category": "undetected",
                "result": null
            },
            "Microsoft": {
                "method": "blacklist",
                "engine_name": "Microsoft",
                "engine_version": "1.1.19400.3",
                "engine_update": "20220727",
                "category": "malicious",
                "result": "Trojan:Win32/Tiggre!rfn"
            },
            "SUPERAntiSpyware": {
                "method": "blacklist",
                "engine_name": "SUPERAntiSpyware",
                "engine_version": "5.6.0.1032",
                "engine_update": "20220723",
                "category": "undetected",
                "result": null
            },
            "ZoneAlarm": {
                "method": "blacklist",
                "engine_name": "ZoneAlarm",
                "engine_version": "1.0",
                "engine_update": "20220728",
                "category": "malicious",
                "result": "HEUR:Backdoor.Win32.Syscon.gen"
            },
            "GData": {
                "method": "blacklist",
                "engine_name": "GData",
                "engine_version": "A:25.33610B:27.28234",
                "engine_update": "20220728",
                "category": "malicious",
                "result": "Trojan.GenericKD.61057953"
            },
            "Cynet": {
                "method": "blacklist",
                "engine_name": "Cynet",
                "engine_version": "4.0.0.27",
                "engine_update": "20220727",
                "category": "malicious",
                "result": "Malicious (score: 100)"
            },
            "AhnLab-V3": {
                "method": "blacklist",
                "engine_name": "AhnLab-V3",
                "engine_version": "3.22.1.10283",
                "engine_update": "20220728",
                "category": "malicious",
                "result": "Trojan/Win32.Syscon.R221647"
            },
            "Acronis": {
                "method": "blacklist",
                "engine_name": "Acronis",
                "engine_version": "1.2.0.108",
                "engine_update": "20220426",
                "category": "undetected",
                "result": null
            },
            "VBA32": {
                "method": "blacklist",
                "engine_name": "VBA32",
                "engine_version": "5.0.0",
                "engine_update": "20220727",
                "category": "malicious",
                "result": "Backdoor.Syscon"
            },
            "ALYac": {
                "method": "blacklist",
                "engine_name": "ALYac",
                "engine_version": "1.1.3.1",
                "engine_update": "20220728",
                "category": "malicious",
                "result": "Backdoor.Syscon.A"
            },
            "TACHYON": {
                "method": "blacklist",
                "engine_name": "TACHYON",
                "engine_version": "2022-07-28.01",
                "engine_update": "20220728",
                "category": "undetected",
                "result": null
            },
            "Malwarebytes": {
                "method": "blacklist",
                "engine_name": "Malwarebytes",
                "engine_version": "4.3.3.37",
                "engine_update": "20220728",
                "category": "undetected",
                "result": null
            },
            "Zoner": {
                "method": "blacklist",
                "engine_name": "Zoner",
                "engine_version": "2.2.2.0",
                "engine_update": "20220727",
                "category": "undetected",
                "result": null
            },
            "TrendMicro-HouseCall": {
                "method": "blacklist",
                "engine_name": "TrendMicro-HouseCall",
                "engine_version": "10.0.0.1040",
                "engine_update": "20220728",
                "category": "malicious",
                "result": "TROJ_GEN.R002C0PGR22"
            },
            "Tencent": {
                "method": "blacklist",
                "engine_name": "Tencent",
                "engine_version": "1.0.0.1",
                "engine_update": "20220728",
                "category": "malicious",
                "result": "Win32.Backdoor.Syscon.Oyep"
            },
            "Yandex": {
                "method": "blacklist",
                "engine_name": "Yandex",
                "engine_version": "5.5.2.24",
                "engine_update": "20220725",
                "category": "malicious",
                "result": "Trojan.GenAsa!q4bEGKpZmmU"
            },
            "SentinelOne": {
                "method": "blacklist",
                "engine_name": "SentinelOne",
                "engine_version": "22.2.1.2",
                "engine_update": "20220330",
                "category": "undetected",
                "result": null
            },
            "MaxSecure": {
                "method": "blacklist",
                "engine_name": "MaxSecure",
                "engine_version": "1.0.0.1",
                "engine_update": "20220727",
                "category": "undetected",
                "result": null
            },
            "Fortinet": {
                "method": "blacklist",
                "engine_name": "Fortinet",
                "engine_version": "6.4.258.0",
                "engine_update": "20220728",
                "category": "malicious",
                "result": "W32/Syscon.SUT!tr.bdr"
            },
            "BitDefenderTheta": {
                "method": "blacklist",
                "engine_name": "BitDefenderTheta",
                "engine_version": "7.2.37796.0",
                "engine_update": "20220718",
                "category": "malicious",
                "result": "Gen:NN.ZedlaF.34806.cu4@aubqBFoi"
            },
            "Panda": {
                "method": "blacklist",
                "engine_name": "Panda",
                "engine_version": "4.6.4.2",
                "engine_update": "20220727",
                "category": "malicious",
                "result": "Trj/GdSda.A"
            },
            "Avast-Mobile": {
                "method": "blacklist",
                "engine_name": "Avast-Mobile",
                "engine_version": "220727-00",
                "engine_update": "20220727",
                "category": "type-unsupported",
                "result": null
            },
            "SymantecMobileInsight": {
                "method": "blacklist",
                "engine_name": "SymantecMobileInsight",
                "engine_version": "2.0",
                "engine_update": "20220208",
                "category": "type-unsupported",
                "result": null
            },
            "BitDefenderFalx": {
                "method": "blacklist",
                "engine_name": "BitDefenderFalx",
                "engine_version": "2.0.936",
                "engine_update": "20220103",
                "category": "type-unsupported",
                "result": null
            },
            "Trustlook": {
                "method": "blacklist",
                "engine_name": "Trustlook",
                "engine_version": "1.0",
                "engine_update": "20220728",
                "category": "type-unsupported",
                "result": null
            },
            "Cybereason": {
                "method": "blacklist",
                "engine_name": "Cybereason",
                "engine_version": "1.2.449",
                "engine_update": "20210330",
                "category": "type-unsupported",
                "result": null
            }
        },
        "reputation": 0,
        "md5": "4017ce64f321fd1b75c9bb7815bde12a",
        "size": 43520,
        "last_submission_date": 1658937619,
        "type_tag": "pedll",
        "authentihash": "e8e3258a0425b8f0891c57c90f5b4cc0503b1d468fb719f831df62c80ba0182e",
        "creation_date": 1516037488,
        "sandbox_verdicts": {
            "DAS-Security Orcas": {
                "category": "malicious",
                "sandbox_name": "DAS-Security Orcas",
                "malware_classification": [
                    "MALWARE"
                ]
            }
        },
        "sha1": "1dc50bfcab2bc80587ac900c03e23afcbe243f64",
        "crowdsourced_yara_results": [
            {
                "ruleset_id": "00087828bc",
                "rule_name": "OpHoneybee_Malware_1",
                "ruleset_name": "apt_op_honeybee",
                "description": "Detects malware from Operation Honeybee",
                "author": "Florian Roth",
                "source": "https://github.com/Neo23x0/signature-base"
            }
        ],
        "times_submitted": 7,
        "names": [
            "24eb02947168753e8215661d2f1a38304a227cb798baab3882d504394127a7d5",
            "4017ce64f321fd1b75c9bb7815bde12a.virus",
            "Engine.dll"
        ],
        "type_tags": [
            "executable",
            "windows",
            "win32",
            "pe",
            "pedll"
        ],
        "tags": [
            "pedll"
        ],
        "type_extension": "dll"
    },
    "id": "24eb02947168753e8215661d2f1a38304a227cb798baab3882d504394127a7d5"
}