{
    "SourceFile": "C:/Users/ricewater/Documents/MITREandCrowdstrikeApr2024Samples/24eb02947168753e8215661d2f1a38304a227cb798baab3882d504394127a7d5/24eb02947168753e8215661d2f1a38304a227cb798baab3882d504394127a7d5",
    "ExifToolVersion": 12.4,
    "FileName": "24eb02947168753e8215661d2f1a38304a227cb798baab3882d504394127a7d5",
    "Directory": "C:/Users/ricewater/Documents/MITREandCrowdstrikeApr2024Samples/24eb02947168753e8215661d2f1a38304a227cb798baab3882d504394127a7d5",
    "FileSize": "42 KiB",
    "FileModifyDate": "2024:04:02 20:53:59+02:00",
    "FileAccessDate": "2024:04:04 06:48:23+02:00",
    "FileCreateDate": "2024:04:03 17:50:59+02:00",
    "FilePermissions": "-rw-rw-rw-",
    "FileType": "Win32 DLL",
    "FileTypeExtension": "dll",
    "MIMEType": "application/octet-stream",
    "MachineType": "Intel 386 or later, and compatibles",
    "TimeStamp": "2018:01:15 18:31:28+01:00",
    "ImageFileCharacteristics": "Executable, 32-bit, DLL",
    "PEType": "PE32",
    "LinkerVersion": 10.0,
    "CodeSize": 25088,
    "InitializedDataSize": 17408,
    "UninitializedDataSize": 0,
    "EntryPoint": "0x2f56",
    "OSVersion": 5.1,
    "ImageVersion": 0.0,
    "SubsystemVersion": 5.1,
    "Subsystem": "Windows GUI"
}