{"analysis": {"enable_decoded_strings": false, "enable_stack_strings": false, "enable_static_strings": true, "enable_tight_strings": false, "functions": {"analyzed_decoded_strings": 0, "analyzed_stack_strings": 0, "analyzed_tight_strings": 0, "decoding_function_scores": {}, "discovered": 0, "library": 0}}, "metadata": {"file_path": "C:\\Users\\ricewater\\Documents\\MITREandCrowdstrikeApr2024Samples\\24eb02947168753e8215661d2f1a38304a227cb798baab3882d504394127a7d5\\24eb02947168753e8215661d2f1a38304a227cb798baab3882d504394127a7d5", "imagebase": 0, "min_length": 7, "runtime": {"decoded_strings": 0.0, "find_features": 0.0, "stack_strings": 0.0, "start_date": "2024-04-04T06:48:23.298186Z", "static_strings": 0.0, "tight_strings": 0.0, "total": 0.0, "vivisect": 0.0}, "version": "v2.2.0-0-g783dd8f"}, "strings": {"decoded_strings": [], "stack_strings": [], "static_strings": [{"encoding": "ASCII", "offset": 77, "string": "!This program cannot be run in DOS mode."}, {"encoding": "ASCII", "offset": 519, "string": "`.rdata"}, {"encoding": "ASCII", "offset": 639, "string": "@.reloc"}, {"encoding": "ASCII", "offset": 8046, "string": "D$\"QRPh@"}, {"encoding": "ASCII", "offset": 8270, "string": "L$\"RPQh@"}, {"encoding": "ASCII", "offset": 12762, "string": "< tK<\ttG"}, {"encoding": "ASCII", "offset": 20719, "string": "URPQQhp]"}, {"encoding": "ASCII", "offset": 22856, "string": "t\"SS9] u"}, {"encoding": "ASCII", "offset": 25465, "string": "UQPXY]Y["}, {"encoding": "ASCII", "offset": 26708, "string": "FlsFree"}, {"encoding": "ASCII", "offset": 26716, "string": "FlsSetValue"}, {"encoding": "ASCII", "offset": 26728, "string": "FlsGetValue"}, {"encoding": "ASCII", "offset": 26740, "string": "FlsAlloc"}, {"encoding": "ASCII", "offset": 26752, "string": "CorExitProcess"}, {"encoding": "ASCII", "offset": 27500, "string": "HH:mm:ss"}, {"encoding": "ASCII", "offset": 27512, "string": "dddd, MMMM dd, yyyy"}, {"encoding": "ASCII", "offset": 27532, "string": "MM/dd/yy"}, {"encoding": "ASCII", "offset": 27552, "string": "December"}, {"encoding": "ASCII", "offset": 27564, "string": "November"}, {"encoding": "ASCII", "offset": 27576, "string": "October"}, {"encoding": "ASCII", "offset": 27584, "string": "September"}, {"encoding": "ASCII", "offset": 27636, "string": "February"}, {"encoding": "ASCII", "offset": 27648, "string": "January"}, {"encoding": "ASCII", "offset": 27704, "string": "Saturday"}, {"encoding": "ASCII", "offset": 27724, "string": "Thursday"}, {"encoding": "ASCII", "offset": 27736, "string": "Wednesday"}, {"encoding": "ASCII", "offset": 27748, "string": "Tuesday"}, {"encoding": "ASCII", "offset": 31792, "string": " !\"#$%&'()*+,-./0123456789:;<=>?@abcdefghijklmnopqrstuvwxyz[\\]^_`abcdefghijklmnopqrstuvwxyz{|}~"}, {"encoding": "ASCII", "offset": 32176, "string": " !\"#$%&'()*+,-./0123456789:;<=>?@ABCDEFGHIJKLMNOPQRSTUVWXYZ[\\]^_`ABCDEFGHIJKLMNOPQRSTUVWXYZ{|}~"}, {"encoding": "ASCII", "offset": 32400, "string": "GetProcessWindowStation"}, {"encoding": "ASCII", "offset": 32424, "string": "GetUserObjectInformationW"}, {"encoding": "ASCII", "offset": 32452, "string": "GetLastActivePopup"}, {"encoding": "ASCII", "offset": 32472, "string": "GetActiveWindow"}, {"encoding": "ASCII", "offset": 32488, "string": "MessageBoxW"}, {"encoding": "ASCII", "offset": 32524, "string": "[sub_100024D4]"}, {"encoding": "ASCII", "offset": 32544, "string": "cmd /c taskkill /im cliconfg.exe /f /t && del /f /q NTWDBLIB.DLL"}, {"encoding": "ASCII", "offset": 32612, "string": "ComSysAppMutex"}, {"encoding": "ASCII", "offset": 32628, "string": "\\ipnet.ini"}, {"encoding": "ASCII", "offset": 32640, "string": "[ServiceMain]"}, {"encoding": "ASCII", "offset": 32656, "string": "[sub_10001000]"}, {"encoding": "ASCII", "offset": 32672, "string": "kernel32.dll"}, {"encoding": "ASCII", "offset": 32688, "string": "WinExec"}, {"encoding": "ASCII", "offset": 32696, "string": "GetComputerNameA"}, {"encoding": "ASCII", "offset": 32716, "string": "CreateThread"}, {"encoding": "ASCII", "offset": 32732, "string": "GetTempPathA"}, {"encoding": "ASCII", "offset": 32748, "string": "GetSystemDirectoryA"}, {"encoding": "ASCII", "offset": 32768, "string": "CreateToolhelp32Snapshot"}, {"encoding": "ASCII", "offset": 32796, "string": "Process32First"}, {"encoding": "ASCII", "offset": 32812, "string": "Process32Next"}, {"encoding": "ASCII", "offset": 32828, "string": "[GetFTPAccountInfo_10001712]"}, {"encoding": "ASCII", "offset": 32864, "string": "[sub_10001251]"}, {"encoding": "ASCII", "offset": 32880, "string": "[sub_1000140C]"}, {"encoding": "ASCII", "offset": 32900, "string": "[sub_100023DE]"}, {"encoding": "ASCII", "offset": 32916, "string": "explorer.exe"}, {"encoding": "ASCII", "offset": 32932, "string": "[sub_10001CDC]"}, {"encoding": "ASCII", "offset": 32948, "string": "From %s (%02d-%02d %02d-%02d-%02d).txt"}, {"encoding": "ASCII", "offset": 32988, "string": "temp.ini"}, {"encoding": "ASCII", "offset": 33044, "string": "\\temp.ini"}, {"encoding": "ASCII", "offset": 33064, "string": "%s %s %c%s%c"}, {"encoding": "ASCII", "offset": 33088, "string": "[sub_10001CC8]"}, {"encoding": "ASCII", "offset": 33104, "string": "[Download_100019B4]"}, {"encoding": "ASCII", "offset": 33124, "string": "temp.zip"}, {"encoding": "ASCII", "offset": 33136, "string": "TO EVERYONE"}, {"encoding": "ASCII", "offset": 33148, "string": "[Upload_1000181F]"}, {"encoding": "ASCII", "offset": 33168, "string": "post.txt"}, {"encoding": "ASCII", "offset": 33180, "string": "[ThreadFunc]"}, {"encoding": "ASCII", "offset": 33212, "string": "cmd /c systeminfo >%s"}, {"encoding": "ASCII", "offset": 33236, "string": "cmd /c tasklist >%s"}, {"encoding": "ASCII", "offset": 33256, "string": "[DLL_PROCESS_ATTACH]"}, {"encoding": "ASCII", "offset": 33376, "string": "D:\\Task\\MiMul\\FTPCom_vs10\\Release\\Engine.pdb"}, {"encoding": "ASCII", "offset": 34510, "string": "CreateFileA"}, {"encoding": "ASCII", "offset": 34524, "string": "GetFileSize"}, {"encoding": "ASCII", "offset": 34538, "string": "lstrlenA"}, {"encoding": "ASCII", "offset": 34550, "string": "lstrcpynA"}, {"encoding": "ASCII", "offset": 34562, "string": "WaitForSingleObject"}, {"encoding": "ASCII", "offset": 34584, "string": "SetEvent"}, {"encoding": "ASCII", "offset": 34596, "string": "GetTickCount"}, {"encoding": "ASCII", "offset": 34612, "string": "WriteFile"}, {"encoding": "ASCII", "offset": 34624, "string": "OpenProcess"}, {"encoding": "ASCII", "offset": 34638, "string": "WideCharToMultiByte"}, {"encoding": "ASCII", "offset": 34668, "string": "CreateEventA"}, {"encoding": "ASCII", "offset": 34684, "string": "ReadFile"}, {"encoding": "ASCII", "offset": 34696, "string": "CreateFileW"}, {"encoding": "ASCII", "offset": 34710, "string": "lstrcatA"}, {"encoding": "ASCII", "offset": 34722, "string": "MultiByteToWideChar"}, {"encoding": "ASCII", "offset": 34744, "string": "SetCurrentDirectoryA"}, {"encoding": "ASCII", "offset": 34768, "string": "GetLastError"}, {"encoding": "ASCII", "offset": 34784, "string": "GetCurrentDirectoryW"}, {"encoding": "ASCII", "offset": 34808, "string": "lstrcmpiA"}, {"encoding": "ASCII", "offset": 34820, "string": "GetProcAddress"}, {"encoding": "ASCII", "offset": 34838, "string": "CopyFileA"}, {"encoding": "ASCII", "offset": 34850, "string": "GetLocalTime"}, {"encoding": "ASCII", "offset": 34866, "string": "LocalAlloc"}, {"encoding": "ASCII", "offset": 34880, "string": "GetModuleFileNameA"}, {"encoding": "ASCII", "offset": 34902, "string": "GetModuleHandleA"}, {"encoding": "ASCII", "offset": 34922, "string": "lstrcatW"}, {"encoding": "ASCII", "offset": 34934, "string": "CreateMutexA"}, {"encoding": "ASCII", "offset": 34950, "string": "OutputDebugStringA"}, {"encoding": "ASCII", "offset": 34972, "string": "CloseHandle"}, {"encoding": "ASCII", "offset": 34986, "string": "LocalFree"}, {"encoding": "ASCII", "offset": 34998, "string": "lstrcpyW"}, {"encoding": "ASCII", "offset": 35010, "string": "DeleteFileA"}, {"encoding": "ASCII", "offset": 35024, "string": "lstrcpyA"}, {"encoding": "ASCII", "offset": 35034, "string": "KERNEL32.dll"}, {"encoding": "ASCII", "offset": 35050, "string": "CharLowerA"}, {"encoding": "ASCII", "offset": 35064, "string": "wsprintfA"}, {"encoding": "ASCII", "offset": 35074, "string": "USER32.dll"}, {"encoding": "ASCII", "offset": 35088, "string": "CreateProcessAsUserA"}, {"encoding": "ASCII", "offset": 35112, "string": "OpenProcessToken"}, {"encoding": "ASCII", "offset": 35132, "string": "RegisterServiceCtrlHandlerA"}, {"encoding": "ASCII", "offset": 35162, "string": "SetServiceStatus"}, {"encoding": "ASCII", "offset": 35180, "string": "ADVAPI32.dll"}, {"encoding": "ASCII", "offset": 35196, "string": "SHGetFolderPathA"}, {"encoding": "ASCII", "offset": 35214, "string": "SHELL32.dll"}, {"encoding": "ASCII", "offset": 35228, "string": "CoCreateInstance"}, {"encoding": "ASCII", "offset": 35248, "string": "OleInitialize"}, {"encoding": "ASCII", "offset": 35264, "string": "OleUninitialize"}, {"encoding": "ASCII", "offset": 35280, "string": "ole32.dll"}, {"encoding": "ASCII", "offset": 35290, "string": "OLEAUT32.dll"}, {"encoding": "ASCII", "offset": 35306, "string": "StrRChrA"}, {"encoding": "ASCII", "offset": 35318, "string": "StrRChrW"}, {"encoding": "ASCII", "offset": 35330, "string": "StrStrA"}, {"encoding": "ASCII", "offset": 35340, "string": "StrChrA"}, {"encoding": "ASCII", "offset": 35348, "string": "SHLWAPI.dll"}, {"encoding": "ASCII", "offset": 35362, "string": "FtpFindFirstFileA"}, {"encoding": "ASCII", "offset": 35382, "string": "FtpGetFileA"}, {"encoding": "ASCII", "offset": 35396, "string": "InternetFindNextFileA"}, {"encoding": "ASCII", "offset": 35420, "string": "FtpPutFileA"}, {"encoding": "ASCII", "offset": 35434, "string": "InternetCloseHandle"}, {"encoding": "ASCII", "offset": 35456, "string": "FtpDeleteFileA"}, {"encoding": "ASCII", "offset": 35472, "string": "WININET.dll"}, {"encoding": "ASCII", "offset": 35486, "string": "GetCurrentThreadId"}, {"encoding": "ASCII", "offset": 35508, "string": "DecodePointer"}, {"encoding": "ASCII", "offset": 35524, "string": "GetCommandLineA"}, {"encoding": "ASCII", "offset": 35542, "string": "TerminateProcess"}, {"encoding": "ASCII", "offset": 35562, "string": "GetCurrentProcess"}, {"encoding": "ASCII", "offset": 35582, "string": "UnhandledExceptionFilter"}, {"encoding": "ASCII", "offset": 35610, "string": "SetUnhandledExceptionFilter"}, {"encoding": "ASCII", "offset": 35640, "string": "IsDebuggerPresent"}, {"encoding": "ASCII", "offset": 35660, "string": "EncodePointer"}, {"encoding": "ASCII", "offset": 35676, "string": "TlsAlloc"}, {"encoding": "ASCII", "offset": 35688, "string": "TlsGetValue"}, {"encoding": "ASCII", "offset": 35702, "string": "TlsSetValue"}, {"encoding": "ASCII", "offset": 35716, "string": "TlsFree"}, {"encoding": "ASCII", "offset": 35726, "string": "InterlockedIncrement"}, {"encoding": "ASCII", "offset": 35750, "string": "GetModuleHandleW"}, {"encoding": "ASCII", "offset": 35770, "string": "SetLastError"}, {"encoding": "ASCII", "offset": 35786, "string": "InterlockedDecrement"}, {"encoding": "ASCII", "offset": 35810, "string": "HeapFree"}, {"encoding": "ASCII", "offset": 35822, "string": "ExitProcess"}, {"encoding": "ASCII", "offset": 35836, "string": "SetHandleCount"}, {"encoding": "ASCII", "offset": 35854, "string": "GetStdHandle"}, {"encoding": "ASCII", "offset": 35870, "string": "InitializeCriticalSectionAndSpinCount"}, {"encoding": "ASCII", "offset": 35910, "string": "GetFileType"}, {"encoding": "ASCII", "offset": 35924, "string": "GetStartupInfoW"}, {"encoding": "ASCII", "offset": 35942, "string": "DeleteCriticalSection"}, {"encoding": "ASCII", "offset": 35966, "string": "FreeEnvironmentStringsW"}, {"encoding": "ASCII", "offset": 35992, "string": "GetEnvironmentStringsW"}, {"encoding": "ASCII", "offset": 36018, "string": "HeapCreate"}, {"encoding": "ASCII", "offset": 36032, "string": "HeapDestroy"}, {"encoding": "ASCII", "offset": 36046, "string": "QueryPerformanceCounter"}, {"encoding": "ASCII", "offset": 36072, "string": "GetCurrentProcessId"}, {"encoding": "ASCII", "offset": 36094, "string": "GetSystemTimeAsFileTime"}, {"encoding": "ASCII", "offset": 36120, "string": "LeaveCriticalSection"}, {"encoding": "ASCII", "offset": 36144, "string": "EnterCriticalSection"}, {"encoding": "ASCII", "offset": 36168, "string": "GetCPInfo"}, {"encoding": "ASCII", "offset": 36190, "string": "GetOEMCP"}, {"encoding": "ASCII", "offset": 36202, "string": "IsValidCodePage"}, {"encoding": "ASCII", "offset": 36220, "string": "HeapAlloc"}, {"encoding": "ASCII", "offset": 36232, "string": "HeapReAlloc"}, {"encoding": "ASCII", "offset": 36246, "string": "LoadLibraryW"}, {"encoding": "ASCII", "offset": 36262, "string": "GetModuleFileNameW"}, {"encoding": "ASCII", "offset": 36284, "string": "RtlUnwind"}, {"encoding": "ASCII", "offset": 36296, "string": "LCMapStringW"}, {"encoding": "ASCII", "offset": 36312, "string": "GetStringTypeW"}, {"encoding": "ASCII", "offset": 36330, "string": "HeapSize"}, {"encoding": "ASCII", "offset": 36342, "string": "IsProcessorFeaturePresent"}, {"encoding": "ASCII", "offset": 36418, "string": "Engine.dll"}, {"encoding": "ASCII", "offset": 36429, "string": "ServiceMain"}, {"encoding": "ASCII", "offset": 37950, "string": "                          "}, {"encoding": "ASCII", "offset": 38174, "string": "abcdefghijklmnopqrstuvwxyz"}, {"encoding": "ASCII", "offset": 38206, "string": "ABCDEFGHIJKLMNOPQRSTUVWXYZ"}, {"encoding": "ASCII", "offset": 38466, "string": "                          "}, {"encoding": "ASCII", "offset": 38697, "string": "abcdefghijklmnopqrstuvwxyz"}, {"encoding": "ASCII", "offset": 38729, "string": "ABCDEFGHIJKLMNOPQRSTUVWXYZ"}, {"encoding": "ASCII", "offset": 39696, "string": "KXU/yP=B29tLzidqNRuf-SbVInw0oCrmWZk6OpFc7A5GTD1QxaJ3H8h4jMeEsYglv"}, {"encoding": "ASCII", "offset": 39764, "string": "TO EVERYONE"}, {"encoding": "ASCII", "offset": 39776, "string": "COMSysApp"}, {"encoding": "ASCII", "offset": 40024, "string": "<assembly xmlns=\"urn:schemas-microsoft-com:asm.v1\" manifestVersion=\"1.0\">"}, {"encoding": "ASCII", "offset": 40099, "string": "  <trustInfo xmlns=\"urn:schemas-microsoft-com:asm.v3\">"}, {"encoding": "ASCII", "offset": 40155, "string": "    <security>"}, {"encoding": "ASCII", "offset": 40171, "string": "      <requestedPrivileges>"}, {"encoding": "ASCII", "offset": 40200, "string": "        <requestedExecutionLevel level=\"asInvoker\" uiAccess=\"false\"></requestedExecutionLevel>"}, {"encoding": "ASCII", "offset": 40296, "string": "      </requestedPrivileges>"}, {"encoding": "ASCII", "offset": 40326, "string": "    </security>"}, {"encoding": "ASCII", "offset": 40343, "string": "  </trustInfo>"}, {"encoding": "ASCII", "offset": 40359, "string": "</assembly>PAPADDINGXXPADDINGPADDINGXXPADDINGPADDINGXXPADDINGPADDINGXXPADDINGPADDINGXXPAD"}, {"encoding": "ASCII", "offset": 40463, "string": "0#0-070=0C0M0U0_0e0j0p0v0|0"}, {"encoding": "ASCII", "offset": 40519, "string": "1#1)14191>1C1J1T1^1d1j1t1z1"}, {"encoding": "ASCII", "offset": 40589, "string": "2%2/272=2C2I2O2Y2c2q2z2"}, {"encoding": "ASCII", "offset": 40655, "string": "3&3,33393@3F3M3S3Z3`3g3m3u3"}, {"encoding": "ASCII", "offset": 40693, "string": "3h4n4u4"}, {"encoding": "ASCII", "offset": 40721, "string": "5\"5'5:5?5F5P5^5h5n5u5{5"}, {"encoding": "ASCII", "offset": 40755, "string": "546K6n6u6|6"}, {"encoding": "ASCII", "offset": 40807, "string": ":E;];~;"}, {"encoding": "ASCII", "offset": 40819, "string": "<)</<Z<}<"}, {"encoding": "ASCII", "offset": 40845, "string": ">&>E>O>T>o>z>"}, {"encoding": "ASCII", "offset": 40865, "string": ">-?H?S?~?"}, {"encoding": "ASCII", "offset": 40897, "string": "0!0'0;0A0O0^0d0r0y0"}, {"encoding": "ASCII", "offset": 40945, "string": "2!2.232[2v2"}, {"encoding": "ASCII", "offset": 40961, "string": "3*303=3`3"}, {"encoding": "ASCII", "offset": 41005, "string": "5'5.5;5l5"}, {"encoding": "ASCII", "offset": 41025, "string": "636\\6c6"}, {"encoding": "ASCII", "offset": 41039, "string": "7$717:7@7E7S7g7|7"}, {"encoding": "ASCII", "offset": 41067, "string": "858I8\\8x8"}, {"encoding": "ASCII", "offset": 41091, "string": "9%9,939>9Q9^9"}, {"encoding": "ASCII", "offset": 41123, "string": ":I:T:Y:d:o:u:{:"}, {"encoding": "ASCII", "offset": 41155, "string": ";0;;;u;"}, {"encoding": "ASCII", "offset": 41173, "string": "<U<a<}<"}, {"encoding": "ASCII", "offset": 41197, "string": "<7=<=F=z="}, {"encoding": "ASCII", "offset": 41285, "string": "0*060;0K0P0V0\\0r0y0"}, {"encoding": "ASCII", "offset": 41341, "string": "1A1V1|1"}, {"encoding": "ASCII", "offset": 41405, "string": "4 4&4-434;4B4G4O4X4d4i4n4t4x4~4"}, {"encoding": "ASCII", "offset": 41469, "string": "5*505H5s5y5"}, {"encoding": "ASCII", "offset": 41493, "string": "6O6X6d6"}, {"encoding": "ASCII", "offset": 41509, "string": "6-757H7S7X7j7t7y7"}, {"encoding": "ASCII", "offset": 41545, "string": "8M8W8}8"}, {"encoding": "ASCII", "offset": 41559, "string": "8O9u9{9"}, {"encoding": "ASCII", "offset": 41589, "string": ";L;o;u;"}, {"encoding": "ASCII", "offset": 41605, "string": ";!<+<l<w<"}, {"encoding": "ASCII", "offset": 41619, "string": "<]>n>v>|>"}, {"encoding": "ASCII", "offset": 41707, "string": "4#4*444F4]4k4q4"}, {"encoding": "ASCII", "offset": 41771, "string": "9(;9;s;"}, {"encoding": "ASCII", "offset": 41795, "string": "<f<q<{<"}, {"encoding": "ASCII", "offset": 41825, "string": ">-?9?L?^?y?"}, {"encoding": "ASCII", "offset": 41865, "string": "0(0Q0b0z0"}, {"encoding": "ASCII", "offset": 41895, "string": "2%2\\2t2"}, {"encoding": "ASCII", "offset": 41919, "string": "2&3,343{3"}, {"encoding": "ASCII", "offset": 41943, "string": "3F4O4U4"}, {"encoding": "ASCII", "offset": 41963, "string": "6B6I6V6\\6"}, {"encoding": "ASCII", "offset": 41983, "string": "6L7Q7Z7i7"}, {"encoding": "ASCII", "offset": 42029, "string": ":\":*:0:>:r:"}, {"encoding": "ASCII", "offset": 42077, "string": "2(2:2L2^2p2"}, {"encoding": "ASCII", "offset": 42119, "string": "6%7+7D7"}, {"encoding": "ASCII", "offset": 42141, "string": "8)8O8m8t8x8|8"}, {"encoding": "ASCII", "offset": 42173, "string": "8R9]9x9"}, {"encoding": "ASCII", "offset": 42201, "string": ": :$:(:,:v:|:"}, {"encoding": "ASCII", "offset": 42227, "string": ";';,;=;E;K;U;[;e;k;u;~;"}, {"encoding": "ASCII", "offset": 42267, "string": ">$>*>\\>"}, {"encoding": "ASCII", "offset": 42277, "string": ">E?_?h?"}, {"encoding": "ASCII", "offset": 42319, "string": "?$?,?4?<?D?L?T?\\?d?l?t?|?"}, {"encoding": "ASCII", "offset": 42385, "string": "=0=<=X=x="}, {"encoding": "ASCII", "offset": 42405, "string": ">8>T>X>"}, {"encoding": "ASCII", "offset": 42503, "string": "2 2024282<2@2D2H2L2P2T2X2\\2`2d2h2l2p2t2x2|2"}, {"encoding": "ASCII", "offset": 42591, "string": "283H3X3h3x3"}, {"encoding": "ASCII", "offset": 42615, "string": "7P:T:X:\\:`:d:h:l:p:t:"}, {"encoding": "UTF-16LE", "offset": 26680, "string": "KERNEL32.DLL"}, {"encoding": "UTF-16LE", "offset": 26768, "string": "mscoree.dll"}, {"encoding": "UTF-16LE", "offset": 26952, "string": "HH:mm:ss"}, {"encoding": "UTF-16LE", "offset": 26972, "string": "dddd, MMMM dd, yyyy"}, {"encoding": "UTF-16LE", "offset": 27012, "string": "MM/dd/yy"}, {"encoding": "UTF-16LE", "offset": 27048, "string": "December"}, {"encoding": "UTF-16LE", "offset": 27068, "string": "November"}, {"encoding": "UTF-16LE", "offset": 27088, "string": "October"}, {"encoding": "UTF-16LE", "offset": 27104, "string": "September"}, {"encoding": "UTF-16LE", "offset": 27188, "string": "February"}, {"encoding": "UTF-16LE", "offset": 27208, "string": "January"}, {"encoding": "UTF-16LE", "offset": 27320, "string": "Saturday"}, {"encoding": "UTF-16LE", "offset": 27356, "string": "Thursday"}, {"encoding": "UTF-16LE", "offset": 27376, "string": "Wednesday"}, {"encoding": "UTF-16LE", "offset": 27396, "string": "Tuesday"}, {"encoding": "UTF-16LE", "offset": 27798, "string": "nruntime error "}, {"encoding": "UTF-16LE", "offset": 27840, "string": "TLOSS error"}, {"encoding": "UTF-16LE", "offset": 27868, "string": "SING error"}, {"encoding": "UTF-16LE", "offset": 27896, "string": "DOMAIN error"}, {"encoding": "UTF-16LE", "offset": 27942, "string": "- Attempt to use MSIL code from this assembly during native code initialization"}, {"encoding": "UTF-16LE", "offset": 28102, "string": "This indicates a bug in your application. It is most likely the result of calling an MSIL-compiled (/clr) function from a native constructor or from DllMain."}, {"encoding": "UTF-16LE", "offset": 28438, "string": "- not enough space for locale information"}, {"encoding": "UTF-16LE", "offset": 28542, "string": "- Attempt to initialize the CRT more than once."}, {"encoding": "UTF-16LE", "offset": 28638, "string": "This indicates a bug in your application."}, {"encoding": "UTF-16LE", "offset": 28742, "string": "- CRT not initialized"}, {"encoding": "UTF-16LE", "offset": 28806, "string": "- unable to initialize heap"}, {"encoding": "UTF-16LE", "offset": 28886, "string": "- not enough space for lowio initialization"}, {"encoding": "UTF-16LE", "offset": 28998, "string": "- not enough space for stdio initialization"}, {"encoding": "UTF-16LE", "offset": 29110, "string": "- pure virtual function call"}, {"encoding": "UTF-16LE", "offset": 29190, "string": "- not enough space for _onexit/atexit table"}, {"encoding": "UTF-16LE", "offset": 29302, "string": "- unable to open console device"}, {"encoding": "UTF-16LE", "offset": 29390, "string": "- unexpected heap error"}, {"encoding": "UTF-16LE", "offset": 29462, "string": "- unexpected multithread lock error"}, {"encoding": "UTF-16LE", "offset": 29558, "string": "- not enough space for thread data"}, {"encoding": "UTF-16LE", "offset": 29646, "string": "- abort() has been called"}, {"encoding": "UTF-16LE", "offset": 29718, "string": "- not enough space for environment"}, {"encoding": "UTF-16LE", "offset": 29806, "string": "- not enough space for arguments"}, {"encoding": "UTF-16LE", "offset": 29894, "string": "- floating point support not loaded"}, {"encoding": "UTF-16LE", "offset": 30152, "string": "Microsoft Visual C++ Runtime Library"}, {"encoding": "UTF-16LE", "offset": 30244, "string": "<program name unknown>"}, {"encoding": "UTF-16LE", "offset": 30292, "string": "Runtime Error!"}, {"encoding": "UTF-16LE", "offset": 30324, "string": "Program: "}, {"encoding": "UTF-16LE", "offset": 30600, "string": "         (((((                  H"}, {"encoding": "UTF-16LE", "offset": 31114, "string": "         h((((                  H"}, {"encoding": "UTF-16LE", "offset": 31368, "string": "                                 H"}, {"encoding": "UTF-16LE", "offset": 32498, "string": "WUSER32.DLL"}], "tight_strings": []}}