{
    "Date of compilation": "Jan 15 2018 at 17:31:28",
    "Imphash": "c8c0b3a726d9ba5db057de17a346095e",
    "Optional header": {
        "addressof_entrypoint": 12118,
        "baseof_code": 4096,
        "baseof_data": 32768,
        "checksum": 91415,
        "computed_checksum": 91415,
        "dll_characteristics": 320,
        "dll_characteristics_lists": [
            {
                "DYNAMIC_BASE": 64
            },
            {
                "NX_COMPAT": 256
            }
        ],
        "file_alignment": 512,
        "imagebase": 268435456,
        "loader_flags": 0,
        "magic": {
            "PE32": 267
        },
        "major_image_version": 0,
        "major_linker_version": 10,
        "major_operating_system_version": 5,
        "major_subsystem_version": 5,
        "minor_image_version": 0,
        "minor_linker_version": 0,
        "minor_operating_system_version": 1,
        "minor_subsystem_version": 1,
        "numberof_rva_and_size": 16,
        "section_alignment": 4096,
        "sizeof_code": 25088,
        "sizeof_headers": 1024,
        "sizeof_heap_commit": 4096,
        "sizeof_heap_reserve": 1048576,
        "sizeof_image": 61440,
        "sizeof_initialized_data": 17408,
        "sizeof_stack_commit": 4096,
        "sizeof_stack_reserve": 1048576,
        "sizeof_uninitialized_data": 0,
        "subsystem": {
            "WINDOWS_GUI": 2
        },
        "win32_version_value": 0
    },
    "Platform": "DLLfile",
    "CPU type": "MACHINE_TYPES.I386",
    "File type": "Unknown",
    "Entrypoint": 268447574,
    "Number of sections": 5,
    "Sections": [
        {
            "Name": ".text",
            "Virtual address": "0x1000",
            "Virtual size": "25026  bytes",
            "Offset": "0x400",
            "Size": "25088  bytes",
            "Entropy": 6.4015
        },
        {
            "Name": ".rdata",
            "Virtual address": "0x8000",
            "Virtual size": "10329  bytes",
            "Offset": "0x6600",
            "Size": "10752  bytes",
            "Entropy": 4.9664
        },
        {
            "Name": ".data",
            "Virtual address": "0xb000",
            "Virtual size": "7836   bytes",
            "Offset": "0x9000",
            "Size": "3072   bytes",
            "Entropy": 2.7024
        },
        {
            "Name": ".rsrc",
            "Virtual address": "0xd000",
            "Virtual size": "436    bytes",
            "Offset": "0x9c00",
            "Size": "512    bytes",
            "Entropy": 4.8788
        },
        {
            "Name": ".reloc",
            "Virtual address": "0xe000",
            "Virtual size": "2750   bytes",
            "Offset": "0x9e00",
            "Size": "3072   bytes",
            "Entropy": 6.0062
        }
    ],
    "Imported functions": [
        "WideCharToMultiByte",
        "Sleep",
        "CreateEventA",
        "ReadFile",
        "CreateFileW",
        "lstrcatA",
        "MultiByteToWideChar",
        "SetCurrentDirectoryA",
        "GetLastError",
        "GetCurrentDirectoryW",
        "lstrcmpiA",
        "GetProcAddress",
        "CopyFileA",
        "GetLocalTime",
        "OpenProcess",
        "GetModuleFileNameA",
        "GetModuleHandleA",
        "lstrcatW",
        "CreateMutexA",
        "OutputDebugStringA",
        "CloseHandle",
        "LocalFree",
        "lstrcpyW",
        "DeleteFileA",
        "lstrcpyA",
        "HeapSize",
        "GetStringTypeW",
        "LCMapStringW",
        "WriteFile",
        "GetTickCount",
        "SetEvent",
        "WaitForSingleObject",
        "lstrcpynA",
        "lstrlenA",
        "GetFileSize",
        "LocalAlloc",
        "CreateFileA",
        "RtlUnwind",
        "GetModuleFileNameW",
        "LoadLibraryW",
        "HeapReAlloc",
        "HeapAlloc",
        "IsValidCodePage",
        "GetOEMCP",
        "GetACP",
        "GetCPInfo",
        "IsProcessorFeaturePresent",
        "EnterCriticalSection",
        "LeaveCriticalSection",
        "GetSystemTimeAsFileTime",
        "GetCurrentProcessId",
        "QueryPerformanceCounter",
        "HeapDestroy",
        "GetCurrentThreadId",
        "DecodePointer",
        "GetCommandLineA",
        "TerminateProcess",
        "GetCurrentProcess",
        "UnhandledExceptionFilter",
        "SetUnhandledExceptionFilter",
        "IsDebuggerPresent",
        "EncodePointer",
        "TlsAlloc",
        "TlsGetValue",
        "TlsSetValue",
        "TlsFree",
        "InterlockedIncrement",
        "GetModuleHandleW",
        "SetLastError",
        "InterlockedDecrement",
        "HeapFree",
        "ExitProcess",
        "SetHandleCount",
        "GetStdHandle",
        "InitializeCriticalSectionAndSpinCount",
        "GetFileType",
        "GetStartupInfoW",
        "DeleteCriticalSection",
        "FreeEnvironmentStringsW",
        "GetEnvironmentStringsW",
        "HeapCreate",
        "wsprintfA",
        "CharLowerA",
        "SetServiceStatus",
        "RegisterServiceCtrlHandlerA",
        "OpenProcessToken",
        "CreateProcessAsUserA",
        "SHGetFolderPathA",
        "OleUninitialize",
        "CoCreateInstance",
        "OleInitialize",
        "VariantClear",
        "VariantInit",
        "StrRChrA",
        "StrChrA",
        "StrStrA",
        "StrRChrW",
        "FtpPutFileA",
        "InternetFindNextFileA",
        "FtpGetFileA",
        "FtpFindFirstFileA",
        "InternetCloseHandle",
        "FtpDeleteFileA"
    ],
    "Exported functions": [
        "ServiceMain"
    ],
    "Resources": {
        "Name": "No name",
        "Number of childs": 1,
        "Depth": 0,
        "Type": "Directory",
        "Id": "0x0"
    },
    "Resource manager": {
        "Type": "RESOURCE_TYPES.MANIFEST",
        "Language": "RESOURCE_LANGS.ENGLISH",
        "Sub-language": "RESOURCE_SUBLANGS.ENGLISH_US"
    },
    "Libraries": [
        "KERNEL32.dll",
        "USER32.dll",
        "ADVAPI32.dll",
        "SHELL32.dll",
        "ole32.dll",
        "OLEAUT32.dll",
        "SHLWAPI.dll",
        "WININET.dll"
    ],
    "Imports Name": [
        "KERNEL32.dll",
        "USER32.dll",
        "ADVAPI32.dll",
        "SHELL32.dll",
        "ole32.dll",
        "OLEAUT32.dll",
        "SHLWAPI.dll",
        "WININET.dll"
    ],
    "Imports Function IAT": [
        "0x8014",
        "0x8018",
        "0x801c",
        "0x8020",
        "0x8024",
        "0x8028",
        "0x802c",
        "0x8030",
        "0x8034",
        "0x8038",
        "0x803c",
        "0x8040",
        "0x8044",
        "0x8048",
        "0x804c",
        "0x8050",
        "0x8054",
        "0x8058",
        "0x805c",
        "0x8060",
        "0x8064",
        "0x8068",
        "0x806c",
        "0x8070",
        "0x8074",
        "0x8078",
        "0x807c",
        "0x8080",
        "0x8084",
        "0x8088",
        "0x808c",
        "0x8090",
        "0x8094",
        "0x8098",
        "0x809c",
        "0x80a0",
        "0x80a4",
        "0x80a8",
        "0x80ac",
        "0x80b0",
        "0x80b4",
        "0x80b8",
        "0x80bc",
        "0x80c0",
        "0x80c4",
        "0x80c8",
        "0x80cc",
        "0x80d0",
        "0x80d4",
        "0x80d8",
        "0x80dc",
        "0x80e0",
        "0x80e4",
        "0x80e8",
        "0x80ec",
        "0x80f0",
        "0x80f4",
        "0x80f8",
        "0x80fc",
        "0x8100",
        "0x8104",
        "0x8108",
        "0x810c",
        "0x8110",
        "0x8114",
        "0x8118",
        "0x811c",
        "0x8120",
        "0x8124",
        "0x8128",
        "0x812c",
        "0x8130",
        "0x8134",
        "0x8138",
        "0x813c",
        "0x8140",
        "0x8144",
        "0x8148",
        "0x814c",
        "0x8150",
        "0x8154",
        "0x8184",
        "0x8188",
        "0x8000",
        "0x8004",
        "0x8008",
        "0x800c",
        "0x8168",
        "0x81ac",
        "0x81b0",
        "0x81b4",
        "0x815c",
        "0x8160",
        "0x8170",
        "0x8174",
        "0x8178",
        "0x817c",
        "0x8190",
        "0x8194",
        "0x8198",
        "0x819c",
        "0x81a0",
        "0x81a4"
    ],
    "Imports Function name": [
        "WideCharToMultiByte",
        "Sleep",
        "CreateEventA",
        "ReadFile",
        "CreateFileW",
        "lstrcatA",
        "MultiByteToWideChar",
        "SetCurrentDirectoryA",
        "GetLastError",
        "GetCurrentDirectoryW",
        "lstrcmpiA",
        "GetProcAddress",
        "CopyFileA",
        "GetLocalTime",
        "OpenProcess",
        "GetModuleFileNameA",
        "GetModuleHandleA",
        "lstrcatW",
        "CreateMutexA",
        "OutputDebugStringA",
        "CloseHandle",
        "LocalFree",
        "lstrcpyW",
        "DeleteFileA",
        "lstrcpyA",
        "HeapSize",
        "GetStringTypeW",
        "LCMapStringW",
        "WriteFile",
        "GetTickCount",
        "SetEvent",
        "WaitForSingleObject",
        "lstrcpynA",
        "lstrlenA",
        "GetFileSize",
        "LocalAlloc",
        "CreateFileA",
        "RtlUnwind",
        "GetModuleFileNameW",
        "LoadLibraryW",
        "HeapReAlloc",
        "HeapAlloc",
        "IsValidCodePage",
        "GetOEMCP",
        "GetACP",
        "GetCPInfo",
        "IsProcessorFeaturePresent",
        "EnterCriticalSection",
        "LeaveCriticalSection",
        "GetSystemTimeAsFileTime",
        "GetCurrentProcessId",
        "QueryPerformanceCounter",
        "HeapDestroy",
        "GetCurrentThreadId",
        "DecodePointer",
        "GetCommandLineA",
        "TerminateProcess",
        "GetCurrentProcess",
        "UnhandledExceptionFilter",
        "SetUnhandledExceptionFilter",
        "IsDebuggerPresent",
        "EncodePointer",
        "TlsAlloc",
        "TlsGetValue",
        "TlsSetValue",
        "TlsFree",
        "InterlockedIncrement",
        "GetModuleHandleW",
        "SetLastError",
        "InterlockedDecrement",
        "HeapFree",
        "ExitProcess",
        "SetHandleCount",
        "GetStdHandle",
        "InitializeCriticalSectionAndSpinCount",
        "GetFileType",
        "GetStartupInfoW",
        "DeleteCriticalSection",
        "FreeEnvironmentStringsW",
        "GetEnvironmentStringsW",
        "HeapCreate",
        "wsprintfA",
        "CharLowerA",
        "SetServiceStatus",
        "RegisterServiceCtrlHandlerA",
        "OpenProcessToken",
        "CreateProcessAsUserA",
        "SHGetFolderPathA",
        "OleUninitialize",
        "CoCreateInstance",
        "OleInitialize",
        "",
        "",
        "StrRChrA",
        "StrChrA",
        "StrStrA",
        "StrRChrW",
        "FtpPutFileA",
        "InternetFindNextFileA",
        "FtpGetFileA",
        "FtpFindFirstFileA",
        "InternetCloseHandle",
        "FtpDeleteFileA"
    ],
    "Configuration": {
        "Version": "WIN_VERSION.SEH",
        "Characteristics": "0x48",
        "Timedatestamp": null,
        "Major version": 0,
        "Minor version": 0,
        "Security cookie": "0x1000b000"
    }
}