{
    "type": "file",
    "attributes": {
        "unique_sources": 2,
        "pe_info": {
            "timestamp": 2326830591,
            "imphash": "f34d5f2d4577ed6d9ceec516c1f5a744",
            "machine_type": 332,
            "entry_point": 4951806,
            "resource_details": [
                {
                    "lang": "NEUTRAL",
                    "chi2": 210140.41,
                    "filetype": "unknown",
                    "entropy": 3.5763449668884277,
                    "sha256": "d9ed4b2db2a220d5d9754b8ffba3b106e3fc2ee30e9199329c85d6441b7b3fc6",
                    "type": "RT_ICON"
                },
                {
                    "lang": "NEUTRAL",
                    "chi2": 1874.4,
                    "filetype": "ICO",
                    "entropy": 1.7814964056015015,
                    "sha256": "a14e70ed824f3f17d3a51136aa08839954d6d3ccadaa067415c7bfc08e6636b0",
                    "type": "RT_GROUP_ICON"
                },
                {
                    "lang": "NEUTRAL",
                    "chi2": 69765.27,
                    "filetype": "unknown",
                    "entropy": 3.326857089996338,
                    "sha256": "77f511be999c07a871ef9ea4b7d90feb85aa007ee5f745bacc399099f1878bb4",
                    "type": "RT_VERSION"
                },
                {
                    "lang": "NEUTRAL",
                    "chi2": 45280.85,
                    "filetype": "unknown",
                    "entropy": 4.994189262390137,
                    "sha256": "5f7e0e1cb4ef89b1ec560c59415f09d90a720bcb1d08c6357f76a5c2a3e27ebf",
                    "type": "RT_MANIFEST"
                }
            ],
            "resource_langs": {
                "NEUTRAL": 4
            },
            "resource_types": {
                "RT_ICON": 1,
                "RT_MANIFEST": 1,
                "RT_VERSION": 1,
                "RT_GROUP_ICON": 1
            },
            "sections": [
                {
                    "name": ".text",
                    "chi2": 12132202.0,
                    "virtual_address": 8192,
                    "entropy": 7.45,
                    "raw_size": 4943872,
                    "flags": "rx",
                    "virtual_size": 4943620,
                    "md5": "44502d807faf81045bcfdcd27372426b"
                },
                {
                    "name": ".rsrc",
                    "chi2": 157574.38,
                    "virtual_address": 4956160,
                    "entropy": 5.06,
                    "raw_size": 9216,
                    "flags": "r",
                    "virtual_size": 8816,
                    "md5": "ad56457e8a7b80f40e8315e89b4458df"
                },
                {
                    "name": ".reloc",
                    "chi2": 128522.0,
                    "virtual_address": 4972544,
                    "entropy": 0.08,
                    "raw_size": 512,
                    "flags": "r",
                    "virtual_size": 12,
                    "md5": "83acd3b4652d64d5b9618b6917acbe9c"
                }
            ],
            "import_list": [
                {
                    "library_name": "mscoree.dll",
                    "imported_functions": [
                        "_CorExeMain"
                    ]
                }
            ]
        },
        "md5": "4ed5d74a746461d3faa9f96995a1eec8",
        "trid": [
            {
                "file_type": "Generic CIL Executable (.NET, Mono, etc.)",
                "probability": 63.0
            },
            {
                "file_type": "Windows screen saver",
                "probability": 11.2
            },
            {
                "file_type": "Win64 Executable (generic)",
                "probability": 9.0
            },
            {
                "file_type": "Win32 Dynamic Link Library (generic)",
                "probability": 5.6
            },
            {
                "file_type": "Win32 Executable (generic)",
                "probability": 3.8
            }
        ],
        "popular_threat_classification": {
            "popular_threat_category": [
                {
                    "value": "trojan",
                    "count": 24
                },
                {
                    "value": "pua",
                    "count": 2
                }
            ],
            "suggested_threat_label": "trojan.agenttesla/minibus",
            "popular_threat_name": [
                {
                    "value": "agenttesla",
                    "count": 7
                },
                {
                    "value": "minibus",
                    "count": 3
                },
                {
                    "value": "msil",
                    "count": 2
                }
            ]
        },
        "last_analysis_date": 1711517819,
        "tlsh": "T13C369E01E241AA25C9D6B6787C7DA3BE0975E819BD4B612730D4FF3229C4940EC69BFC",
        "sandbox_verdicts": {
            "C2AE": {
                "category": "undetected",
                "sandbox_name": "C2AE",
                "malware_classification": [
                    "UNKNOWN_VERDICT"
                ]
            }
        },
        "sha1": "d9d513e6ddfe9e83df4540deed3c421f80c5ec41",
        "vhash": "24603675551390d94837e1255",
        "creation_date": 2326830591,
        "type_description": "Win32 EXE",
        "crowdsourced_ids_results": [
            {
                "rule_category": "Potentially Bad Traffic",
                "alert_severity": "low",
                "rule_msg": "ET POLICY DNS Query to DynDNS Domain *.ddns .net",
                "rule_raw": "alert dns $HOME_NET any -> any any (msg:\"ET POLICY DNS Query to DynDNS Domain *.ddns .net\"; dns.query; content:\".ddns.net\"; nocase; isdataat:!1,relative; reference:url,www.noip.com/support/faq/free-dynamic-dns-domains/; classtype:bad-unknown; sid:2028675; rev:2; metadata:affected_product Any, attack_target Client_Endpoint, created_at 2019_10_12, deployment Perimeter, former_category POLICY, performance_impact Low, signature_severity Informational, updated_at 2019_10_12;)",
                "rule_references": [
                    "https://www.noip.com/support/faq/free-dynamic-dns-domains/"
                ],
                "alert_context": [
                    {
                        "dest_ip": "8.8.8.8",
                        "dest_port": 53
                    }
                ],
                "rule_url": "https://rules.emergingthreats.net/",
                "rule_source": "Proofpoint Emerging Threats Open",
                "rule_id": "1:2028675"
            }
        ],
        "crowdsourced_yara_results": [
            {
                "ruleset_id": "00c291ca7f",
                "rule_name": "INDICATOR_EXE_Packed_Fody",
                "ruleset_name": "indicator_packed",
                "description": "Detects executables manipulated with Fody",
                "author": "ditekSHen",
                "source": "https://github.com/ditekshen/detection"
            }
        ],
        "detectiteasy": {
            "filetype": "PE32",
            "values": [
                {
                    "type": "Library",
                    "name": "Costura.Fody"
                },
                {
                    "version": "v4.0.30319",
                    "type": "Library",
                    "name": ".NET"
                },
                {
                    "type": "Linker",
                    "name": "Microsoft Linker"
                }
            ]
        },
        "crowdsourced_ids_stats": {
            "high": 0,
            "info": 0,
            "medium": 0,
            "low": 1
        },
        "tags": [
            "peexe",
            "assembly",
            "checks-user-input",
            "detect-debug-environment"
        ],
        "dot_net_assembly": {
            "entry_point_rva": 38492,
            "metadata_header_rva": 4906996,
            "assembly_name": "Quizora.exe",
            "resources_va": 4868504,
            "assembly_flags": 131075,
            "strongname_va": 0,
            "external_assemblies": {
                "System.Xaml": {
                    "version": "4.0.0.0"
                },
                "PresentationCore": {
                    "version": "4.0.0.0"
                },
                "System.Threading.Tasks.Extensions": {
                    "version": "4.2.0.1"
                },
                "WindowsBase": {
                    "version": "4.0.0.0"
                },
                "Microsoft.AspNetCore.Http.Connections.Client": {
                    "version": "5.0.2.0"
                },
                "System": {
                    "version": "4.0.0.0"
                },
                "Microsoft.AspNetCore.SignalR.Client": {
                    "version": "5.0.2.0"
                },
                "mscorlib": {
                    "version": "4.0.0.0"
                },
                "System.Runtime.Serialization": {
                    "version": "4.0.0.0"
                },
                "Microsoft.AspNetCore.SignalR.Client.Core": {
                    "version": "5.0.2.0"
                },
                "System.Core": {
                    "version": "4.0.0.0"
                },
                "PresentationFramework": {
                    "version": "4.0.0.0"
                }
            },
            "entry_point_token": 100663422,
            "tables_rows_map": "1b436019f011f01131e146310d00004000070203d3001a0000100c00001d1e2340",
            "streams": {
                "#GUID": {
                    "chi2": 272.0,
                    "md5": "4c67157f152f98312c64cb05022fe619",
                    "entropy": 3.875,
                    "size": 16
                },
                "#Blob": {
                    "chi2": 30528.23046875,
                    "md5": "6dfb11e7dc2ae730694a1a9d6623fe3d",
                    "entropy": 5.815927505493164,
                    "size": 4508
                },
                "#US": {
                    "chi2": 682777.375,
                    "md5": "e1723e2258d7b339ac8deb4d428d532b",
                    "entropy": 3.4639296531677246,
                    "size": 10364
                },
                "#~": {
                    "chi2": 422601.53125,
                    "md5": "044b7d3c8d487b3b7b94f5cedadb28c5",
                    "entropy": 5.644558906555176,
                    "size": 15832
                },
                "#Strings": {
                    "chi2": 142311.453125,
                    "md5": "209625a4888c25735beaef792feb94d6",
                    "entropy": 4.99888801574707,
                    "size": 13740
                }
            },
            "tables_present": 22,
            "assembly_flags_txt": "COMIMAGE_FLAGS_ILONLY, COMIMAGE_FLAGS_32BITREQUIRED",
            "assembly_data": {
                "majorversion": 4,
                "minorversion": 0,
                "hashalgid": 32772,
                "flags_text": "afPA_None",
                "buildnumber": 0,
                "flags": 0,
                "revisionnumber": 0,
                "name": "Quizora"
            },
            "clr_version": "v4.0.30319",
            "tables_present_map": "f090ba21f57",
            "manifest_resource": [
                "Quizora.Properties.Resources.resources",
                "Quizora.g.resources",
                "costura.costura.dll.compressed",
                "costura.microsoft.aspnetcore.connections.abstractions.dll.compressed",
                "costura.microsoft.aspnetcore.http.connections.client.dll.compressed",
                "costura.microsoft.aspnetcore.http.connections.common.dll.compressed",
                "costura.microsoft.aspnetcore.http.features.dll.compressed",
                "costura.microsoft.aspnetcore.signalr.client.core.dll.compressed",
                "costura.microsoft.aspnetcore.signalr.client.dll.compressed",
                "costura.microsoft.aspnetcore.signalr.common.dll.compressed",
                "costura.microsoft.aspnetcore.signalr.protocols.json.dll.compressed",
                "costura.microsoft.bcl.asyncinterfaces.dll.compressed",
                "costura.microsoft.extensions.dependencyinjection.abstractions.dll.compressed",
                "costura.microsoft.extensions.dependencyinjection.dll.compressed",
                "costura.microsoft.extensions.logging.abstractions.dll.compressed",
                "costura.microsoft.extensions.logging.dll.compressed",
                "costura.microsoft.extensions.options.dll.compressed",
                "costura.microsoft.extensions.primitives.dll.compressed",
                "costura.system.buffers.dll.compressed",
                "costura.system.diagnostics.diagnosticsource.dll.compressed",
                "costura.system.io.pipelines.dll.compressed",
                "costura.system.memory.dll.compressed",
                "costura.system.numerics.vectors.dll.compressed",
                "costura.system.runtime.compilerservices.unsafe.dll.compressed",
                "costura.system.text.encodings.web.dll.compressed",
                "costura.system.text.json.dll.compressed",
                "costura.system.threading.channels.dll.compressed",
                "costura.system.threading.tasks.extensions.dll.compressed",
                "costura.system.valuetuple.dll.compressed"
            ],
            "clr_meta_version": "1.1",
            "tables_rows_map_log": "498a997959867887467748",
            "type_definition_list": [
                {
                    "namespace": "System",
                    "type_definitions": [
                        "Object",
                        "Tuple`3",
                        "Exception",
                        "Type",
                        "Action`1",
                        "Action`2",
                        "Func`2",
                        "String",
                        "Uri",
                        "Int32",
                        "ValueType",
                        "Action",
                        "Environment",
                        "OperatingSystem",
                        "IDisposable",
                        "TimeSpan",
                        "Nullable`1",
                        "RuntimeTypeHandle",
                        "Array",
                        "Delegate",
                        "EventHandler",
                        "EventArgs",
                        "UriKind",
                        "STAThreadAttribute",
                        "AppDomain",
                        "StringComparison",
                        "Byte",
                        "ResolveEventArgs",
                        "ResolveEventHandler"
                    ]
                },
                {
                    "namespace": "System.Runtime.CompilerServices",
                    "type_definitions": [
                        "CompilerGeneratedAttribute",
                        "AsyncTaskMethodBuilder`1",
                        "AsyncStateMachineAttribute",
                        "AsyncTaskMethodBuilder",
                        "AsyncVoidMethodBuilder",
                        "IAsyncStateMachine",
                        "TaskAwaiter`1",
                        "TaskAwaiter",
                        "ValueTaskAwaiter",
                        "CompilationRelaxationsAttribute",
                        "RuntimeCompatibilityAttribute"
                    ]
                },
                {
                    "namespace": "System.Collections.Generic",
                    "type_definitions": [
                        "List`1",
                        "IDictionary`2",
                        "IEnumerable`1",
                        "Dictionary`2"
                    ]
                },
                {
                    "namespace": "Microsoft.AspNetCore.SignalR.Client",
                    "type_definitions": [
                        "HubConnection",
                        "HubConnectionState",
                        "HubConnectionBuilder",
                        "HubConnectionBuilderHttpExtensions",
                        "IHubConnectionBuilder",
                        "HubConnectionBuilderExtensions",
                        "IRetryPolicy",
                        "HubConnectionExtensions",
                        "RetryContext"
                    ]
                },
                {
                    "namespace": "System.Threading.Tasks",
                    "type_definitions": [
                        "Task`1",
                        "Task",
                        "ValueTask"
                    ]
                },
                {
                    "namespace": "Microsoft.AspNetCore.Http.Connections.Client",
                    "type_definitions": [
                        "HttpConnectionOptions"
                    ]
                },
                {
                    "namespace": "System.Net",
                    "type_definitions": [
                        "WebClient",
                        "WebHeaderCollection",
                        "HttpRequestHeader"
                    ]
                },
                {
                    "namespace": "System.Text",
                    "type_definitions": [
                        "Encoding"
                    ]
                },
                {
                    "namespace": "System.Diagnostics",
                    "type_definitions": [
                        "DebuggerHiddenAttribute",
                        "DebuggerNonUserCodeAttribute",
                        "DebuggableAttribute"
                    ]
                },
                {
                    "namespace": "System.IO",
                    "type_definitions": [
                        "File",
                        "MemoryStream",
                        "StreamWriter",
                        "Stream",
                        "TextWriter",
                        "Path",
                        "UnmanagedMemoryStream"
                    ]
                },
                {
                    "namespace": "System.Threading",
                    "type_definitions": [
                        "CancellationToken",
                        "Monitor",
                        "Interlocked"
                    ]
                },
                {
                    "namespace": "System.Runtime.Serialization.Json",
                    "type_definitions": [
                        "DataContractJsonSerializer"
                    ]
                },
                {
                    "namespace": "System.Runtime.Serialization",
                    "type_definitions": [
                        "XmlObjectSerializer",
                        "DataMemberAttribute",
                        "DataContractAttribute"
                    ]
                },
                {
                    "namespace": "System.Windows",
                    "type_definitions": [
                        "Window",
                        "RoutedEventArgs",
                        "UIElement",
                        "Visibility",
                        "FrameworkElement",
                        "Application",
                        "RoutedEventHandler",
                        "Thickness",
                        "HorizontalAlignment",
                        "ThemeInfoAttribute",
                        "ResourceDictionaryLocation"
                    ]
                },
                {
                    "namespace": "System.Windows.Markup",
                    "type_definitions": [
                        "IComponentConnector"
                    ]
                },
                {
                    "namespace": "System.Windows.Media",
                    "type_definitions": [
                        "BrushConverter",
                        "Brush",
                        "ImageSource",
                        "FontFamily",
                        "ImageBrush"
                    ]
                },
                {
                    "namespace": "System.Windows.Threading",
                    "type_definitions": [
                        "DispatcherTimer",
                        "DispatcherObject",
                        "Dispatcher",
                        "DispatcherOperation",
                        "DispatcherPriority"
                    ]
                },
                {
                    "namespace": "System.Windows.Controls",
                    "type_definitions": [
                        "Image",
                        "TextBlock",
                        "Border",
                        "Button",
                        "Canvas",
                        "TextBox",
                        "ScrollViewer",
                        "ItemsControl",
                        "ContentControl",
                        "ItemCollection",
                        "TextChangedEventArgs",
                        "TextChangedEventHandler",
                        "Frame",
                        "Control",
                        "Label",
                        "PasswordBox",
                        "Page",
                        "RichTextBox",
                        "StackPanel",
                        "UserControl"
                    ]
                },
                {
                    "namespace": "System.Windows.Shapes",
                    "type_definitions": [
                        "Rectangle",
                        "Shape",
                        "Path",
                        "Ellipse"
                    ]
                },
                {
                    "namespace": "System.ComponentModel",
                    "type_definitions": [
                        "TypeConverter",
                        "EditorBrowsableAttribute",
                        "EditorBrowsableState"
                    ]
                },
                {
                    "namespace": "uncategorized",
                    "type_definitions": [
                        "Enumerator",
                        "DebuggingModes"
                    ]
                },
                {
                    "namespace": "System.Windows.Data",
                    "type_definitions": [
                        "CollectionView"
                    ]
                },
                {
                    "namespace": "System.Linq",
                    "type_definitions": [
                        "Enumerable"
                    ]
                },
                {
                    "namespace": "System.Windows.Input",
                    "type_definitions": [
                        "MouseButtonEventArgs",
                        "KeyEventArgs",
                        "MouseButtonEventHandler",
                        "KeyEventHandler",
                        "MouseEventArgs",
                        "Key",
                        "MouseEventHandler"
                    ]
                },
                {
                    "namespace": "System.Media",
                    "type_definitions": [
                        "SystemSounds",
                        "SystemSound",
                        "SoundPlayer"
                    ]
                },
                {
                    "namespace": "System.CodeDom.Compiler",
                    "type_definitions": [
                        "GeneratedCodeAttribute"
                    ]
                },
                {
                    "namespace": "System.Windows.Controls.Primitives",
                    "type_definitions": [
                        "ButtonBase",
                        "TextBoxBase"
                    ]
                },
                {
                    "namespace": "Microsoft.Win32",
                    "type_definitions": [
                        "OpenFileDialog",
                        "FileDialog",
                        "CommonDialog",
                        "SaveFileDialog"
                    ]
                },
                {
                    "namespace": "System.Windows.Media.Imaging",
                    "type_definitions": [
                        "BitmapImage"
                    ]
                },
                {
                    "namespace": "System.Windows.Navigation",
                    "type_definitions": [
                        "NavigationEventArgs",
                        "NavigatedEventHandler"
                    ]
                },
                {
                    "namespace": "System.Resources",
                    "type_definitions": [
                        "ResourceManager",
                        "NeutralResourcesLanguageAttribute"
                    ]
                },
                {
                    "namespace": "System.Globalization",
                    "type_definitions": [
                        "CultureInfo"
                    ]
                },
                {
                    "namespace": "System.Reflection",
                    "type_definitions": [
                        "Assembly",
                        "AssemblyName",
                        "AssemblyNameFlags",
                        "AssemblyTitleAttribute",
                        "AssemblyDescriptionAttribute",
                        "AssemblyConfigurationAttribute",
                        "AssemblyCompanyAttribute",
                        "AssemblyProductAttribute",
                        "AssemblyCopyrightAttribute",
                        "AssemblyTrademarkAttribute",
                        "AssemblyFileVersionAttribute"
                    ]
                },
                {
                    "namespace": "System.Configuration",
                    "type_definitions": [
                        "ApplicationSettingsBase",
                        "SettingsBase"
                    ]
                },
                {
                    "namespace": "System.Windows.Documents",
                    "type_definitions": [
                        "Paragraph",
                        "Run",
                        "Inline",
                        "TextElement",
                        "Block",
                        "FlowDocument",
                        "BlockCollection",
                        "TextElementCollection`1"
                    ]
                },
                {
                    "namespace": "System.Text.RegularExpressions",
                    "type_definitions": [
                        "Regex"
                    ]
                },
                {
                    "namespace": "System.IO.Compression",
                    "type_definitions": [
                        "DeflateStream",
                        "CompressionMode"
                    ]
                },
                {
                    "namespace": "System.Runtime.InteropServices",
                    "type_definitions": [
                        "ComVisibleAttribute"
                    ]
                },
                {
                    "namespace": "System.Runtime.Versioning",
                    "type_definitions": [
                        "TargetFrameworkAttribute"
                    ]
                }
            ]
        },
        "last_submission_date": 1709686784,
        "dot_net_guids": {
            "mvid": "7714aab9-011c-434a-b940-6531ab05bc55"
        },
        "reputation": 0,
        "type_tags": [
            "executable",
            "windows",
            "win32",
            "pe",
            "peexe"
        ],
        "ssdeep": "98304:adLUEBzjYz067yqu/mnFQOi33nFbO4KSgPTPgS8NAvKBUuYDcvwu3707iQMMvozt:aZ220JyNtjSkQYagF",
        "signature_info": {
            "description": "Quizora",
            "file version": "4.0.0.0",
            "original name": "Quizora.exe",
            "product": "Quizora",
            "comments": "Quizora",
            "internal name": "Quizora.exe",
            "copyright": "Copyright ©  2021"
        },
        "last_modification_date": 1712020169,
        "size": 4954112,
        "first_submission_date": 1708420157,
        "authentihash": "f7a4c83cdd86661601d2b1d17c4cb2b4e102d70d2a933f296a0b1a36c3bd39a9",
        "type_tag": "peexe",
        "sha256": "23f6cefdce551431675506cb1c438feb2c66d38d1c77ebefe0fd5042e677ff80",
        "times_submitted": 2,
        "packers": {
            "PEiD": ".NET executable"
        },
        "names": [
            "essential.dat",
            "Quizora.exe"
        ],
        "last_analysis_results": {
            "Bkav": {
                "method": "blacklist",
                "engine_name": "Bkav",
                "engine_version": "2.0.0.1",
                "engine_update": "20240327",
                "category": "malicious",
                "result": "W32.AIDetectMalware.CS"
            },
            "Lionic": {
                "method": "blacklist",
                "engine_name": "Lionic",
                "engine_version": "7.5",
                "engine_update": "20240326",
                "category": "malicious",
                "result": "Trojan.Win32.AgentTesla.4!c"
            },
            "tehtris": {
                "method": "blacklist",
                "engine_name": "tehtris",
                "engine_version": "v0.1.4",
                "engine_update": "20240327",
                "category": "undetected",
                "result": null
            },
            "MicroWorld-eScan": {
                "method": "blacklist",
                "engine_name": "MicroWorld-eScan",
                "engine_version": "14.0.409.0",
                "engine_update": "20240327",
                "category": "malicious",
                "result": "Trojan.GenericKD.71815024"
            },
            "FireEye": {
                "method": "blacklist",
                "engine_name": "FireEye",
                "engine_version": "35.47.0.0",
                "engine_update": "20240327",
                "category": "malicious",
                "result": "Trojan.GenericKD.71815024"
            },
            "CAT-QuickHeal": {
                "method": "blacklist",
                "engine_name": "CAT-QuickHeal",
                "engine_version": "22.00",
                "engine_update": "20240326",
                "category": "undetected",
                "result": null
            },
            "Skyhigh": {
                "method": "blacklist",
                "engine_name": "Skyhigh",
                "engine_version": "v2021.2.0+4045",
                "engine_update": "20240326",
                "category": "malicious",
                "result": "Backdoor.gen.ae"
            },
            "McAfee": {
                "method": "blacklist",
                "engine_name": "McAfee",
                "engine_version": "6.0.6.653",
                "engine_update": "20240326",
                "category": "malicious",
                "result": "Backdoor.gen.ae"
            },
            "Malwarebytes": {
                "method": "blacklist",
                "engine_name": "Malwarebytes",
                "engine_version": "4.5.5.54",
                "engine_update": "20240327",
                "category": "malicious",
                "result": "Generic.Malware/Suspicious"
            },
            "Zillya": {
                "method": "blacklist",
                "engine_name": "Zillya",
                "engine_version": "2.0.0.5079",
                "engine_update": "20240326",
                "category": "undetected",
                "result": null
            },
            "Sangfor": {
                "method": "blacklist",
                "engine_name": "Sangfor",
                "engine_version": "2.23.0.0",
                "engine_update": "20240318",
                "category": "undetected",
                "result": null
            },
            "K7AntiVirus": {
                "method": "blacklist",
                "engine_name": "K7AntiVirus",
                "engine_version": "12.150.51503",
                "engine_update": "20240327",
                "category": "malicious",
                "result": "Riskware ( 00584baa1 )"
            },
            "Alibaba": {
                "method": "blacklist",
                "engine_name": "Alibaba",
                "engine_version": "0.3.0.5",
                "engine_update": "20190527",
                "category": "malicious",
                "result": "Trojan:Win32/AgentTesla.55aac8e5"
            },
            "K7GW": {
                "method": "blacklist",
                "engine_name": "K7GW",
                "engine_version": "12.150.51503",
                "engine_update": "20240327",
                "category": "malicious",
                "result": "Riskware ( 00584baa1 )"
            },
            "Cybereason": {
                "method": "blacklist",
                "engine_name": "Cybereason",
                "engine_version": "1.2.449",
                "engine_update": "20240304",
                "category": "malicious",
                "result": "malicious.a74646"
            },
            "BitDefenderTheta": {
                "method": "blacklist",
                "engine_name": "BitDefenderTheta",
                "engine_version": "7.2.37796.0",
                "engine_update": "20240305",
                "category": "undetected",
                "result": null
            },
            "VirIT": {
                "method": "blacklist",
                "engine_name": "VirIT",
                "engine_version": "9.5.670",
                "engine_update": "20240326",
                "category": "undetected",
                "result": null
            },
            "Symantec": {
                "method": "blacklist",
                "engine_name": "Symantec",
                "engine_version": "1.21.0.0",
                "engine_update": "20240327",
                "category": "malicious",
                "result": "Trojan Horse"
            },
            "Elastic": {
                "method": "blacklist",
                "engine_name": "Elastic",
                "engine_version": "4.0.135",
                "engine_update": "20240321",
                "category": "undetected",
                "result": null
            },
            "ESET-NOD32": {
                "method": "blacklist",
                "engine_name": "ESET-NOD32",
                "engine_version": "28961",
                "engine_update": "20240327",
                "category": "undetected",
                "result": null
            },
            "APEX": {
                "method": "blacklist",
                "engine_name": "APEX",
                "engine_version": "6.514",
                "engine_update": "20240325",
                "category": "malicious",
                "result": "Malicious"
            },
            "TrendMicro-HouseCall": {
                "method": "blacklist",
                "engine_name": "TrendMicro-HouseCall",
                "engine_version": "10.0.0.1040",
                "engine_update": "20240327",
                "category": "malicious",
                "result": "Trojan.MSIL.MINIBUS.YMECM"
            },
            "Paloalto": {
                "method": "blacklist",
                "engine_name": "Paloalto",
                "engine_version": "0.9.0.1003",
                "engine_update": "20240327",
                "category": "undetected",
                "result": null
            },
            "ClamAV": {
                "method": "blacklist",
                "engine_name": "ClamAV",
                "engine_version": "1.3.0.0",
                "engine_update": "20240326",
                "category": "undetected",
                "result": null
            },
            "Kaspersky": {
                "method": "blacklist",
                "engine_name": "Kaspersky",
                "engine_version": "22.0.1.28",
                "engine_update": "20240327",
                "category": "undetected",
                "result": null
            },
            "BitDefender": {
                "method": "blacklist",
                "engine_name": "BitDefender",
                "engine_version": "7.2",
                "engine_update": "20240327",
                "category": "malicious",
                "result": "Trojan.GenericKD.71815024"
            },
            "NANO-Antivirus": {
                "method": "blacklist",
                "engine_name": "NANO-Antivirus",
                "engine_version": "1.0.146.25796",
                "engine_update": "20240326",
                "category": "undetected",
                "result": null
            },
            "SUPERAntiSpyware": {
                "method": "blacklist",
                "engine_name": "SUPERAntiSpyware",
                "engine_version": "5.6.0.1032",
                "engine_update": "20240326",
                "category": "undetected",
                "result": null
            },
            "Avast": {
                "method": "blacklist",
                "engine_name": "Avast",
                "engine_version": "23.9.8494.0",
                "engine_update": "20240327",
                "category": "malicious",
                "result": "Win32:MalwareX-gen [Trj]"
            },
            "Tencent": {
                "method": "blacklist",
                "engine_name": "Tencent",
                "engine_version": "1.0.0.1",
                "engine_update": "20240327",
                "category": "undetected",
                "result": null
            },
            "TACHYON": {
                "method": "blacklist",
                "engine_name": "TACHYON",
                "engine_version": "2024-03-27.01",
                "engine_update": "20240327",
                "category": "undetected",
                "result": null
            },
            "Emsisoft": {
                "method": "blacklist",
                "engine_name": "Emsisoft",
                "engine_version": "2022.6.0.32461",
                "engine_update": "20240327",
                "category": "malicious",
                "result": "Trojan.GenericKD.71815024 (B)"
            },
            "Baidu": {
                "method": "blacklist",
                "engine_name": "Baidu",
                "engine_version": "1.0.0.2",
                "engine_update": "20190318",
                "category": "undetected",
                "result": null
            },
            "F-Secure": {
                "method": "blacklist",
                "engine_name": "F-Secure",
                "engine_version": "18.10.1547.307",
                "engine_update": "20240327",
                "category": "malicious",
                "result": "Trojan.TR/Tesla.yhiez"
            },
            "DrWeb": {
                "method": "blacklist",
                "engine_name": "DrWeb",
                "engine_version": "7.0.62.1180",
                "engine_update": "20240327",
                "category": "undetected",
                "result": null
            },
            "VIPRE": {
                "method": "blacklist",
                "engine_name": "VIPRE",
                "engine_version": "6.0.0.35",
                "engine_update": "20240326",
                "category": "malicious",
                "result": "Trojan.GenericKD.71815024"
            },
            "TrendMicro": {
                "method": "blacklist",
                "engine_name": "TrendMicro",
                "engine_version": "11.0.0.1006",
                "engine_update": "20240327",
                "category": "malicious",
                "result": "Trojan.MSIL.MINIBUS.YMECM"
            },
            "Trapmine": {
                "method": "blacklist",
                "engine_name": "Trapmine",
                "engine_version": "4.0.16.96",
                "engine_update": "20240223",
                "category": "undetected",
                "result": null
            },
            "CMC": {
                "method": "blacklist",
                "engine_name": "CMC",
                "engine_version": "2.4.2022.1",
                "engine_update": "20240323",
                "category": "undetected",
                "result": null
            },
            "Sophos": {
                "method": "blacklist",
                "engine_name": "Sophos",
                "engine_version": "2.4.3.0",
                "engine_update": "20240327",
                "category": "malicious",
                "result": "Mal/Generic-S"
            },
            "SentinelOne": {
                "method": "blacklist",
                "engine_name": "SentinelOne",
                "engine_version": "24.1.0.5",
                "engine_update": "20240129",
                "category": "undetected",
                "result": null
            },
            "Jiangmin": {
                "method": "blacklist",
                "engine_name": "Jiangmin",
                "engine_version": "16.0.100",
                "engine_update": "20240326",
                "category": "undetected",
                "result": null
            },
            "Google": {
                "method": "blacklist",
                "engine_name": "Google",
                "engine_version": "1711512025",
                "engine_update": "20240327",
                "category": "malicious",
                "result": "Detected"
            },
            "Avira": {
                "method": "blacklist",
                "engine_name": "Avira",
                "engine_version": "8.3.3.18",
                "engine_update": "20240327",
                "category": "malicious",
                "result": "TR/Tesla.yhiez"
            },
            "Varist": {
                "method": "blacklist",
                "engine_name": "Varist",
                "engine_version": "6.5.1.2",
                "engine_update": "20240327",
                "category": "malicious",
                "result": "W32/Agent.DJIT-7280"
            },
            "Antiy-AVL": {
                "method": "blacklist",
                "engine_name": "Antiy-AVL",
                "engine_version": "3.0",
                "engine_update": "20240327",
                "category": "malicious",
                "result": "Trojan/Win32.AgentTesla"
            },
            "Kingsoft": {
                "method": "blacklist",
                "engine_name": "Kingsoft",
                "engine_version": "None",
                "engine_update": "20230906",
                "category": "malicious",
                "result": "Win32.Troj.Generic.v"
            },
            "Microsoft": {
                "method": "blacklist",
                "engine_name": "Microsoft",
                "engine_version": "1.1.24020.9",
                "engine_update": "20240327",
                "category": "malicious",
                "result": "Trojan:Win32/AgentTesla!MSR"
            },
            "Gridinsoft": {
                "method": "blacklist",
                "engine_name": "Gridinsoft",
                "engine_version": "1.0.170.174",
                "engine_update": "20240327",
                "category": "undetected",
                "result": null
            },
            "Xcitium": {
                "method": "blacklist",
                "engine_name": "Xcitium",
                "engine_version": "36558",
                "engine_update": "20240326",
                "category": "undetected",
                "result": null
            },
            "Arcabit": {
                "method": "blacklist",
                "engine_name": "Arcabit",
                "engine_version": "2022.0.0.18",
                "engine_update": "20240327",
                "category": "malicious",
                "result": "Trojan.Generic.D447CF70"
            },
            "ViRobot": {
                "method": "blacklist",
                "engine_name": "ViRobot",
                "engine_version": "2014.3.20.0",
                "engine_update": "20240327",
                "category": "undetected",
                "result": null
            },
            "ZoneAlarm": {
                "method": "blacklist",
                "engine_name": "ZoneAlarm",
                "engine_version": "1.0",
                "engine_update": "20240327",
                "category": "undetected",
                "result": null
            },
            "GData": {
                "method": "blacklist",
                "engine_name": "GData",
                "engine_version": "A:25.37649B:27.35419",
                "engine_update": "20240327",
                "category": "malicious",
                "result": "Trojan.GenericKD.71815024"
            },
            "Cynet": {
                "method": "blacklist",
                "engine_name": "Cynet",
                "engine_version": "4.0.1.1",
                "engine_update": "20240327",
                "category": "undetected",
                "result": null
            },
            "AhnLab-V3": {
                "method": "blacklist",
                "engine_name": "AhnLab-V3",
                "engine_version": "3.25.1.10473",
                "engine_update": "20240327",
                "category": "malicious",
                "result": "Backdoor/Win.MINIBUS.C5595589"
            },
            "Acronis": {
                "method": "blacklist",
                "engine_name": "Acronis",
                "engine_version": "1.2.0.121",
                "engine_update": "20230828",
                "category": "undetected",
                "result": null
            },
            "VBA32": {
                "method": "blacklist",
                "engine_name": "VBA32",
                "engine_version": "5.0.0",
                "engine_update": "20240327",
                "category": "undetected",
                "result": null
            },
            "ALYac": {
                "method": "blacklist",
                "engine_name": "ALYac",
                "engine_version": "2.0.0.9",
                "engine_update": "20240327",
                "category": "malicious",
                "result": "Trojan.Agent.Wacatac"
            },
            "MAX": {
                "method": "blacklist",
                "engine_name": "MAX",
                "engine_version": "2023.1.4.1",
                "engine_update": "20240327",
                "category": "malicious",
                "result": "malware (ai score=86)"
            },
            "Cylance": {
                "method": "blacklist",
                "engine_name": "Cylance",
                "engine_version": "2.0.0.0",
                "engine_update": "20240320",
                "category": "malicious",
                "result": "unsafe"
            },
            "Panda": {
                "method": "blacklist",
                "engine_name": "Panda",
                "engine_version": "4.6.4.2",
                "engine_update": "20240326",
                "category": "malicious",
                "result": "Trj/Chgt.AD"
            },
            "Zoner": {
                "method": "blacklist",
                "engine_name": "Zoner",
                "engine_version": "2.2.2.0",
                "engine_update": "20240327",
                "category": "undetected",
                "result": null
            },
            "Rising": {
                "method": "blacklist",
                "engine_name": "Rising",
                "engine_version": "25.0.0.27",
                "engine_update": "20240327",
                "category": "malicious",
                "result": "Trojan.AgentTesla!8.104D5 (CLOUD)"
            },
            "Yandex": {
                "method": "blacklist",
                "engine_name": "Yandex",
                "engine_version": "5.5.2.24",
                "engine_update": "20240326",
                "category": "undetected",
                "result": null
            },
            "Ikarus": {
                "method": "blacklist",
                "engine_name": "Ikarus",
                "engine_version": "6.3.12.0",
                "engine_update": "20240326",
                "category": "malicious",
                "result": "Trojan.Win32.AgentTesla"
            },
            "MaxSecure": {
                "method": "blacklist",
                "engine_name": "MaxSecure",
                "engine_version": "1.0.0.1",
                "engine_update": "20240326",
                "category": "malicious",
                "result": "Trojan.Malware.235275037.susgen"
            },
            "Fortinet": {
                "method": "blacklist",
                "engine_name": "Fortinet",
                "engine_version": "None",
                "engine_update": "20240327",
                "category": "malicious",
                "result": "PossibleThreat"
            },
            "AVG": {
                "method": "blacklist",
                "engine_name": "AVG",
                "engine_version": "23.9.8494.0",
                "engine_update": "20240327",
                "category": "malicious",
                "result": "Win32:MalwareX-gen [Trj]"
            },
            "DeepInstinct": {
                "method": "blacklist",
                "engine_name": "DeepInstinct",
                "engine_version": "5.0.0.8",
                "engine_update": "20240326",
                "category": "malicious",
                "result": "MALICIOUS"
            },
            "CrowdStrike": {
                "method": "blacklist",
                "engine_name": "CrowdStrike",
                "engine_version": "1.0",
                "engine_update": "20231026",
                "category": "malicious",
                "result": "win/malicious_confidence_60% (W)"
            },
            "alibabacloud": {
                "method": "blacklist",
                "engine_name": "alibabacloud",
                "engine_version": "2.0.3",
                "engine_update": "20240321",
                "category": "malicious",
                "result": "Trojan:Win/AgentTesla"
            },
            "Trustlook": {
                "method": "blacklist",
                "engine_name": "Trustlook",
                "engine_version": "1.0",
                "engine_update": "20240327",
                "category": "type-unsupported",
                "result": null
            },
            "SymantecMobileInsight": {
                "method": "blacklist",
                "engine_name": "SymantecMobileInsight",
                "engine_version": "2.0",
                "engine_update": "20240103",
                "category": "type-unsupported",
                "result": null
            },
            "BitDefenderFalx": {
                "method": "blacklist",
                "engine_name": "BitDefenderFalx",
                "engine_version": "2.0.936",
                "engine_update": "20240128",
                "category": "type-unsupported",
                "result": null
            },
            "Avast-Mobile": {
                "method": "blacklist",
                "engine_name": "Avast-Mobile",
                "engine_version": "240326-00",
                "engine_update": "20240326",
                "category": "type-unsupported",
                "result": null
            }
        },
        "total_votes": {
            "harmless": 0,
            "malicious": 0
        },
        "type_extension": "exe",
        "last_analysis_stats": {
            "malicious": 42,
            "suspicious": 0,
            "undetected": 30,
            "harmless": 0,
            "timeout": 0,
            "confirmed-timeout": 0,
            "failure": 0,
            "type-unsupported": 4
        },
        "meaningful_name": "Quizora.exe",
        "magic": "PE32 executable (GUI) Intel 80386 Mono/.Net assembly, for MS Windows"
    },
    "id": "23f6cefdce551431675506cb1c438feb2c66d38d1c77ebefe0fd5042e677ff80"
}