{
    "SourceFile": "C:/Users/ricewater/Documents/MITREandCrowdstrikeApr2024Samples/23f6cefdce551431675506cb1c438feb2c66d38d1c77ebefe0fd5042e677ff80/23f6cefdce551431675506cb1c438feb2c66d38d1c77ebefe0fd5042e677ff80",
    "ExifToolVersion": 12.4,
    "FileName": "23f6cefdce551431675506cb1c438feb2c66d38d1c77ebefe0fd5042e677ff80",
    "Directory": "C:/Users/ricewater/Documents/MITREandCrowdstrikeApr2024Samples/23f6cefdce551431675506cb1c438feb2c66d38d1c77ebefe0fd5042e677ff80",
    "FileSize": "4.7 MiB",
    "FileModifyDate": "2024:04:02 22:25:44+02:00",
    "FileAccessDate": "2024:04:04 06:48:12+02:00",
    "FileCreateDate": "2024:04:03 17:50:59+02:00",
    "FilePermissions": "-rw-rw-rw-",
    "FileType": "Win32 EXE",
    "FileTypeExtension": "exe",
    "MIMEType": "application/octet-stream",
    "MachineType": "Intel 386 or later, and compatibles",
    "TimeStamp": "2043:09:25 23:49:51+02:00",
    "ImageFileCharacteristics": "Executable, 32-bit",
    "PEType": "PE32",
    "LinkerVersion": 48.0,
    "CodeSize": 4943872,
    "InitializedDataSize": 9728,
    "UninitializedDataSize": 0,
    "EntryPoint": "0x4b8efe",
    "OSVersion": 4.0,
    "ImageVersion": 0.0,
    "SubsystemVersion": 6.0,
    "Subsystem": "Windows GUI",
    "FileVersionNumber": "4.0.0.0",
    "ProductVersionNumber": "4.0.0.0",
    "FileFlagsMask": "0x003f",
    "FileFlags": "(none)",
    "FileOS": "Win32",
    "ObjectFileType": "Executable application",
    "FileSubtype": 0,
    "LanguageCode": "Neutral",
    "CharacterSet": "Unicode",
    "Comments": "Quizora",
    "CompanyName": "Quizora Company",
    "FileDescription": "Quizora",
    "FileVersion": "4.0.0.0",
    "InternalName": "Quizora.exe",
    "LegalCopyright": "Copyright \u00c2\u00a9  2021",
    "LegalTrademarks": "Quizora Application",
    "OriginalFileName": "Quizora.exe",
    "ProductName": "Quizora",
    "ProductVersion": "4.0.0.0",
    "AssemblyVersion": "4.0.0.0"
}