{
    "Date of compilation": "Sep 25 2043 at 21:49:51",
    "Imphash": "ca86a91acd146f5d8f9c3c418b3dfc23",
    "Optional header": {
        "addressof_entrypoint": 4951806,
        "baseof_code": 8192,
        "baseof_data": 0,
        "checksum": 0,
        "computed_checksum": 4964392,
        "dll_characteristics": 34144,
        "dll_characteristics_lists": [
            {
                "HIGH_ENTROPY_VA": 32
            },
            {
                "NX_COMPAT": 256
            },
            {
                "DYNAMIC_BASE": 64
            },
            {
                "TERMINAL_SERVER_AWARE": 32768
            },
            {
                "NO_SEH": 1024
            }
        ],
        "file_alignment": 512,
        "imagebase": 4194304,
        "loader_flags": 0,
        "magic": {
            "PE32": 267
        },
        "major_image_version": 0,
        "major_linker_version": 48,
        "major_operating_system_version": 4,
        "major_subsystem_version": 6,
        "minor_image_version": 0,
        "minor_linker_version": 0,
        "minor_operating_system_version": 0,
        "minor_subsystem_version": 0,
        "numberof_rva_and_size": 16,
        "section_alignment": 8192,
        "sizeof_code": 4943872,
        "sizeof_headers": 512,
        "sizeof_heap_commit": 4096,
        "sizeof_heap_reserve": 1048576,
        "sizeof_image": 4980736,
        "sizeof_initialized_data": 9728,
        "sizeof_stack_commit": 4096,
        "sizeof_stack_reserve": 1048576,
        "sizeof_uninitialized_data": 0,
        "subsystem": {
            "WINDOWS_GUI": 2
        },
        "win32_version_value": 0
    },
    "Platform": "EXEfile",
    "CPU type": "MACHINE_TYPES.I386",
    "File type": "Unknown",
    "Entrypoint": 9146110,
    "Number of sections": 3,
    "Sections": [
        {
            "Name": ".text",
            "Virtual address": "0x2000",
            "Virtual size": "4943620 bytes",
            "Offset": "0x200",
            "Size": "4943872 bytes",
            "Entropy": 7.4491
        },
        {
            "Name": ".rsrc",
            "Virtual address": "0x4ba000",
            "Virtual size": "8816   bytes",
            "Offset": "0x4b7200",
            "Size": "9216   bytes",
            "Entropy": 5.1497
        },
        {
            "Name": ".reloc",
            "Virtual address": "0x4be000",
            "Virtual size": "12     bytes",
            "Offset": "0x4b9600",
            "Size": "512    bytes",
            "Entropy": 1.585
        }
    ],
    "Imported functions": [
        "_CorExeMain"
    ],
    "Exported functions": [],
    "Resources": {
        "Name": "No name",
        "Number of childs": 4,
        "Depth": 0,
        "Type": "Directory",
        "Id": "0x0"
    },
    "Resource manager": {
        "Type": "RESOURCE_TYPES.VERSION, RESOURCE_TYPES.MANIFEST, RESOURCE_TYPES.ICON, RESOURCE_TYPES.GROUP_ICON",
        "Language": "RESOURCE_LANGS.NEUTRAL",
        "Sub-language": "RESOURCE_SUBLANGS.DEFAULT"
    },
    "Libraries": [
        "mscoree.dll"
    ],
    "Imports Name": [
        "mscoree.dll"
    ],
    "Imports Function IAT": [
        "0x2000"
    ],
    "Imports Function name": [
        "_CorExeMain"
    ]
}