{
    "type": "file",
    "attributes": {
        "total_votes": {
            "harmless": 0,
            "malicious": 2
        },
        "meaningful_name": "QcLite.dll",
        "last_submission_date": 1658906875,
        "type_tags": [
            "executable",
            "windows",
            "win32",
            "pe",
            "pedll"
        ],
        "tlsh": "T1EC334A1072A28077D12B663448A596626EAF7E416BF081DB7F9807B96FB02C0DF3C357",
        "magic": "PE32 executable (DLL) (GUI) Intel 80386, for MS Windows",
        "last_modification_date": 1710510779,
        "type_tag": "pedll",
        "trid": [
            {
                "file_type": "Win32 Executable MS Visual C++ (generic)",
                "probability": 47.3
            },
            {
                "file_type": "Win64 Executable (generic)",
                "probability": 15.9
            },
            {
                "file_type": "Win32 Dynamic Link Library (generic)",
                "probability": 9.9
            },
            {
                "file_type": "Win16 NE executable (generic)",
                "probability": 7.6
            },
            {
                "file_type": "Win32 Executable (generic)",
                "probability": 6.8
            }
        ],
        "authentihash": "63c980845e988f857608d8ab1cce1efa3a04331119014abb31583fe408099843",
        "last_analysis_stats": {
            "malicious": 55,
            "suspicious": 0,
            "undetected": 15,
            "harmless": 0,
            "timeout": 1,
            "confirmed-timeout": 0,
            "failure": 0,
            "type-unsupported": 5
        },
        "last_analysis_results": {
            "Bkav": {
                "method": "blacklist",
                "engine_name": "Bkav",
                "engine_version": "2.0.0.1",
                "engine_update": "20240216",
                "category": "malicious",
                "result": "W32.Common.F0EC4CC5"
            },
            "Lionic": {
                "method": "blacklist",
                "engine_name": "Lionic",
                "engine_version": "7.5",
                "engine_update": "20240215",
                "category": "malicious",
                "result": "Trojan.Win32.Runner.4!c"
            },
            "Elastic": {
                "method": "blacklist",
                "engine_name": "Elastic",
                "engine_version": "4.0.129",
                "engine_update": "20240214",
                "category": "malicious",
                "result": "malicious (high confidence)"
            },
            "MicroWorld-eScan": {
                "method": "blacklist",
                "engine_name": "MicroWorld-eScan",
                "engine_version": "14.0.409.0",
                "engine_update": "20240215",
                "category": "malicious",
                "result": "Gen:Variant.Jaik.94450"
            },
            "FireEye": {
                "method": "blacklist",
                "engine_name": "FireEye",
                "engine_version": "35.47.0.0",
                "engine_update": "20240215",
                "category": "malicious",
                "result": "Generic.mg.6d2e6a61eede06fa"
            },
            "CAT-QuickHeal": {
                "method": "blacklist",
                "engine_name": "CAT-QuickHeal",
                "engine_version": "22.00",
                "engine_update": "20240215",
                "category": "undetected",
                "result": null
            },
            "Skyhigh": {
                "method": "blacklist",
                "engine_name": "Skyhigh",
                "engine_version": "v2021.2.0+4045",
                "engine_update": "20240215",
                "category": "malicious",
                "result": "Trojan-FPYV!6D2E6A61EEDE"
            },
            "McAfee": {
                "method": "blacklist",
                "engine_name": "McAfee",
                "engine_version": "6.0.6.653",
                "engine_update": "20240215",
                "category": "malicious",
                "result": "Trojan-FPYV!6D2E6A61EEDE"
            },
            "Cylance": {
                "method": "blacklist",
                "engine_name": "Cylance",
                "engine_version": "2.0.0.0",
                "engine_update": "20240208",
                "category": "malicious",
                "result": "unsafe"
            },
            "Zillya": {
                "method": "blacklist",
                "engine_name": "Zillya",
                "engine_version": "2.0.0.5052",
                "engine_update": "20240215",
                "category": "malicious",
                "result": "Trojan.Agentb.Win32.22429"
            },
            "Sangfor": {
                "method": "blacklist",
                "engine_name": "Sangfor",
                "engine_version": "2.23.0.0",
                "engine_update": "20240129",
                "category": "malicious",
                "result": "Trojan.Win32.Runner.Vttb"
            },
            "K7AntiVirus": {
                "method": "blacklist",
                "engine_name": "K7AntiVirus",
                "engine_version": "12.142.51085",
                "engine_update": "20240215",
                "category": "malicious",
                "result": "Trojan ( 0054d8091 )"
            },
            "Alibaba": {
                "method": "blacklist",
                "engine_name": "Alibaba",
                "engine_version": "0.3.0.5",
                "engine_update": "20190527",
                "category": "malicious",
                "result": "Trojan:Win32/Runner.9fa5d484"
            },
            "K7GW": {
                "method": "blacklist",
                "engine_name": "K7GW",
                "engine_version": "12.142.51085",
                "engine_update": "20240215",
                "category": "malicious",
                "result": "Trojan ( 0054d8091 )"
            },
            "CrowdStrike": {
                "method": "blacklist",
                "engine_name": "CrowdStrike",
                "engine_version": "1.0",
                "engine_update": "20231026",
                "category": "malicious",
                "result": "win/malicious_confidence_100% (W)"
            },
            "Arcabit": {
                "method": "blacklist",
                "engine_name": "Arcabit",
                "engine_version": "2022.0.0.18",
                "engine_update": "20240215",
                "category": "malicious",
                "result": "Trojan.Jaik.D170F2"
            },
            "BitDefenderTheta": {
                "method": "blacklist",
                "engine_name": "BitDefenderTheta",
                "engine_version": "7.2.37796.0",
                "engine_update": "20240202",
                "category": "malicious",
                "result": "Gen:NN.ZedlaF.36744.du4@aqIqsmni"
            },
            "VirIT": {
                "method": "blacklist",
                "engine_name": "VirIT",
                "engine_version": "9.5.641",
                "engine_update": "20240215",
                "category": "undetected",
                "result": null
            },
            "Symantec": {
                "method": "blacklist",
                "engine_name": "Symantec",
                "engine_version": "1.21.0.0",
                "engine_update": "20240215",
                "category": "malicious",
                "result": "ML.Attribute.HighConfidence"
            },
            "tehtris": {
                "method": "blacklist",
                "engine_name": "tehtris",
                "engine_version": "v0.1.4",
                "engine_update": "20240216",
                "category": "undetected",
                "result": null
            },
            "ESET-NOD32": {
                "method": "blacklist",
                "engine_name": "ESET-NOD32",
                "engine_version": "28745",
                "engine_update": "20240215",
                "category": "malicious",
                "result": "Win32/Runner.NEH"
            },
            "APEX": {
                "method": "blacklist",
                "engine_name": "APEX",
                "engine_version": "6.500",
                "engine_update": "20240213",
                "category": "undetected",
                "result": null
            },
            "Paloalto": {
                "method": "blacklist",
                "engine_name": "Paloalto",
                "engine_version": "0.9.0.1003",
                "engine_update": "20240216",
                "category": "undetected",
                "result": null
            },
            "Cynet": {
                "method": "blacklist",
                "engine_name": "Cynet",
                "engine_version": "4.0.0.29",
                "engine_update": "20240216",
                "category": "malicious",
                "result": "Malicious (score: 100)"
            },
            "Kaspersky": {
                "method": "blacklist",
                "engine_name": "Kaspersky",
                "engine_version": "22.0.1.28",
                "engine_update": "20240215",
                "category": "malicious",
                "result": "Trojan.Win32.Agentb.jojk"
            },
            "BitDefender": {
                "method": "blacklist",
                "engine_name": "BitDefender",
                "engine_version": "7.2",
                "engine_update": "20240215",
                "category": "malicious",
                "result": "Gen:Variant.Jaik.94450"
            },
            "NANO-Antivirus": {
                "method": "blacklist",
                "engine_name": "NANO-Antivirus",
                "engine_version": "1.0.146.25796",
                "engine_update": "20240215",
                "category": "malicious",
                "result": "Trojan.Win32.Runner.fpxupq"
            },
            "SUPERAntiSpyware": {
                "method": "blacklist",
                "engine_name": "SUPERAntiSpyware",
                "engine_version": "5.6.0.1032",
                "engine_update": "20240215",
                "category": "undetected",
                "result": null
            },
            "Avast": {
                "method": "blacklist",
                "engine_name": "Avast",
                "engine_version": "23.9.8494.0",
                "engine_update": "20240216",
                "category": "malicious",
                "result": "Win32:Trojan-gen"
            },
            "Tencent": {
                "method": "blacklist",
                "engine_name": "Tencent",
                "engine_version": "1.0.0.1",
                "engine_update": "20240216",
                "category": "malicious",
                "result": "Malware.Win32.Gencirc.13ad1a2b"
            },
            "TACHYON": {
                "method": "blacklist",
                "engine_name": "TACHYON",
                "engine_version": "2024-02-15.02",
                "engine_update": "20240215",
                "category": "malicious",
                "result": "Trojan/W32.Agent.50688.AQE"
            },
            "Emsisoft": {
                "method": "blacklist",
                "engine_name": "Emsisoft",
                "engine_version": "2022.6.0.32461",
                "engine_update": "20240215",
                "category": "malicious",
                "result": "Gen:Variant.Jaik.94450 (B)"
            },
            "Baidu": {
                "method": "blacklist",
                "engine_name": "Baidu",
                "engine_version": "1.0.0.2",
                "engine_update": "20190318",
                "category": "undetected",
                "result": null
            },
            "F-Secure": {
                "method": "blacklist",
                "engine_name": "F-Secure",
                "engine_version": "18.10.1547.307",
                "engine_update": "20240215",
                "category": "malicious",
                "result": "Trojan.TR/Runner.kevou"
            },
            "DrWeb": {
                "method": "blacklist",
                "engine_name": "DrWeb",
                "engine_version": "7.0.62.1180",
                "engine_update": "20240216",
                "category": "malicious",
                "result": "BackDoor.NewCore.10"
            },
            "VIPRE": {
                "method": "blacklist",
                "engine_name": "VIPRE",
                "engine_version": "6.0.0.35",
                "engine_update": "20240215",
                "category": "malicious",
                "result": "Gen:Variant.Jaik.94450"
            },
            "TrendMicro": {
                "method": "blacklist",
                "engine_name": "TrendMicro",
                "engine_version": "11.0.0.1006",
                "engine_update": "20240215",
                "category": "malicious",
                "result": "Trojan.Win32.NEWCORE.A"
            },
            "Trapmine": {
                "method": "blacklist",
                "engine_name": "Trapmine",
                "engine_version": "4.0.14.97",
                "engine_update": "20231106",
                "category": "malicious",
                "result": "malicious.high.ml.score"
            },
            "CMC": {
                "method": "blacklist",
                "engine_name": "CMC",
                "engine_version": "2.4.2022.1",
                "engine_update": "20240129",
                "category": "undetected",
                "result": null
            },
            "Sophos": {
                "method": "blacklist",
                "engine_name": "Sophos",
                "engine_version": "2.4.3.0",
                "engine_update": "20240215",
                "category": "malicious",
                "result": "Troj/Korplug-AM"
            },
            "Ikarus": {
                "method": "blacklist",
                "engine_name": "Ikarus",
                "engine_version": "6.3.9.0",
                "engine_update": "20240215",
                "category": "malicious",
                "result": "Trojan.Win32.Runner"
            },
            "Jiangmin": {
                "method": "blacklist",
                "engine_name": "Jiangmin",
                "engine_version": "16.0.100",
                "engine_update": "20240215",
                "category": "malicious",
                "result": "Trojan.Agentb.eon"
            },
            "Webroot": {
                "method": "blacklist",
                "engine_name": "Webroot",
                "engine_version": "1.0.0.403",
                "engine_update": "20240216",
                "category": "malicious",
                "result": "W32.Trojan.Gen"
            },
            "Varist": {
                "method": "blacklist",
                "engine_name": "Varist",
                "engine_version": "6.5.1.2",
                "engine_update": "20240215",
                "category": "malicious",
                "result": "W32/Agentb.UWVN-9210"
            },
            "Avira": {
                "method": "blacklist",
                "engine_name": "Avira",
                "engine_version": "8.3.3.16",
                "engine_update": "20240215",
                "category": "malicious",
                "result": "TR/Runner.kevou"
            },
            "Antiy-AVL": {
                "method": "blacklist",
                "engine_name": "Antiy-AVL",
                "engine_version": "3.0",
                "engine_update": "20240216",
                "category": "malicious",
                "result": "Trojan/Win32.Apt30"
            },
            "Kingsoft": {
                "method": "blacklist",
                "engine_name": "Kingsoft",
                "engine_version": "None",
                "engine_update": "20230906",
                "category": "undetected",
                "result": null
            },
            "Gridinsoft": {
                "method": "blacklist",
                "engine_name": "Gridinsoft",
                "engine_version": "1.0.164.174",
                "engine_update": "20240215",
                "category": "undetected",
                "result": null
            },
            "Xcitium": {
                "method": "blacklist",
                "engine_name": "Xcitium",
                "engine_version": "36441",
                "engine_update": "20240216",
                "category": "undetected",
                "result": null
            },
            "Microsoft": {
                "method": "blacklist",
                "engine_name": "Microsoft",
                "engine_version": "1.1.24010.10",
                "engine_update": "20240215",
                "category": "malicious",
                "result": "Trojan:Win32/Pango"
            },
            "ViRobot": {
                "method": "blacklist",
                "engine_name": "ViRobot",
                "engine_version": "2014.3.20.0",
                "engine_update": "20240215",
                "category": "malicious",
                "result": "Trojan.Win32.S.Agent.50688.PJ"
            },
            "ZoneAlarm": {
                "method": "blacklist",
                "engine_name": "ZoneAlarm",
                "engine_version": "1.0",
                "engine_update": "20240215",
                "category": "malicious",
                "result": "Trojan.Win32.Agentb.jojk"
            },
            "GData": {
                "method": "blacklist",
                "engine_name": "GData",
                "engine_version": "A:25.37371B:27.34944",
                "engine_update": "20240215",
                "category": "malicious",
                "result": "Gen:Variant.Jaik.94450"
            },
            "Google": {
                "method": "blacklist",
                "engine_name": "Google",
                "engine_version": "1708047029",
                "engine_update": "20240216",
                "category": "malicious",
                "result": "Detected"
            },
            "AhnLab-V3": {
                "method": "blacklist",
                "engine_name": "AhnLab-V3",
                "engine_version": "3.25.0.10459",
                "engine_update": "20240216",
                "category": "malicious",
                "result": "Trojan/Win.Runner.R422810"
            },
            "Acronis": {
                "method": "blacklist",
                "engine_name": "Acronis",
                "engine_version": "1.2.0.121",
                "engine_update": "20230828",
                "category": "undetected",
                "result": null
            },
            "VBA32": {
                "method": "blacklist",
                "engine_name": "VBA32",
                "engine_version": "5.0.0",
                "engine_update": "20240215",
                "category": "malicious",
                "result": "BScope.Backdoor.NewCore"
            },
            "ALYac": {
                "method": "blacklist",
                "engine_name": "ALYac",
                "engine_version": "2.0.0.8",
                "engine_update": "20240216",
                "category": "malicious",
                "result": "Trojan.Agent.Pango"
            },
            "MAX": {
                "method": "blacklist",
                "engine_name": "MAX",
                "engine_version": "2023.1.4.1",
                "engine_update": "20240216",
                "category": "malicious",
                "result": "malware (ai score=94)"
            },
            "Malwarebytes": {
                "method": "blacklist",
                "engine_name": "Malwarebytes",
                "engine_version": "4.5.5.54",
                "engine_update": "20240215",
                "category": "malicious",
                "result": "Malware.AI.3631417165"
            },
            "Panda": {
                "method": "blacklist",
                "engine_name": "Panda",
                "engine_version": "4.6.4.2",
                "engine_update": "20240215",
                "category": "malicious",
                "result": "Trj/GdSda.A"
            },
            "Zoner": {
                "method": "blacklist",
                "engine_name": "Zoner",
                "engine_version": "2.2.2.0",
                "engine_update": "20240215",
                "category": "undetected",
                "result": null
            },
            "TrendMicro-HouseCall": {
                "method": "blacklist",
                "engine_name": "TrendMicro-HouseCall",
                "engine_version": "10.0.0.1040",
                "engine_update": "20240215",
                "category": "malicious",
                "result": "Trojan.Win32.NEWCORE.A"
            },
            "Rising": {
                "method": "blacklist",
                "engine_name": "Rising",
                "engine_version": "25.0.0.27",
                "engine_update": "20240215",
                "category": "malicious",
                "result": "Trojan.Generic@AI.98 (RDML:Fnx4DABpBlqhboZlVeFRAA)"
            },
            "Yandex": {
                "method": "blacklist",
                "engine_name": "Yandex",
                "engine_version": "5.5.2.24",
                "engine_update": "20240215",
                "category": "undetected",
                "result": null
            },
            "SentinelOne": {
                "method": "blacklist",
                "engine_name": "SentinelOne",
                "engine_version": "24.1.0.5",
                "engine_update": "20240129",
                "category": "undetected",
                "result": null
            },
            "MaxSecure": {
                "method": "blacklist",
                "engine_name": "MaxSecure",
                "engine_version": "1.0.0.1",
                "engine_update": "20240215",
                "category": "malicious",
                "result": "Trojan.Malware.1728101.susgen"
            },
            "Fortinet": {
                "method": "blacklist",
                "engine_name": "Fortinet",
                "engine_version": "None",
                "engine_update": "20240215",
                "category": "malicious",
                "result": "W32/Runner.NEH!tr"
            },
            "AVG": {
                "method": "blacklist",
                "engine_name": "AVG",
                "engine_version": "23.9.8494.0",
                "engine_update": "20240216",
                "category": "malicious",
                "result": "Win32:Trojan-gen"
            },
            "DeepInstinct": {
                "method": "blacklist",
                "engine_name": "DeepInstinct",
                "engine_version": "5.0.0.8",
                "engine_update": "20240215",
                "category": "malicious",
                "result": "MALICIOUS"
            },
            "ClamAV": {
                "method": "blacklist",
                "engine_name": "ClamAV",
                "engine_version": "1.3.0.0",
                "engine_update": "20240215",
                "category": "timeout",
                "result": null
            },
            "Trustlook": {
                "method": "blacklist",
                "engine_name": "Trustlook",
                "engine_version": "1.0",
                "engine_update": "20240216",
                "category": "type-unsupported",
                "result": null
            },
            "SymantecMobileInsight": {
                "method": "blacklist",
                "engine_name": "SymantecMobileInsight",
                "engine_version": "2.0",
                "engine_update": "20240103",
                "category": "type-unsupported",
                "result": null
            },
            "BitDefenderFalx": {
                "method": "blacklist",
                "engine_name": "BitDefenderFalx",
                "engine_version": "2.0.936",
                "engine_update": "20240128",
                "category": "type-unsupported",
                "result": null
            },
            "Avast-Mobile": {
                "method": "blacklist",
                "engine_name": "Avast-Mobile",
                "engine_version": "240215-00",
                "engine_update": "20240215",
                "category": "type-unsupported",
                "result": null
            },
            "Cybereason": {
                "method": "blacklist",
                "engine_name": "Cybereason",
                "engine_version": "1.2.449",
                "engine_update": "20231102",
                "category": "type-unsupported",
                "result": null
            }
        },
        "ssdeep": "768:69yTkCP8AwKU4hm6kksgG6TvED0KncdG2pnNTG513J:60kG8im6kAnZEKnNTG5RJ",
        "sha256": "207e66a3b0f1abfd4721f1b3e9fed8ac89be51e1ec13dd407b4e08fad52113e3",
        "size": 50688,
        "type_description": "Win32 DLL",
        "names": [
            "QcLite.dll",
            "mxj5JXIm.exe",
            ".",
            "b867kFFx.exe",
            "207e66a3b0f1abfd4721f1b3e9fed8ac89be51e1ec13dd407b4e08fad52113e3-dropped.bin",
            "qclite.dll",
            "UPQ7qrg2.exe"
        ],
        "popular_threat_classification": {
            "suggested_threat_label": "trojan.runner/jaik",
            "popular_threat_category": [
                {
                    "value": "trojan",
                    "count": 31
                }
            ],
            "popular_threat_name": [
                {
                    "value": "runner",
                    "count": 10
                },
                {
                    "value": "jaik",
                    "count": 6
                },
                {
                    "value": "agentb",
                    "count": 5
                }
            ]
        },
        "sandbox_verdicts": {
            "DAS-Security Orcas": {
                "category": "harmless",
                "sandbox_name": "DAS-Security Orcas",
                "malware_classification": [
                    "CLEAN"
                ]
            }
        },
        "creation_date": 1544510278,
        "vhash": "154056655d15551az43jz1jz",
        "md5": "6d2e6a61eede06fa9d633ce151208831",
        "reputation": -41,
        "unique_sources": 2,
        "last_analysis_date": 1708048750,
        "type_extension": "dll",
        "pe_info": {
            "timestamp": 1544510278,
            "imphash": "00217c974a9823f8960dbb96862b2625",
            "machine_type": 332,
            "entry_point": 10209,
            "resource_details": [
                {
                    "lang": "ENGLISH US",
                    "chi2": 3958.65,
                    "filetype": "unknown",
                    "entropy": 4.795973777770996,
                    "sha256": "49a60be4b95b6d30da355a0c124af82b35000bce8f24f957d1c09ead47544a1e",
                    "type": "RT_MANIFEST"
                }
            ],
            "resource_langs": {
                "ENGLISH US": 1
            },
            "resource_types": {
                "RT_MANIFEST": 1
            },
            "sections": [
                {
                    "name": ".text",
                    "chi2": 185315.62,
                    "virtual_address": 4096,
                    "flags": "rx",
                    "raw_size": 29184,
                    "entropy": 6.49,
                    "virtual_size": 28977,
                    "md5": "4207668ab5675ce3f70f2ea8d6b7125c"
                },
                {
                    "name": ".rdata",
                    "chi2": 500411.88,
                    "virtual_address": 36864,
                    "flags": "r",
                    "raw_size": 11776,
                    "entropy": 4.87,
                    "virtual_size": 11554,
                    "md5": "6e3565f094f2302dc7cc75dc7a90bc17"
                },
                {
                    "name": ".data",
                    "chi2": 379267.44,
                    "virtual_address": 49152,
                    "flags": "rw",
                    "raw_size": 3072,
                    "entropy": 2.73,
                    "virtual_size": 6684,
                    "md5": "dafca6d0465403f77b5b7a0065ac0226"
                },
                {
                    "name": ".rsrc",
                    "chi2": 5214.0,
                    "virtual_address": 57344,
                    "flags": "r",
                    "raw_size": 512,
                    "entropy": 5.11,
                    "virtual_size": 436,
                    "md5": "2d86b17607019602f3efbdf70b3f9937"
                },
                {
                    "name": ".reloc",
                    "chi2": 441872.0,
                    "virtual_address": 61440,
                    "flags": "r",
                    "raw_size": 5120,
                    "entropy": 3.73,
                    "virtual_size": 4624,
                    "md5": "bcb886fddb2066edb4168f0d8497c349"
                }
            ],
            "compiler_product_versions": [
                "[ASM] VS2010 build 30319 count=16",
                "[ C ] VS2010 build 30319 count=72",
                "[C++] VS2010 build 30319 count=28",
                "[IMP] VS2008 SP1 build 30729 count=5",
                "[---] Unmarked objects count=78",
                "[LNK] VS2010 build 30319 count=1",
                "id: 0xaf, version: 30319 count=2"
            ],
            "rich_pe_header_hash": "30034d9ec97561b9ffb14d7374db0b9d",
            "import_list": [
                {
                    "library_name": "KERNEL32.dll",
                    "imported_functions": [
                        "CloseHandle",
                        "CreateFileW",
                        "DecodePointer",
                        "DeleteCriticalSection",
                        "EncodePointer",
                        "EnterCriticalSection",
                        "ExitProcess",
                        "FindResourceExW",
                        "FindResourceW",
                        "FreeEnvironmentStringsW",
                        "GetACP",
                        "GetCommandLineA",
                        "GetCPInfo",
                        "GetCurrentProcess",
                        "GetCurrentProcessId",
                        "GetCurrentThreadId",
                        "GetEnvironmentStringsW",
                        "GetFileSize",
                        "GetFileType",
                        "GetLastError",
                        "GetModuleFileNameA",
                        "GetModuleFileNameW",
                        "GetModuleHandleW",
                        "GetOEMCP",
                        "GetProcAddress",
                        "GetProcessHeap",
                        "GetStartupInfoW",
                        "GetStdHandle",
                        "GetStringTypeW",
                        "GetSystemTimeAsFileTime",
                        "GetTickCount",
                        "HeapAlloc",
                        "HeapCreate",
                        "HeapDestroy",
                        "HeapFree",
                        "HeapReAlloc",
                        "HeapSize",
                        "InitializeCriticalSectionAndSpinCount",
                        "InterlockedDecrement",
                        "InterlockedIncrement",
                        "IsDebuggerPresent",
                        "IsProcessorFeaturePresent",
                        "IsValidCodePage",
                        "LCMapStringW",
                        "LeaveCriticalSection",
                        "LoadLibraryW",
                        "LoadResource",
                        "LockResource",
                        "MultiByteToWideChar",
                        "QueryPerformanceCounter",
                        "RaiseException",
                        "ReadFile",
                        "RtlUnwind",
                        "SetHandleCount",
                        "SetLastError",
                        "SetUnhandledExceptionFilter",
                        "SizeofResource",
                        "Sleep",
                        "TerminateProcess",
                        "TlsAlloc",
                        "TlsFree",
                        "TlsGetValue",
                        "TlsSetValue",
                        "UnhandledExceptionFilter",
                        "VirtualAlloc",
                        "WideCharToMultiByte",
                        "WriteFile"
                    ]
                },
                {
                    "library_name": "SHLWAPI.dll",
                    "imported_functions": [
                        "PathFileExistsW"
                    ]
                }
            ]
        },
        "times_submitted": 2,
        "detectiteasy": {
            "filetype": "PE32",
            "values": [
                {
                    "info": "DLL32",
                    "version": "2008-2010",
                    "type": "Compiler",
                    "name": "EP:Microsoft Visual C/C++"
                },
                {
                    "info": "LTCG/C++",
                    "version": "16.00.30319",
                    "type": "Compiler",
                    "name": "Microsoft Visual C/C++"
                },
                {
                    "version": "10.00.30319",
                    "type": "Linker",
                    "name": "Microsoft Linker"
                },
                {
                    "version": "2010",
                    "type": "Tool",
                    "name": "Visual Studio"
                }
            ]
        },
        "sha1": "f764163f3912376ebcabaf1cf3a60b6bc74561be",
        "tags": [
            "pedll"
        ],
        "first_submission_date": 1546451569,
        "first_seen_itw_date": 1591881095
    },
    "id": "207e66a3b0f1abfd4721f1b3e9fed8ac89be51e1ec13dd407b4e08fad52113e3"
}