{
    "SourceFile": "C:/Users/ricewater/Documents/MITREandCrowdstrikeApr2024Samples/207e66a3b0f1abfd4721f1b3e9fed8ac89be51e1ec13dd407b4e08fad52113e3/207e66a3b0f1abfd4721f1b3e9fed8ac89be51e1ec13dd407b4e08fad52113e3",
    "ExifToolVersion": 12.4,
    "FileName": "207e66a3b0f1abfd4721f1b3e9fed8ac89be51e1ec13dd407b4e08fad52113e3",
    "Directory": "C:/Users/ricewater/Documents/MITREandCrowdstrikeApr2024Samples/207e66a3b0f1abfd4721f1b3e9fed8ac89be51e1ec13dd407b4e08fad52113e3",
    "FileSize": "50 KiB",
    "FileModifyDate": "2024:04:02 20:53:59+02:00",
    "FileAccessDate": "2024:04:04 06:47:54+02:00",
    "FileCreateDate": "2024:04:03 17:50:59+02:00",
    "FilePermissions": "-rw-rw-rw-",
    "FileType": "Win32 DLL",
    "FileTypeExtension": "dll",
    "MIMEType": "application/octet-stream",
    "MachineType": "Intel 386 or later, and compatibles",
    "TimeStamp": "2018:12:11 07:37:58+01:00",
    "ImageFileCharacteristics": "Executable, 32-bit, DLL",
    "PEType": "PE32",
    "LinkerVersion": 10.0,
    "CodeSize": 29184,
    "InitializedDataSize": 20480,
    "UninitializedDataSize": 0,
    "EntryPoint": "0x27e1",
    "OSVersion": 5.1,
    "ImageVersion": 0.0,
    "SubsystemVersion": 5.1,
    "Subsystem": "Windows GUI"
}