{"analysis": {"enable_decoded_strings": false, "enable_stack_strings": false, "enable_static_strings": true, "enable_tight_strings": false, "functions": {"analyzed_decoded_strings": 0, "analyzed_stack_strings": 0, "analyzed_tight_strings": 0, "decoding_function_scores": {}, "discovered": 0, "library": 0}}, "metadata": {"file_path": "C:\\Users\\ricewater\\Documents\\MITREandCrowdstrikeApr2024Samples\\207e66a3b0f1abfd4721f1b3e9fed8ac89be51e1ec13dd407b4e08fad52113e3\\207e66a3b0f1abfd4721f1b3e9fed8ac89be51e1ec13dd407b4e08fad52113e3", "imagebase": 0, "min_length": 7, "runtime": {"decoded_strings": 0.0, "find_features": 0.0, "stack_strings": 0.0, "start_date": "2024-04-04T06:47:54.637440Z", "static_strings": 0.0157, "tight_strings": 0.0, "total": 0.0157, "vivisect": 0.0}, "version": "v2.2.0-0-g783dd8f"}, "strings": {"decoded_strings": [], "stack_strings": [], "static_strings": [{"encoding": "ASCII", "offset": 77, "string": "!This program cannot be run in DOS mode."}, {"encoding": "ASCII", "offset": 511, "string": "`.rdata"}, {"encoding": "ASCII", "offset": 631, "string": "@.reloc"}, {"encoding": "ASCII", "offset": 15460, "string": "< tK<\ttG"}, {"encoding": "ASCII", "offset": 22105, "string": "UQPXY]Y["}, {"encoding": "ASCII", "offset": 23992, "string": "t\"SS9] u"}, {"encoding": "ASCII", "offset": 24550, "string": "PPPPPPPP"}, {"encoding": "ASCII", "offset": 24630, "string": "PPPPPPPP"}, {"encoding": "ASCII", "offset": 30652, "string": "CorExitProcess"}, {"encoding": "ASCII", "offset": 30732, "string": "FlsFree"}, {"encoding": "ASCII", "offset": 30740, "string": "FlsSetValue"}, {"encoding": "ASCII", "offset": 30752, "string": "FlsGetValue"}, {"encoding": "ASCII", "offset": 30764, "string": "FlsAlloc"}, {"encoding": "ASCII", "offset": 33480, "string": " Complete Object Locator'"}, {"encoding": "ASCII", "offset": 33508, "string": " Class Hierarchy Descriptor'"}, {"encoding": "ASCII", "offset": 33540, "string": " Base Class Array'"}, {"encoding": "ASCII", "offset": 33560, "string": " Base Class Descriptor at ("}, {"encoding": "ASCII", "offset": 33588, "string": " Type Descriptor'"}, {"encoding": "ASCII", "offset": 33608, "string": "`local static thread guard'"}, {"encoding": "ASCII", "offset": 33636, "string": "`managed vector copy constructor iterator'"}, {"encoding": "ASCII", "offset": 33680, "string": "`vector vbase copy constructor iterator'"}, {"encoding": "ASCII", "offset": 33724, "string": "`vector copy constructor iterator'"}, {"encoding": "ASCII", "offset": 33760, "string": "`dynamic atexit destructor for '"}, {"encoding": "ASCII", "offset": 33796, "string": "`dynamic initializer for '"}, {"encoding": "ASCII", "offset": 33824, "string": "`eh vector vbase copy constructor iterator'"}, {"encoding": "ASCII", "offset": 33868, "string": "`eh vector copy constructor iterator'"}, {"encoding": "ASCII", "offset": 33908, "string": "`managed vector destructor iterator'"}, {"encoding": "ASCII", "offset": 33948, "string": "`managed vector constructor iterator'"}, {"encoding": "ASCII", "offset": 33988, "string": "`placement delete[] closure'"}, {"encoding": "ASCII", "offset": 34020, "string": "`placement delete closure'"}, {"encoding": "ASCII", "offset": 34048, "string": "`omni callsig'"}, {"encoding": "ASCII", "offset": 34064, "string": " delete[]"}, {"encoding": "ASCII", "offset": 34084, "string": "`local vftable constructor closure'"}, {"encoding": "ASCII", "offset": 34120, "string": "`local vftable'"}, {"encoding": "ASCII", "offset": 34148, "string": "`udt returning'"}, {"encoding": "ASCII", "offset": 34164, "string": "`copy constructor closure'"}, {"encoding": "ASCII", "offset": 34192, "string": "`eh vector vbase constructor iterator'"}, {"encoding": "ASCII", "offset": 34232, "string": "`eh vector destructor iterator'"}, {"encoding": "ASCII", "offset": 34264, "string": "`eh vector constructor iterator'"}, {"encoding": "ASCII", "offset": 34300, "string": "`virtual displacement map'"}, {"encoding": "ASCII", "offset": 34328, "string": "`vector vbase constructor iterator'"}, {"encoding": "ASCII", "offset": 34364, "string": "`vector destructor iterator'"}, {"encoding": "ASCII", "offset": 34396, "string": "`vector constructor iterator'"}, {"encoding": "ASCII", "offset": 34428, "string": "`scalar deleting destructor'"}, {"encoding": "ASCII", "offset": 34460, "string": "`default constructor closure'"}, {"encoding": "ASCII", "offset": 34492, "string": "`vector deleting destructor'"}, {"encoding": "ASCII", "offset": 34524, "string": "`vbase destructor'"}, {"encoding": "ASCII", "offset": 34544, "string": "`string'"}, {"encoding": "ASCII", "offset": 34556, "string": "`local static guard'"}, {"encoding": "ASCII", "offset": 34580, "string": "`typeof'"}, {"encoding": "ASCII", "offset": 34592, "string": "`vcall'"}, {"encoding": "ASCII", "offset": 34600, "string": "`vbtable'"}, {"encoding": "ASCII", "offset": 34612, "string": "`vftable'"}, {"encoding": "ASCII", "offset": 34748, "string": "operator"}, {"encoding": "ASCII", "offset": 34788, "string": " delete"}, {"encoding": "ASCII", "offset": 34804, "string": "__unaligned"}, {"encoding": "ASCII", "offset": 34816, "string": "__restrict"}, {"encoding": "ASCII", "offset": 34828, "string": "__ptr64"}, {"encoding": "ASCII", "offset": 34844, "string": "__clrcall"}, {"encoding": "ASCII", "offset": 34856, "string": "__fastcall"}, {"encoding": "ASCII", "offset": 34868, "string": "__thiscall"}, {"encoding": "ASCII", "offset": 34880, "string": "__stdcall"}, {"encoding": "ASCII", "offset": 34892, "string": "__pascal"}, {"encoding": "ASCII", "offset": 34904, "string": "__cdecl"}, {"encoding": "ASCII", "offset": 34912, "string": "__based("}, {"encoding": "ASCII", "offset": 35864, "string": "HH:mm:ss"}, {"encoding": "ASCII", "offset": 35876, "string": "dddd, MMMM dd, yyyy"}, {"encoding": "ASCII", "offset": 35896, "string": "MM/dd/yy"}, {"encoding": "ASCII", "offset": 35916, "string": "December"}, {"encoding": "ASCII", "offset": 35928, "string": "November"}, {"encoding": "ASCII", "offset": 35940, "string": "October"}, {"encoding": "ASCII", "offset": 35948, "string": "September"}, {"encoding": "ASCII", "offset": 36000, "string": "February"}, {"encoding": "ASCII", "offset": 36012, "string": "January"}, {"encoding": "ASCII", "offset": 36068, "string": "Saturday"}, {"encoding": "ASCII", "offset": 36088, "string": "Thursday"}, {"encoding": "ASCII", "offset": 36100, "string": "Wednesday"}, {"encoding": "ASCII", "offset": 36112, "string": "Tuesday"}, {"encoding": "ASCII", "offset": 36164, "string": "GetProcessWindowStation"}, {"encoding": "ASCII", "offset": 36188, "string": "GetUserObjectInformationW"}, {"encoding": "ASCII", "offset": 36216, "string": "GetLastActivePopup"}, {"encoding": "ASCII", "offset": 36236, "string": "GetActiveWindow"}, {"encoding": "ASCII", "offset": 36252, "string": "MessageBoxW"}, {"encoding": "ASCII", "offset": 37736, "string": " !\"#$%&'()*+,-./0123456789:;<=>?@abcdefghijklmnopqrstuvwxyz[\\]^_`abcdefghijklmnopqrstuvwxyz{|}~"}, {"encoding": "ASCII", "offset": 38120, "string": " !\"#$%&'()*+,-./0123456789:;<=>?@ABCDEFGHIJKLMNOPQRSTUVWXYZ[\\]^_`ABCDEFGHIJKLMNOPQRSTUVWXYZ{|}~"}, {"encoding": "ASCII", "offset": 38375, "string": " !\"#$%&'()*+,-./0123456789:;<=>?@ABCDEFGHIJKLMNOPQRSTUVWXYZ[\\]^_`abcdefghijklmnopqrstuvwxyz{|}~"}, {"encoding": "ASCII", "offset": 38724, "string": "bad exception"}, {"encoding": "ASCII", "offset": 38752, "string": "Unknown exception"}, {"encoding": "ASCII", "offset": 40510, "string": "GetFileSize"}, {"encoding": "ASCII", "offset": 40524, "string": "FindResourceExW"}, {"encoding": "ASCII", "offset": 40542, "string": "FindResourceW"}, {"encoding": "ASCII", "offset": 40558, "string": "LoadResource"}, {"encoding": "ASCII", "offset": 40574, "string": "SizeofResource"}, {"encoding": "ASCII", "offset": 40592, "string": "ReadFile"}, {"encoding": "ASCII", "offset": 40604, "string": "GetModuleFileNameW"}, {"encoding": "ASCII", "offset": 40626, "string": "CreateFileW"}, {"encoding": "ASCII", "offset": 40640, "string": "VirtualAlloc"}, {"encoding": "ASCII", "offset": 40656, "string": "LockResource"}, {"encoding": "ASCII", "offset": 40672, "string": "CloseHandle"}, {"encoding": "ASCII", "offset": 40684, "string": "KERNEL32.dll"}, {"encoding": "ASCII", "offset": 40700, "string": "PathFileExistsW"}, {"encoding": "ASCII", "offset": 40716, "string": "SHLWAPI.dll"}, {"encoding": "ASCII", "offset": 40730, "string": "RaiseException"}, {"encoding": "ASCII", "offset": 40748, "string": "EnterCriticalSection"}, {"encoding": "ASCII", "offset": 40772, "string": "LeaveCriticalSection"}, {"encoding": "ASCII", "offset": 40796, "string": "GetLastError"}, {"encoding": "ASCII", "offset": 40812, "string": "InitializeCriticalSectionAndSpinCount"}, {"encoding": "ASCII", "offset": 40852, "string": "DeleteCriticalSection"}, {"encoding": "ASCII", "offset": 40876, "string": "HeapDestroy"}, {"encoding": "ASCII", "offset": 40890, "string": "HeapAlloc"}, {"encoding": "ASCII", "offset": 40902, "string": "HeapFree"}, {"encoding": "ASCII", "offset": 40914, "string": "HeapReAlloc"}, {"encoding": "ASCII", "offset": 40928, "string": "HeapSize"}, {"encoding": "ASCII", "offset": 40940, "string": "GetProcessHeap"}, {"encoding": "ASCII", "offset": 40958, "string": "EncodePointer"}, {"encoding": "ASCII", "offset": 40974, "string": "DecodePointer"}, {"encoding": "ASCII", "offset": 40990, "string": "GetProcAddress"}, {"encoding": "ASCII", "offset": 41008, "string": "GetModuleHandleW"}, {"encoding": "ASCII", "offset": 41028, "string": "ExitProcess"}, {"encoding": "ASCII", "offset": 41042, "string": "GetCurrentThreadId"}, {"encoding": "ASCII", "offset": 41064, "string": "GetCommandLineA"}, {"encoding": "ASCII", "offset": 41082, "string": "TerminateProcess"}, {"encoding": "ASCII", "offset": 41102, "string": "GetCurrentProcess"}, {"encoding": "ASCII", "offset": 41122, "string": "UnhandledExceptionFilter"}, {"encoding": "ASCII", "offset": 41150, "string": "SetUnhandledExceptionFilter"}, {"encoding": "ASCII", "offset": 41180, "string": "IsDebuggerPresent"}, {"encoding": "ASCII", "offset": 41208, "string": "LoadLibraryW"}, {"encoding": "ASCII", "offset": 41224, "string": "TlsAlloc"}, {"encoding": "ASCII", "offset": 41236, "string": "TlsGetValue"}, {"encoding": "ASCII", "offset": 41250, "string": "TlsSetValue"}, {"encoding": "ASCII", "offset": 41264, "string": "TlsFree"}, {"encoding": "ASCII", "offset": 41274, "string": "InterlockedIncrement"}, {"encoding": "ASCII", "offset": 41298, "string": "SetLastError"}, {"encoding": "ASCII", "offset": 41314, "string": "InterlockedDecrement"}, {"encoding": "ASCII", "offset": 41338, "string": "WriteFile"}, {"encoding": "ASCII", "offset": 41350, "string": "GetStdHandle"}, {"encoding": "ASCII", "offset": 41366, "string": "SetHandleCount"}, {"encoding": "ASCII", "offset": 41384, "string": "GetFileType"}, {"encoding": "ASCII", "offset": 41398, "string": "GetStartupInfoW"}, {"encoding": "ASCII", "offset": 41416, "string": "GetModuleFileNameA"}, {"encoding": "ASCII", "offset": 41438, "string": "FreeEnvironmentStringsW"}, {"encoding": "ASCII", "offset": 41464, "string": "WideCharToMultiByte"}, {"encoding": "ASCII", "offset": 41486, "string": "GetEnvironmentStringsW"}, {"encoding": "ASCII", "offset": 41512, "string": "HeapCreate"}, {"encoding": "ASCII", "offset": 41526, "string": "QueryPerformanceCounter"}, {"encoding": "ASCII", "offset": 41552, "string": "GetTickCount"}, {"encoding": "ASCII", "offset": 41568, "string": "GetCurrentProcessId"}, {"encoding": "ASCII", "offset": 41590, "string": "GetSystemTimeAsFileTime"}, {"encoding": "ASCII", "offset": 41616, "string": "IsProcessorFeaturePresent"}, {"encoding": "ASCII", "offset": 41644, "string": "RtlUnwind"}, {"encoding": "ASCII", "offset": 41656, "string": "GetCPInfo"}, {"encoding": "ASCII", "offset": 41678, "string": "GetOEMCP"}, {"encoding": "ASCII", "offset": 41690, "string": "IsValidCodePage"}, {"encoding": "ASCII", "offset": 41708, "string": "LCMapStringW"}, {"encoding": "ASCII", "offset": 41724, "string": "MultiByteToWideChar"}, {"encoding": "ASCII", "offset": 41746, "string": "GetStringTypeW"}, {"encoding": "ASCII", "offset": 42020, "string": ".?AVtype_info@@"}, {"encoding": "ASCII", "offset": 43550, "string": "                          "}, {"encoding": "ASCII", "offset": 43774, "string": "abcdefghijklmnopqrstuvwxyz"}, {"encoding": "ASCII", "offset": 43806, "string": "ABCDEFGHIJKLMNOPQRSTUVWXYZ"}, {"encoding": "ASCII", "offset": 44066, "string": "                          "}, {"encoding": "ASCII", "offset": 44297, "string": "abcdefghijklmnopqrstuvwxyz"}, {"encoding": "ASCII", "offset": 44329, "string": "ABCDEFGHIJKLMNOPQRSTUVWXYZ"}, {"encoding": "ASCII", "offset": 44920, "string": ".?AVCAtlException@ATL@@"}, {"encoding": "ASCII", "offset": 44952, "string": ".?AVbad_exception@std@@"}, {"encoding": "ASCII", "offset": 44984, "string": ".?AVexception@std@@"}, {"encoding": "ASCII", "offset": 45144, "string": "<assembly xmlns=\"urn:schemas-microsoft-com:asm.v1\" manifestVersion=\"1.0\">"}, {"encoding": "ASCII", "offset": 45219, "string": "  <trustInfo xmlns=\"urn:schemas-microsoft-com:asm.v3\">"}, {"encoding": "ASCII", "offset": 45275, "string": "    <security>"}, {"encoding": "ASCII", "offset": 45291, "string": "      <requestedPrivileges>"}, {"encoding": "ASCII", "offset": 45320, "string": "        <requestedExecutionLevel level=\"asInvoker\" uiAccess=\"false\"></requestedExecutionLevel>"}, {"encoding": "ASCII", "offset": 45416, "string": "      </requestedPrivileges>"}, {"encoding": "ASCII", "offset": 45446, "string": "    </security>"}, {"encoding": "ASCII", "offset": 45463, "string": "  </trustInfo>"}, {"encoding": "ASCII", "offset": 45479, "string": "</assembly>PAPADDINGXXPADDINGPADDINGXXPADDINGPADDINGXXPADDINGPADDINGXXPADDINGPADDINGXXPAD"}, {"encoding": "ASCII", "offset": 45577, "string": "0-0<0M0"}, {"encoding": "ASCII", "offset": 45625, "string": "3(363B3\\3"}, {"encoding": "ASCII", "offset": 45667, "string": "7!7*7F7T7"}, {"encoding": "ASCII", "offset": 45681, "string": "8g:E<O<"}, {"encoding": "ASCII", "offset": 45699, "string": "=)=8=G=W=k="}, {"encoding": "ASCII", "offset": 45739, "string": "1#1F1K1P1g1_2"}, {"encoding": "ASCII", "offset": 45761, "string": "2^3f3y3"}, {"encoding": "ASCII", "offset": 45791, "string": "4.444E4~4"}, {"encoding": "ASCII", "offset": 45823, "string": "6%6.6g6"}, {"encoding": "ASCII", "offset": 45883, "string": "9%9-999B9G9M9W9`9k9w9|9"}, {"encoding": "ASCII", "offset": 45921, "string": ":4:;:C:H:L:P:y:"}, {"encoding": "ASCII", "offset": 45955, "string": ":*;0;4;8;<;"}, {"encoding": "ASCII", "offset": 45981, "string": ";'<Y<`<d<h<l<p<t<x<|<"}, {"encoding": "ASCII", "offset": 46017, "string": ">&>3>q>x>"}, {"encoding": "ASCII", "offset": 46071, "string": "0 0$0(0,000z0"}, {"encoding": "ASCII", "offset": 46099, "string": "1$1(1,1M1w1"}, {"encoding": "ASCII", "offset": 46131, "string": "2 2$2(2"}, {"encoding": "ASCII", "offset": 46149, "string": "2%3.3:3w3}3"}, {"encoding": "ASCII", "offset": 46201, "string": "7$7*737F7j7"}, {"encoding": "ASCII", "offset": 46265, "string": "91:::@:"}, {"encoding": "ASCII", "offset": 46285, "string": ";+;1;=;C;L;R;[;g;m;u;{;"}, {"encoding": "ASCII", "offset": 46353, "string": ">$>*>6><>L>R>X>g>u>"}, {"encoding": "ASCII", "offset": 46417, "string": "?#?2?H?N?V?[?c?h?p?u?|?"}, {"encoding": "ASCII", "offset": 46465, "string": "0!0&0K0Q0W0"}, {"encoding": "ASCII", "offset": 46481, "string": "1=1Q1W1"}, {"encoding": "ASCII", "offset": 46493, "string": "152M2W2r2z2"}, {"encoding": "ASCII", "offset": 46527, "string": "4/4t4{4"}, {"encoding": "ASCII", "offset": 46541, "string": "5$5B5f5"}, {"encoding": "ASCII", "offset": 46559, "string": "646Y6d6s6"}, {"encoding": "ASCII", "offset": 46605, "string": ":5:A:J:P:V:"}, {"encoding": "ASCII", "offset": 46627, "string": "<'<P<X<"}, {"encoding": "ASCII", "offset": 46635, "string": "=$=f=l=x="}, {"encoding": "ASCII", "offset": 46651, "string": ">$?*?9?"}, {"encoding": "ASCII", "offset": 46673, "string": "0!0,1^2"}, {"encoding": "ASCII", "offset": 46695, "string": "4e4(5V5"}, {"encoding": "ASCII", "offset": 46731, "string": "9;9F9P9i9s9"}, {"encoding": "ASCII", "offset": 46765, "string": "<!<3<N<V<^<u<"}, {"encoding": "ASCII", "offset": 46793, "string": "<&=7=T=w="}, {"encoding": "ASCII", "offset": 46863, "string": "1%2?2H2"}, {"encoding": "ASCII", "offset": 46879, "string": "727D7V7h7z7"}, {"encoding": "ASCII", "offset": 46925, "string": "=t=->E>J>"}, {"encoding": "ASCII", "offset": 47049, "string": "1 1$1(14181<1"}, {"encoding": "ASCII", "offset": 47117, "string": ";$;,;4;<;D;L;T;\\;d;"}, {"encoding": "ASCII", "offset": 47144, "string": "p2t2x2|2"}, {"encoding": "ASCII", "offset": 47231, "string": "3 3$3(3,3034383<3@3D3H3L3P3T3X3\\3`3d3h3l3p3t3x3|3"}, {"encoding": "ASCII", "offset": 47348, "string": "4181<1@1T1X1\\1"}, {"encoding": "ASCII", "offset": 47381, "string": "2(2,20282P2T2l2|2"}, {"encoding": "ASCII", "offset": 47407, "string": "303L3P3p3"}, {"encoding": "ASCII", "offset": 47431, "string": "484D4\\4`4"}, {"encoding": "ASCII", "offset": 47455, "string": "5(505<5\\5d5p5"}, {"encoding": "ASCII", "offset": 47485, "string": "6H6P6T6l6p6"}, {"encoding": "ASCII", "offset": 47551, "string": "3X3\\3`3d3h3l3p3t3x3|3"}, {"encoding": "ASCII", "offset": 47645, "string": "4 4$4(4,4044484<4@4D4H4L4P4T4X4\\4`4d4h4l4p4t4x4|4"}, {"encoding": "ASCII", "offset": 47725, "string": "5(585H5X5|5"}, {"encoding": "ASCII", "offset": 47771, "string": "; ;$;(;,;0;4;8;<;@;P;p;"}, {"encoding": "UTF-16LE", "offset": 30668, "string": "mscoree.dll"}, {"encoding": "UTF-16LE", "offset": 30704, "string": "KERNEL32.DLL"}, {"encoding": "UTF-16LE", "offset": 30776, "string": "runtime error "}, {"encoding": "UTF-16LE", "offset": 30816, "string": "TLOSS error"}, {"encoding": "UTF-16LE", "offset": 30844, "string": "SING error"}, {"encoding": "UTF-16LE", "offset": 30872, "string": "DOMAIN error"}, {"encoding": "UTF-16LE", "offset": 30918, "string": "- Attempt to use MSIL code from this assembly during native code initialization"}, {"encoding": "UTF-16LE", "offset": 31078, "string": "This indicates a bug in your application. It is most likely the result of calling an MSIL-compiled (/clr) function from a native constructor or from DllMain."}, {"encoding": "UTF-16LE", "offset": 31414, "string": "- not enough space for locale information"}, {"encoding": "UTF-16LE", "offset": 31518, "string": "- Attempt to initialize the CRT more than once."}, {"encoding": "UTF-16LE", "offset": 31614, "string": "This indicates a bug in your application."}, {"encoding": "UTF-16LE", "offset": 31718, "string": "- CRT not initialized"}, {"encoding": "UTF-16LE", "offset": 31782, "string": "- unable to initialize heap"}, {"encoding": "UTF-16LE", "offset": 31862, "string": "- not enough space for lowio initialization"}, {"encoding": "UTF-16LE", "offset": 31974, "string": "- not enough space for stdio initialization"}, {"encoding": "UTF-16LE", "offset": 32086, "string": "- pure virtual function call"}, {"encoding": "UTF-16LE", "offset": 32166, "string": "- not enough space for _onexit/atexit table"}, {"encoding": "UTF-16LE", "offset": 32278, "string": "- unable to open console device"}, {"encoding": "UTF-16LE", "offset": 32366, "string": "- unexpected heap error"}, {"encoding": "UTF-16LE", "offset": 32438, "string": "- unexpected multithread lock error"}, {"encoding": "UTF-16LE", "offset": 32534, "string": "- not enough space for thread data"}, {"encoding": "UTF-16LE", "offset": 32622, "string": "- abort() has been called"}, {"encoding": "UTF-16LE", "offset": 32694, "string": "- not enough space for environment"}, {"encoding": "UTF-16LE", "offset": 32782, "string": "- not enough space for arguments"}, {"encoding": "UTF-16LE", "offset": 32870, "string": "- floating point support not loaded"}, {"encoding": "UTF-16LE", "offset": 33128, "string": "Microsoft Visual C++ Runtime Library"}, {"encoding": "UTF-16LE", "offset": 33220, "string": "<program name unknown>"}, {"encoding": "UTF-16LE", "offset": 33268, "string": "Runtime Error!"}, {"encoding": "UTF-16LE", "offset": 33300, "string": "Program: "}, {"encoding": "UTF-16LE", "offset": 35316, "string": "HH:mm:ss"}, {"encoding": "UTF-16LE", "offset": 35336, "string": "dddd, MMMM dd, yyyy"}, {"encoding": "UTF-16LE", "offset": 35376, "string": "MM/dd/yy"}, {"encoding": "UTF-16LE", "offset": 35412, "string": "December"}, {"encoding": "UTF-16LE", "offset": 35432, "string": "November"}, {"encoding": "UTF-16LE", "offset": 35452, "string": "October"}, {"encoding": "UTF-16LE", "offset": 35468, "string": "September"}, {"encoding": "UTF-16LE", "offset": 35552, "string": "February"}, {"encoding": "UTF-16LE", "offset": 35572, "string": "January"}, {"encoding": "UTF-16LE", "offset": 35684, "string": "Saturday"}, {"encoding": "UTF-16LE", "offset": 35720, "string": "Thursday"}, {"encoding": "UTF-16LE", "offset": 35740, "string": "Wednesday"}, {"encoding": "UTF-16LE", "offset": 35760, "string": "Tuesday"}, {"encoding": "UTF-16LE", "offset": 36262, "string": "WUSER32.DLL"}, {"encoding": "UTF-16LE", "offset": 36544, "string": "         (((((                  H"}, {"encoding": "UTF-16LE", "offset": 37058, "string": "         h((((                  H"}, {"encoding": "UTF-16LE", "offset": 37312, "string": "                                 H"}, {"encoding": "UTF-16LE", "offset": 38472, "string": "stdole.tlb"}, {"encoding": "UTF-16LE", "offset": 38496, "string": "LockApp.exe -ServerName:WindowsDefaultLockScreen.AppX7y4nbzq37zn4ks9k7amqjywdat7d3j2z.mca"}], "tight_strings": []}}