{
    "Date of compilation": "Dec 11 2018 at 06:37:58",
    "Imphash": "70ad0f356ca5ff3ef01f93d402cc2dec",
    "Optional header": {
        "addressof_entrypoint": 10209,
        "baseof_code": 4096,
        "baseof_data": 36864,
        "checksum": 102979,
        "computed_checksum": 102979,
        "dll_characteristics": 320,
        "dll_characteristics_lists": [
            {
                "DYNAMIC_BASE": 64
            },
            {
                "NX_COMPAT": 256
            }
        ],
        "file_alignment": 512,
        "imagebase": 268435456,
        "loader_flags": 0,
        "magic": {
            "PE32": 267
        },
        "major_image_version": 0,
        "major_linker_version": 10,
        "major_operating_system_version": 5,
        "major_subsystem_version": 5,
        "minor_image_version": 0,
        "minor_linker_version": 0,
        "minor_operating_system_version": 1,
        "minor_subsystem_version": 1,
        "numberof_rva_and_size": 16,
        "section_alignment": 4096,
        "sizeof_code": 29184,
        "sizeof_headers": 1024,
        "sizeof_heap_commit": 4096,
        "sizeof_heap_reserve": 1048576,
        "sizeof_image": 69632,
        "sizeof_initialized_data": 20480,
        "sizeof_stack_commit": 4096,
        "sizeof_stack_reserve": 1048576,
        "sizeof_uninitialized_data": 0,
        "subsystem": {
            "WINDOWS_GUI": 2
        },
        "win32_version_value": 0
    },
    "Platform": "DLLfile",
    "CPU type": "MACHINE_TYPES.I386",
    "File type": "Unknown",
    "Entrypoint": 268445665,
    "Number of sections": 5,
    "Sections": [
        {
            "Name": ".text",
            "Virtual address": "0x1000",
            "Virtual size": "28977  bytes",
            "Offset": "0x400",
            "Size": "29184  bytes",
            "Entropy": 6.5107
        },
        {
            "Name": ".rdata",
            "Virtual address": "0x9000",
            "Virtual size": "11554  bytes",
            "Offset": "0x7600",
            "Size": "11776  bytes",
            "Entropy": 4.941
        },
        {
            "Name": ".data",
            "Virtual address": "0xc000",
            "Virtual size": "6684   bytes",
            "Offset": "0xa400",
            "Size": "3072   bytes",
            "Entropy": 2.7307
        },
        {
            "Name": ".rsrc",
            "Virtual address": "0xe000",
            "Virtual size": "436    bytes",
            "Offset": "0xb000",
            "Size": "512    bytes",
            "Entropy": 4.8788
        },
        {
            "Name": ".reloc",
            "Virtual address": "0xf000",
            "Virtual size": "4624   bytes",
            "Offset": "0xb200",
            "Size": "5120   bytes",
            "Entropy": 4.0374
        }
    ],
    "Imported functions": [
        "GetFileSize",
        "FindResourceExW",
        "FindResourceW",
        "LoadResource",
        "SizeofResource",
        "ReadFile",
        "GetModuleFileNameW",
        "CreateFileW",
        "VirtualAlloc",
        "LockResource",
        "CloseHandle",
        "RaiseException",
        "EnterCriticalSection",
        "LeaveCriticalSection",
        "GetLastError",
        "InitializeCriticalSectionAndSpinCount",
        "DeleteCriticalSection",
        "HeapDestroy",
        "HeapAlloc",
        "HeapFree",
        "HeapReAlloc",
        "HeapSize",
        "GetProcessHeap",
        "EncodePointer",
        "DecodePointer",
        "GetProcAddress",
        "GetModuleHandleW",
        "ExitProcess",
        "GetCurrentThreadId",
        "GetCommandLineA",
        "TerminateProcess",
        "GetCurrentProcess",
        "UnhandledExceptionFilter",
        "SetUnhandledExceptionFilter",
        "IsDebuggerPresent",
        "Sleep",
        "LoadLibraryW",
        "TlsAlloc",
        "TlsGetValue",
        "TlsSetValue",
        "TlsFree",
        "InterlockedIncrement",
        "SetLastError",
        "InterlockedDecrement",
        "WriteFile",
        "GetStdHandle",
        "SetHandleCount",
        "GetFileType",
        "GetStartupInfoW",
        "GetModuleFileNameA",
        "FreeEnvironmentStringsW",
        "WideCharToMultiByte",
        "GetEnvironmentStringsW",
        "HeapCreate",
        "QueryPerformanceCounter",
        "GetTickCount",
        "GetCurrentProcessId",
        "GetSystemTimeAsFileTime",
        "IsProcessorFeaturePresent",
        "RtlUnwind",
        "GetCPInfo",
        "GetACP",
        "GetOEMCP",
        "IsValidCodePage",
        "LCMapStringW",
        "MultiByteToWideChar",
        "GetStringTypeW",
        "PathFileExistsW"
    ],
    "Exported functions": [],
    "Resources": {
        "Name": "No name",
        "Number of childs": 1,
        "Depth": 0,
        "Type": "Directory",
        "Id": "0x0"
    },
    "Resource manager": {
        "Type": "RESOURCE_TYPES.MANIFEST",
        "Language": "RESOURCE_LANGS.ENGLISH",
        "Sub-language": "RESOURCE_SUBLANGS.ENGLISH_US"
    },
    "Libraries": [
        "KERNEL32.dll",
        "SHLWAPI.dll"
    ],
    "Imports Name": [
        "KERNEL32.dll",
        "SHLWAPI.dll"
    ],
    "Imports Function IAT": [
        "0x9000",
        "0x9004",
        "0x9008",
        "0x900c",
        "0x9010",
        "0x9014",
        "0x9018",
        "0x901c",
        "0x9020",
        "0x9024",
        "0x9028",
        "0x902c",
        "0x9030",
        "0x9034",
        "0x9038",
        "0x903c",
        "0x9040",
        "0x9044",
        "0x9048",
        "0x904c",
        "0x9050",
        "0x9054",
        "0x9058",
        "0x905c",
        "0x9060",
        "0x9064",
        "0x9068",
        "0x906c",
        "0x9070",
        "0x9074",
        "0x9078",
        "0x907c",
        "0x9080",
        "0x9084",
        "0x9088",
        "0x908c",
        "0x9090",
        "0x9094",
        "0x9098",
        "0x909c",
        "0x90a0",
        "0x90a4",
        "0x90a8",
        "0x90ac",
        "0x90b0",
        "0x90b4",
        "0x90b8",
        "0x90bc",
        "0x90c0",
        "0x90c4",
        "0x90c8",
        "0x90cc",
        "0x90d0",
        "0x90d4",
        "0x90d8",
        "0x90dc",
        "0x90e0",
        "0x90e4",
        "0x90e8",
        "0x90ec",
        "0x90f0",
        "0x90f4",
        "0x90f8",
        "0x90fc",
        "0x9100",
        "0x9104",
        "0x9108",
        "0x9110"
    ],
    "Imports Function name": [
        "GetFileSize",
        "FindResourceExW",
        "FindResourceW",
        "LoadResource",
        "SizeofResource",
        "ReadFile",
        "GetModuleFileNameW",
        "CreateFileW",
        "VirtualAlloc",
        "LockResource",
        "CloseHandle",
        "RaiseException",
        "EnterCriticalSection",
        "LeaveCriticalSection",
        "GetLastError",
        "InitializeCriticalSectionAndSpinCount",
        "DeleteCriticalSection",
        "HeapDestroy",
        "HeapAlloc",
        "HeapFree",
        "HeapReAlloc",
        "HeapSize",
        "GetProcessHeap",
        "EncodePointer",
        "DecodePointer",
        "GetProcAddress",
        "GetModuleHandleW",
        "ExitProcess",
        "GetCurrentThreadId",
        "GetCommandLineA",
        "TerminateProcess",
        "GetCurrentProcess",
        "UnhandledExceptionFilter",
        "SetUnhandledExceptionFilter",
        "IsDebuggerPresent",
        "Sleep",
        "LoadLibraryW",
        "TlsAlloc",
        "TlsGetValue",
        "TlsSetValue",
        "TlsFree",
        "InterlockedIncrement",
        "SetLastError",
        "InterlockedDecrement",
        "WriteFile",
        "GetStdHandle",
        "SetHandleCount",
        "GetFileType",
        "GetStartupInfoW",
        "GetModuleFileNameA",
        "FreeEnvironmentStringsW",
        "WideCharToMultiByte",
        "GetEnvironmentStringsW",
        "HeapCreate",
        "QueryPerformanceCounter",
        "GetTickCount",
        "GetCurrentProcessId",
        "GetSystemTimeAsFileTime",
        "IsProcessorFeaturePresent",
        "RtlUnwind",
        "GetCPInfo",
        "GetACP",
        "GetOEMCP",
        "IsValidCodePage",
        "LCMapStringW",
        "MultiByteToWideChar",
        "GetStringTypeW",
        "PathFileExistsW"
    ],
    "Configuration": {
        "Version": "WIN_VERSION.SEH",
        "Characteristics": "0x48",
        "Timedatestamp": null,
        "Major version": 0,
        "Minor version": 0,
        "Security cookie": "0x1000c040"
    }
}