{
    "type": "file",
    "attributes": {
        "sha256": "2046bb14d9f63612a6d19d5224727f3607be4e8f8ad13e9efe34620fda2d9d99",
        "size": 323072,
        "unique_sources": 10,
        "times_submitted": 17,
        "magic": "Composite Document File V2 Document, Little Endian, Os: Windows, Version 6.1, Code page: 950, Author: Joseph MUYAMBO, Template: Normal.dotm, Last Saved By: Windows User, Revision Number: 6, Name of Creating Application: Microsoft Office Word, Total Editing Time: 17:00, Create Time/Date: Sun Dec 24 07:23:00 2017, Last Saved Time/Date: Thu Jan 11 23:45:00 2018, Number of Pages: 6, Number of Words: 1561, Number of Characters: 8901, Security: 0",
        "names": [
            "2046bb14d9f63612a6d19d5224727f3607be4e8f8ad13e9efe34620fda2d9d99",
            "665249eb8e0375c8553c2887504e9312",
            "A paper on  the DPRK RCS CAS Process.doc",
            "665249eb8e0375c8553c2887504e9312.virus"
        ],
        "last_analysis_results": {
            "Bkav": {
                "method": "blacklist",
                "engine_name": "Bkav",
                "engine_version": "2.0.0.1",
                "engine_update": "20231016",
                "category": "undetected",
                "result": null
            },
            "Lionic": {
                "method": "blacklist",
                "engine_name": "Lionic",
                "engine_version": "7.5",
                "engine_update": "20231017",
                "category": "malicious",
                "result": "Trojan.MSWord.Agent.b!c"
            },
            "Elastic": {
                "method": "blacklist",
                "engine_name": "Elastic",
                "engine_version": "4.0.111",
                "engine_update": "20231002",
                "category": "malicious",
                "result": "malicious (high confidence)"
            },
            "DrWeb": {
                "method": "blacklist",
                "engine_name": "DrWeb",
                "engine_version": "7.0.61.8090",
                "engine_update": "20231016",
                "category": "malicious",
                "result": "W97M.MulDrop.179"
            },
            "MicroWorld-eScan": {
                "method": "blacklist",
                "engine_name": "MicroWorld-eScan",
                "engine_version": "14.0.409.0",
                "engine_update": "20231017",
                "category": "malicious",
                "result": "VBA:Amphitryon.2417"
            },
            "FireEye": {
                "method": "blacklist",
                "engine_name": "FireEye",
                "engine_version": "35.24.1.0",
                "engine_update": "20231017",
                "category": "malicious",
                "result": "VBA:Amphitryon.2417"
            },
            "CAT-QuickHeal": {
                "method": "blacklist",
                "engine_name": "CAT-QuickHeal",
                "engine_version": "22.00",
                "engine_update": "20231016",
                "category": "malicious",
                "result": "W97M.Downloader.31509"
            },
            "Skyhigh": {
                "method": "blacklist",
                "engine_name": "Skyhigh",
                "engine_version": "v2021.2.0+4045",
                "engine_update": "20231016",
                "category": "malicious",
                "result": "BehavesLike.OLE2.Downloader.fb"
            },
            "McAfee": {
                "method": "blacklist",
                "engine_name": "McAfee",
                "engine_version": "6.0.6.653",
                "engine_update": "20231017",
                "category": "malicious",
                "result": "W97M/Downloader.chr"
            },
            "Malwarebytes": {
                "method": "blacklist",
                "engine_name": "Malwarebytes",
                "engine_version": "4.5.5.54",
                "engine_update": "20231017",
                "category": "undetected",
                "result": null
            },
            "VIPRE": {
                "method": "blacklist",
                "engine_name": "VIPRE",
                "engine_version": "6.0.0.35",
                "engine_update": "20231016",
                "category": "malicious",
                "result": "VBA:Amphitryon.2417"
            },
            "Sangfor": {
                "method": "blacklist",
                "engine_name": "Sangfor",
                "engine_version": "2.23.0.0",
                "engine_update": "20230926",
                "category": "undetected",
                "result": null
            },
            "K7AntiVirus": {
                "method": "blacklist",
                "engine_name": "K7AntiVirus",
                "engine_version": "12.120.49904",
                "engine_update": "20231016",
                "category": "undetected",
                "result": null
            },
            "K7GW": {
                "method": "blacklist",
                "engine_name": "K7GW",
                "engine_version": "12.120.49905",
                "engine_update": "20231016",
                "category": "undetected",
                "result": null
            },
            "Arcabit": {
                "method": "blacklist",
                "engine_name": "Arcabit",
                "engine_version": "2022.0.0.18",
                "engine_update": "20231016",
                "category": "malicious",
                "result": "HEUR.VBA.Trojan.d"
            },
            "BitDefenderTheta": {
                "method": "blacklist",
                "engine_name": "BitDefenderTheta",
                "engine_version": "7.2.37796.0",
                "engine_update": "20230928",
                "category": "undetected",
                "result": null
            },
            "VirIT": {
                "method": "blacklist",
                "engine_name": "VirIT",
                "engine_version": "9.5.558",
                "engine_update": "20231016",
                "category": "malicious",
                "result": "W97M.Downloader.BOJ"
            },
            "Symantec": {
                "method": "blacklist",
                "engine_name": "Symantec",
                "engine_version": "1.21.0.0",
                "engine_update": "20231016",
                "category": "malicious",
                "result": "W97M.Downloader"
            },
            "ESET-NOD32": {
                "method": "blacklist",
                "engine_name": "ESET-NOD32",
                "engine_version": "28083",
                "engine_update": "20231017",
                "category": "malicious",
                "result": "VBA/TrojanDropper.Agent.YQ"
            },
            "Cynet": {
                "method": "blacklist",
                "engine_name": "Cynet",
                "engine_version": "4.0.0.27",
                "engine_update": "20231016",
                "category": "malicious",
                "result": "Malicious (score: 99)"
            },
            "TrendMicro-HouseCall": {
                "method": "blacklist",
                "engine_name": "TrendMicro-HouseCall",
                "engine_version": "10.0.0.1040",
                "engine_update": "20231016",
                "category": "malicious",
                "result": "TROJ_FRS.0NA103C318"
            },
            "Avast": {
                "method": "blacklist",
                "engine_name": "Avast",
                "engine_version": "23.9.8494.0",
                "engine_update": "20231016",
                "category": "malicious",
                "result": "Script:SNH-gen [Drp]"
            },
            "ClamAV": {
                "method": "blacklist",
                "engine_name": "ClamAV",
                "engine_version": "1.2.0.0",
                "engine_update": "20231016",
                "category": "malicious",
                "result": "Doc.Dropper.Agent-6424154-0"
            },
            "Kaspersky": {
                "method": "blacklist",
                "engine_name": "Kaspersky",
                "engine_version": "22.0.1.28",
                "engine_update": "20231017",
                "category": "malicious",
                "result": "Trojan-Dropper.MSWord.Agent.rv"
            },
            "BitDefender": {
                "method": "blacklist",
                "engine_name": "BitDefender",
                "engine_version": "7.2",
                "engine_update": "20231016",
                "category": "malicious",
                "result": "VBA:Amphitryon.2417"
            },
            "NANO-Antivirus": {
                "method": "blacklist",
                "engine_name": "NANO-Antivirus",
                "engine_version": "1.0.146.25796",
                "engine_update": "20231017",
                "category": "malicious",
                "result": "Trojan.Ole2.Vbs-heuristic.druvzi"
            },
            "ViRobot": {
                "method": "blacklist",
                "engine_name": "ViRobot",
                "engine_version": "2014.3.20.0",
                "engine_update": "20231016",
                "category": "malicious",
                "result": "W97M.S.Agent.323072"
            },
            "Rising": {
                "method": "blacklist",
                "engine_name": "Rising",
                "engine_version": "25.0.0.27",
                "engine_update": "20231016",
                "category": "malicious",
                "result": "Dropper.Agent!8.2F (TOPIS:E0:odqtopxtXFQ)"
            },
            "TACHYON": {
                "method": "blacklist",
                "engine_name": "TACHYON",
                "engine_version": "2023-10-17.01",
                "engine_update": "20231017",
                "category": "malicious",
                "result": "Suspicious/W97M.DRP.Gen"
            },
            "Sophos": {
                "method": "blacklist",
                "engine_name": "Sophos",
                "engine_version": "2.3.1.0",
                "engine_update": "20231016",
                "category": "undetected",
                "result": null
            },
            "F-Secure": {
                "method": "blacklist",
                "engine_name": "F-Secure",
                "engine_version": "18.10.1547.307",
                "engine_update": "20231016",
                "category": "malicious",
                "result": "Malware.W97M/Agent.50250514"
            },
            "Baidu": {
                "method": "blacklist",
                "engine_name": "Baidu",
                "engine_version": "1.0.0.2",
                "engine_update": "20190318",
                "category": "malicious",
                "result": "VBA.Trojan-Downloader.Agent.cll"
            },
            "Zillya": {
                "method": "blacklist",
                "engine_name": "Zillya",
                "engine_version": "2.0.0.4974",
                "engine_update": "20231016",
                "category": "undetected",
                "result": null
            },
            "TrendMicro": {
                "method": "blacklist",
                "engine_name": "TrendMicro",
                "engine_version": "11.0.0.1006",
                "engine_update": "20231017",
                "category": "malicious",
                "result": "TROJ_FRS.0NA103C318"
            },
            "CMC": {
                "method": "blacklist",
                "engine_name": "CMC",
                "engine_version": "2.4.2022.1",
                "engine_update": "20230822",
                "category": "undetected",
                "result": null
            },
            "Emsisoft": {
                "method": "blacklist",
                "engine_name": "Emsisoft",
                "engine_version": "2022.6.0.32461",
                "engine_update": "20231016",
                "category": "malicious",
                "result": "VBA:Amphitryon.2417 (B)"
            },
            "Ikarus": {
                "method": "blacklist",
                "engine_name": "Ikarus",
                "engine_version": "6.2.4.0",
                "engine_update": "20231016",
                "category": "malicious",
                "result": "Trojan-Dropper.VBA.Agent"
            },
            "Jiangmin": {
                "method": "blacklist",
                "engine_name": "Jiangmin",
                "engine_version": "16.0.100",
                "engine_update": "20231017",
                "category": "undetected",
                "result": null
            },
            "Google": {
                "method": "blacklist",
                "engine_name": "Google",
                "engine_version": "1697504455",
                "engine_update": "20231017",
                "category": "malicious",
                "result": "Detected"
            },
            "Avira": {
                "method": "blacklist",
                "engine_name": "Avira",
                "engine_version": "8.3.3.16",
                "engine_update": "20231016",
                "category": "malicious",
                "result": "W97M/Agent.50250514"
            },
            "Antiy-AVL": {
                "method": "blacklist",
                "engine_name": "Antiy-AVL",
                "engine_version": "3.0",
                "engine_update": "20231017",
                "category": "malicious",
                "result": "Trojan[APT]/MSOffice.Konni"
            },
            "Kingsoft": {
                "method": "blacklist",
                "engine_name": "Kingsoft",
                "engine_version": "2023.8.30.1",
                "engine_update": "20230906",
                "category": "undetected",
                "result": null
            },
            "Gridinsoft": {
                "method": "blacklist",
                "engine_name": "Gridinsoft",
                "engine_version": "1.0.143.174",
                "engine_update": "20231017",
                "category": "undetected",
                "result": null
            },
            "Xcitium": {
                "method": "blacklist",
                "engine_name": "Xcitium",
                "engine_version": "36092",
                "engine_update": "20231017",
                "category": "undetected",
                "result": null
            },
            "Microsoft": {
                "method": "blacklist",
                "engine_name": "Microsoft",
                "engine_version": "1.1.23090.2007",
                "engine_update": "20231017",
                "category": "malicious",
                "result": "TrojanDownloader:O97M/Donoff"
            },
            "SUPERAntiSpyware": {
                "method": "blacklist",
                "engine_name": "SUPERAntiSpyware",
                "engine_version": "5.6.0.1032",
                "engine_update": "20231015",
                "category": "undetected",
                "result": null
            },
            "ZoneAlarm": {
                "method": "blacklist",
                "engine_name": "ZoneAlarm",
                "engine_version": "1.0",
                "engine_update": "20231017",
                "category": "malicious",
                "result": "UDS:DangerousObject.Multi.Generic"
            },
            "GData": {
                "method": "blacklist",
                "engine_name": "GData",
                "engine_version": "A:25.36670B:27.33525",
                "engine_update": "20231017",
                "category": "malicious",
                "result": "VBA:Amphitryon.2417"
            },
            "Varist": {
                "method": "blacklist",
                "engine_name": "Varist",
                "engine_version": "6.5.1.2",
                "engine_update": "20231017",
                "category": "malicious",
                "result": "W97M/Agent.gen"
            },
            "AhnLab-V3": {
                "method": "blacklist",
                "engine_name": "AhnLab-V3",
                "engine_version": "3.24.0.10447",
                "engine_update": "20231017",
                "category": "malicious",
                "result": "W97M/Downloader"
            },
            "Acronis": {
                "method": "blacklist",
                "engine_name": "Acronis",
                "engine_version": "1.2.0.121",
                "engine_update": "20230828",
                "category": "malicious",
                "result": "suspicious"
            },
            "VBA32": {
                "method": "blacklist",
                "engine_name": "VBA32",
                "engine_version": "5.0.0",
                "engine_update": "20231016",
                "category": "undetected",
                "result": null
            },
            "ALYac": {
                "method": "blacklist",
                "engine_name": "ALYac",
                "engine_version": "1.1.3.1",
                "engine_update": "20231016",
                "category": "malicious",
                "result": "Trojan.Downloader.DOC.Gen"
            },
            "MAX": {
                "method": "blacklist",
                "engine_name": "MAX",
                "engine_version": "2023.1.4.1",
                "engine_update": "20231017",
                "category": "malicious",
                "result": "malware (ai score=100)"
            },
            "Zoner": {
                "method": "blacklist",
                "engine_name": "Zoner",
                "engine_version": "2.2.2.0",
                "engine_update": "20231017",
                "category": "undetected",
                "result": null
            },
            "Tencent": {
                "method": "blacklist",
                "engine_name": "Tencent",
                "engine_version": "1.0.0.1",
                "engine_update": "20231017",
                "category": "malicious",
                "result": "Heur:Trojan.Script.LS_Gencirc.7062981.0"
            },
            "Yandex": {
                "method": "blacklist",
                "engine_name": "Yandex",
                "engine_version": "5.5.2.24",
                "engine_update": "20231017",
                "category": "undetected",
                "result": null
            },
            "SentinelOne": {
                "method": "blacklist",
                "engine_name": "SentinelOne",
                "engine_version": "23.3.0.3",
                "engine_update": "20230705",
                "category": "malicious",
                "result": "Static AI - Malicious OLE"
            },
            "MaxSecure": {
                "method": "blacklist",
                "engine_name": "MaxSecure",
                "engine_version": "1.0.0.1",
                "engine_update": "20231016",
                "category": "undetected",
                "result": null
            },
            "Fortinet": {
                "method": "blacklist",
                "engine_name": "Fortinet",
                "engine_version": "None",
                "engine_update": "20231017",
                "category": "malicious",
                "result": "VBA/TrojanDropper.YQ!tr"
            },
            "AVG": {
                "method": "blacklist",
                "engine_name": "AVG",
                "engine_version": "23.9.8494.0",
                "engine_update": "20231016",
                "category": "malicious",
                "result": "Script:SNH-gen [Drp]"
            },
            "Panda": {
                "method": "blacklist",
                "engine_name": "Panda",
                "engine_version": "4.6.4.2",
                "engine_update": "20231016",
                "category": "undetected",
                "result": null
            },
            "Avast-Mobile": {
                "method": "blacklist",
                "engine_name": "Avast-Mobile",
                "engine_version": "231016-00",
                "engine_update": "20231016",
                "category": "type-unsupported",
                "result": null
            },
            "SymantecMobileInsight": {
                "method": "blacklist",
                "engine_name": "SymantecMobileInsight",
                "engine_version": "2.0",
                "engine_update": "20230119",
                "category": "type-unsupported",
                "result": null
            },
            "BitDefenderFalx": {
                "method": "blacklist",
                "engine_name": "BitDefenderFalx",
                "engine_version": "2.0.936",
                "engine_update": "20230921",
                "category": "type-unsupported",
                "result": null
            },
            "DeepInstinct": {
                "method": "blacklist",
                "engine_name": "DeepInstinct",
                "engine_version": "3.1.0.15",
                "engine_update": "20231011",
                "category": "type-unsupported",
                "result": null
            },
            "tehtris": {
                "method": "blacklist",
                "engine_name": "tehtris",
                "engine_version": "v0.1.4-109-g76614fd",
                "engine_update": "20231017",
                "category": "type-unsupported",
                "result": null
            },
            "Webroot": {
                "method": "blacklist",
                "engine_name": "Webroot",
                "engine_version": "1.0.0.403",
                "engine_update": "20231017",
                "category": "type-unsupported",
                "result": null
            },
            "APEX": {
                "method": "blacklist",
                "engine_name": "APEX",
                "engine_version": "6.465",
                "engine_update": "20231016",
                "category": "type-unsupported",
                "result": null
            },
            "Paloalto": {
                "method": "blacklist",
                "engine_name": "Paloalto",
                "engine_version": "0.9.0.1003",
                "engine_update": "20231017",
                "category": "type-unsupported",
                "result": null
            },
            "Alibaba": {
                "method": "blacklist",
                "engine_name": "Alibaba",
                "engine_version": "0.3.0.5",
                "engine_update": "20190527",
                "category": "type-unsupported",
                "result": null
            },
            "Trapmine": {
                "method": "blacklist",
                "engine_name": "Trapmine",
                "engine_version": "4.0.14.94",
                "engine_update": "20231006",
                "category": "type-unsupported",
                "result": null
            },
            "Cylance": {
                "method": "blacklist",
                "engine_name": "Cylance",
                "engine_version": "2.0.0.0",
                "engine_update": "20231004",
                "category": "type-unsupported",
                "result": null
            },
            "Trustlook": {
                "method": "blacklist",
                "engine_name": "Trustlook",
                "engine_version": "1.0",
                "engine_update": "20231017",
                "category": "type-unsupported",
                "result": null
            },
            "Cybereason": {
                "method": "blacklist",
                "engine_name": "Cybereason",
                "engine_version": "1.2.449",
                "engine_update": "20231011",
                "category": "type-unsupported",
                "result": null
            },
            "CrowdStrike": {
                "method": "blacklist",
                "engine_name": "CrowdStrike",
                "engine_version": "1.0",
                "engine_update": "20220812",
                "category": "type-unsupported",
                "result": null
            }
        },
        "creation_date": 1514100180,
        "last_submission_date": 1697510069,
        "crowdsourced_ids_results": [
            {
                "rule_category": "Generic Protocol Command Decode",
                "alert_severity": "low",
                "rule_msg": "SURICATA Applayer Detect protocol only one direction",
                "rule_raw": "alert ip any any -> any any (msg:\"SURICATA Applayer Detect protocol only one direction\"; flow:established; app-layer-event:applayer_detect_protocol_only_one_direction; flowint:applayer.anomaly.count,+,1; classtype:protocol-command-decode; sid:2260002; rev:1;)",
                "alert_context": [
                    {
                        "src_ip": "185.27.134.11",
                        "src_port": 21
                    }
                ],
                "rule_url": "https://www.openinfosecfoundation.org/",
                "rule_source": "Suricata",
                "rule_id": "1:2260002"
            }
        ],
        "type_description": "MS Word Document",
        "total_votes": {
            "harmless": 0,
            "malicious": 0
        },
        "tags": [
            "run-file",
            "exe-pattern",
            "handle-file",
            "macros",
            "doc",
            "calls-wmi",
            "open-file",
            "detect-debug-environment",
            "macro-run-file",
            "long-sleeps",
            "environ",
            "write-file",
            "ftp-communication"
        ],
        "tlsh": "T1CC64CF02BBC99933C1525539A812D2F69222FD84CE95C35730EA7F0FBD72A582C53F96",
        "type_tags": [
            "document",
            "msoffice",
            "text",
            "word",
            "doc"
        ],
        "last_analysis_stats": {
            "malicious": 43,
            "suspicious": 0,
            "undetected": 19,
            "harmless": 0,
            "timeout": 0,
            "confirmed-timeout": 0,
            "failure": 0,
            "type-unsupported": 14
        },
        "ssdeep": "6144:Ad7X6vwZ6cbwDg2Xcc8Rha8iPjLq988VxePO/+kwhene9Z:AqeFb0A/a8iP3AVxePO/+vh+e9",
        "crowdsourced_yara_results": [
            {
                "ruleset_id": "01234b2177",
                "rule_name": "Office_Document_with_VBA_Project",
                "ruleset_name": "Office_Document_with_VBA_Project",
                "description": "This signature detects an office document with an embedded VBA project. While this is fairly common it is sometimes used for malicious intent.",
                "author": "InQuest Labs",
                "source": "https://github.com/InQuest/yara-rules-vt"
            }
        ],
        "sandbox_verdicts": {
            "Zenbox": {
                "category": "malicious",
                "sandbox_name": "Zenbox",
                "malware_classification": [
                    "MALWARE",
                    "TROJAN",
                    "EVADER"
                ]
            },
            "Yomi Hunter": {
                "category": "malicious",
                "sandbox_name": "Yomi Hunter",
                "malware_classification": [
                    "MALWARE"
                ]
            }
        },
        "last_analysis_date": 1697510069,
        "type_tag": "doc",
        "last_modification_date": 1710515562,
        "type_extension": "doc",
        "meaningful_name": "665249eb8e0375c8553c2887504e9312",
        "first_submission_date": 1516188751,
        "crowdsourced_ids_stats": {
            "info": 0,
            "high": 0,
            "medium": 0,
            "low": 1
        },
        "md5": "665249eb8e0375c8553c2887504e9312",
        "trid": [
            {
                "file_type": "Microsoft Word document",
                "probability": 52.6
            },
            {
                "file_type": "Microsoft Word document (old ver.)",
                "probability": 33.3
            },
            {
                "file_type": "Generic OLE2 / Multistream Compound",
                "probability": 14.0
            }
        ],
        "vhash": "1a161ec0218a353a63bda52408067681",
        "sha1": "9e2c0bd19a77d712055ccc0276fdc062e9351436",
        "reputation": 0,
        "first_seen_itw_date": 1591881087
    },
    "id": "2046bb14d9f63612a6d19d5224727f3607be4e8f8ad13e9efe34620fda2d9d99"
}