{
    "SourceFile": "C:/Users/ricewater/Documents/MITREandCrowdstrikeApr2024Samples/2046bb14d9f63612a6d19d5224727f3607be4e8f8ad13e9efe34620fda2d9d99/2046bb14d9f63612a6d19d5224727f3607be4e8f8ad13e9efe34620fda2d9d99",
    "ExifToolVersion": 12.4,
    "FileName": "2046bb14d9f63612a6d19d5224727f3607be4e8f8ad13e9efe34620fda2d9d99",
    "Directory": "C:/Users/ricewater/Documents/MITREandCrowdstrikeApr2024Samples/2046bb14d9f63612a6d19d5224727f3607be4e8f8ad13e9efe34620fda2d9d99",
    "FileSize": "316 KiB",
    "FileModifyDate": "2024:04:02 20:53:59+02:00",
    "FileAccessDate": "2024:04:04 06:47:46+02:00",
    "FileCreateDate": "2024:04:03 17:50:59+02:00",
    "FilePermissions": "-rw-rw-rw-",
    "FileType": "DOC",
    "FileTypeExtension": "doc",
    "MIMEType": "application/msword",
    "Identification": "Word 8.0",
    "LanguageCode": "English (US)",
    "DocFlags": "Has picture, 1Table, ExtChar",
    "System": "Windows",
    "Word97": "No",
    "Title": "",
    "Subject": "",
    "Author": "Joseph MUYAMBO",
    "Keywords": "",
    "Comments": "",
    "Template": "Normal.dotm",
    "LastModifiedBy": "Windows User",
    "Software": "Microsoft Office Word",
    "CreateDate": "2017:12:24 07:23:00",
    "ModifyDate": "2018:01:11 23:45:00",
    "Security": "None",
    "CodePage": "Windows Traditional Chinese (Taiwan)",
    "Company": "",
    "CharCountWithSpaces": 10442,
    "AppVersion": 14.0,
    "ScaleCrop": "No",
    "LinksUpToDate": "No",
    "SharedDoc": "No",
    "HyperlinksChanged": "No",
    "TitleOfParts": "",
    "HeadingPairs": [
        "Title",
        1
    ],
    "CompObjUserTypeLen": 32,
    "CompObjUserType": "Microsoft Word 97-2003 Document",
    "LastPrinted": "0000:00:00 00:00:00",
    "RevisionNumber": 6,
    "TotalEditTime": "17 minutes",
    "Words": 1561,
    "Characters": 8901,
    "Pages": 6,
    "Paragraphs": 20,
    "Lines": 74
}