{
    "type": "file",
    "attributes": {
        "detectiteasy": {
            "filetype": "PE32",
            "values": [
                {
                    "info": "LTCG/C++",
                    "version": "19.28.29910",
                    "type": "Compiler",
                    "name": "Microsoft Visual C/C++"
                },
                {
                    "version": "14.28.29910",
                    "type": "Linker",
                    "name": "Microsoft Linker"
                },
                {
                    "version": "2019 version 16.9-16.10",
                    "type": "Tool",
                    "name": "Visual Studio"
                }
            ]
        },
        "sigma_analysis_stats": {
            "high": 1,
            "medium": 3,
            "critical": 0,
            "low": 0
        },
        "last_analysis_results": {
            "Bkav": {
                "method": "blacklist",
                "engine_name": "Bkav",
                "engine_version": "2.0.0.1",
                "engine_update": "20240327",
                "category": "malicious",
                "result": "W32.Common.AFC07F33"
            },
            "Lionic": {
                "method": "blacklist",
                "engine_name": "Lionic",
                "engine_version": "7.5",
                "engine_update": "20240326",
                "category": "malicious",
                "result": "Trojan.Win32.Kimsuky.4!c"
            },
            "tehtris": {
                "method": "blacklist",
                "engine_name": "tehtris",
                "engine_version": "v0.1.4",
                "engine_update": "20240327",
                "category": "undetected",
                "result": null
            },
            "MicroWorld-eScan": {
                "method": "blacklist",
                "engine_name": "MicroWorld-eScan",
                "engine_version": "14.0.409.0",
                "engine_update": "20240327",
                "category": "malicious",
                "result": "Gen:Variant.Lazy.383696"
            },
            "FireEye": {
                "method": "blacklist",
                "engine_name": "FireEye",
                "engine_version": "35.47.0.0",
                "engine_update": "20240327",
                "category": "malicious",
                "result": "Gen:Variant.Lazy.383696"
            },
            "CAT-QuickHeal": {
                "method": "blacklist",
                "engine_name": "CAT-QuickHeal",
                "engine_version": "22.00",
                "engine_update": "20240326",
                "category": "undetected",
                "result": null
            },
            "Skyhigh": {
                "method": "blacklist",
                "engine_name": "Skyhigh",
                "engine_version": "v2021.2.0+4045",
                "engine_update": "20240326",
                "category": "malicious",
                "result": "RDN/Generic.dx"
            },
            "McAfee": {
                "method": "blacklist",
                "engine_name": "McAfee",
                "engine_version": "6.0.6.653",
                "engine_update": "20240326",
                "category": "malicious",
                "result": "RDN/Generic.dx"
            },
            "Malwarebytes": {
                "method": "blacklist",
                "engine_name": "Malwarebytes",
                "engine_version": "4.5.5.54",
                "engine_update": "20240327",
                "category": "malicious",
                "result": "Malware.AI.1070481147"
            },
            "Zillya": {
                "method": "blacklist",
                "engine_name": "Zillya",
                "engine_version": "2.0.0.5079",
                "engine_update": "20240326",
                "category": "malicious",
                "result": "Trojan.Agent.Win32.3888822"
            },
            "Sangfor": {
                "method": "blacklist",
                "engine_name": "Sangfor",
                "engine_version": "2.23.0.0",
                "engine_update": "20240318",
                "category": "malicious",
                "result": "Backdoor.Win32.Kimsuky.V162"
            },
            "CrowdStrike": {
                "method": "blacklist",
                "engine_name": "CrowdStrike",
                "engine_version": "1.0",
                "engine_update": "20231026",
                "category": "malicious",
                "result": "win/malicious_confidence_100% (W)"
            },
            "Alibaba": {
                "method": "blacklist",
                "engine_name": "Alibaba",
                "engine_version": "0.3.0.5",
                "engine_update": "20190527",
                "category": "undetected",
                "result": null
            },
            "K7GW": {
                "method": "blacklist",
                "engine_name": "K7GW",
                "engine_version": "12.150.51503",
                "engine_update": "20240327",
                "category": "malicious",
                "result": "Trojan ( 005aa80b1 )"
            },
            "K7AntiVirus": {
                "method": "blacklist",
                "engine_name": "K7AntiVirus",
                "engine_version": "12.150.51503",
                "engine_update": "20240327",
                "category": "malicious",
                "result": "Trojan ( 005aa80b1 )"
            },
            "BitDefenderTheta": {
                "method": "blacklist",
                "engine_name": "BitDefenderTheta",
                "engine_version": "7.2.37796.0",
                "engine_update": "20240305",
                "category": "malicious",
                "result": "Gen:NN.ZedlaF.36802.qu4@aGiqXegi"
            },
            "VirIT": {
                "method": "blacklist",
                "engine_name": "VirIT",
                "engine_version": "9.5.670",
                "engine_update": "20240326",
                "category": "undetected",
                "result": null
            },
            "Symantec": {
                "method": "blacklist",
                "engine_name": "Symantec",
                "engine_version": "1.21.0.0",
                "engine_update": "20240327",
                "category": "malicious",
                "result": "Backdoor.Trojan"
            },
            "Elastic": {
                "method": "blacklist",
                "engine_name": "Elastic",
                "engine_version": "4.0.135",
                "engine_update": "20240321",
                "category": "malicious",
                "result": "malicious (high confidence)"
            },
            "ESET-NOD32": {
                "method": "blacklist",
                "engine_name": "ESET-NOD32",
                "engine_version": "28961",
                "engine_update": "20240327",
                "category": "malicious",
                "result": "a variant of Win32/Agent.AGGK"
            },
            "APEX": {
                "method": "blacklist",
                "engine_name": "APEX",
                "engine_version": "6.514",
                "engine_update": "20240325",
                "category": "undetected",
                "result": null
            },
            "TrendMicro-HouseCall": {
                "method": "blacklist",
                "engine_name": "TrendMicro-HouseCall",
                "engine_version": "10.0.0.1040",
                "engine_update": "20240327",
                "category": "malicious",
                "result": "Trojan.Win32.MINIBIKE.YMECM"
            },
            "Paloalto": {
                "method": "blacklist",
                "engine_name": "Paloalto",
                "engine_version": "0.9.0.1003",
                "engine_update": "20240327",
                "category": "undetected",
                "result": null
            },
            "ClamAV": {
                "method": "blacklist",
                "engine_name": "ClamAV",
                "engine_version": "1.3.0.0",
                "engine_update": "20240326",
                "category": "undetected",
                "result": null
            },
            "Kaspersky": {
                "method": "blacklist",
                "engine_name": "Kaspersky",
                "engine_version": "22.0.1.28",
                "engine_update": "20240327",
                "category": "malicious",
                "result": "HEUR:Trojan.Win32.Kimsuky.gen"
            },
            "BitDefender": {
                "method": "blacklist",
                "engine_name": "BitDefender",
                "engine_version": "7.2",
                "engine_update": "20240327",
                "category": "malicious",
                "result": "Gen:Variant.Lazy.383696"
            },
            "NANO-Antivirus": {
                "method": "blacklist",
                "engine_name": "NANO-Antivirus",
                "engine_version": "1.0.146.25796",
                "engine_update": "20240326",
                "category": "malicious",
                "result": "Trojan.Win32.Kimsuky.kalila"
            },
            "SUPERAntiSpyware": {
                "method": "blacklist",
                "engine_name": "SUPERAntiSpyware",
                "engine_version": "5.6.0.1032",
                "engine_update": "20240326",
                "category": "undetected",
                "result": null
            },
            "Avast": {
                "method": "blacklist",
                "engine_name": "Avast",
                "engine_version": "23.9.8494.0",
                "engine_update": "20240327",
                "category": "malicious",
                "result": "Win32:TrojanX-gen [Trj]"
            },
            "Tencent": {
                "method": "blacklist",
                "engine_name": "Tencent",
                "engine_version": "1.0.0.1",
                "engine_update": "20240327",
                "category": "malicious",
                "result": "Malware.Win32.Gencirc.13eee60e"
            },
            "TACHYON": {
                "method": "blacklist",
                "engine_name": "TACHYON",
                "engine_version": "2024-03-27.01",
                "engine_update": "20240327",
                "category": "undetected",
                "result": null
            },
            "Emsisoft": {
                "method": "blacklist",
                "engine_name": "Emsisoft",
                "engine_version": "2022.6.0.32461",
                "engine_update": "20240327",
                "category": "malicious",
                "result": "Gen:Variant.Lazy.383696 (B)"
            },
            "Baidu": {
                "method": "blacklist",
                "engine_name": "Baidu",
                "engine_version": "1.0.0.2",
                "engine_update": "20190318",
                "category": "undetected",
                "result": null
            },
            "F-Secure": {
                "method": "blacklist",
                "engine_name": "F-Secure",
                "engine_version": "18.10.1547.307",
                "engine_update": "20240327",
                "category": "malicious",
                "result": "Trojan.TR/Redcap.zsduv"
            },
            "DrWeb": {
                "method": "blacklist",
                "engine_name": "DrWeb",
                "engine_version": "7.0.62.1180",
                "engine_update": "20240327",
                "category": "undetected",
                "result": null
            },
            "VIPRE": {
                "method": "blacklist",
                "engine_name": "VIPRE",
                "engine_version": "6.0.0.35",
                "engine_update": "20240326",
                "category": "malicious",
                "result": "Gen:Variant.Lazy.383696"
            },
            "TrendMicro": {
                "method": "blacklist",
                "engine_name": "TrendMicro",
                "engine_version": "11.0.0.1006",
                "engine_update": "20240327",
                "category": "malicious",
                "result": "Trojan.Win32.MINIBIKE.YMECM"
            },
            "Trapmine": {
                "method": "blacklist",
                "engine_name": "Trapmine",
                "engine_version": "4.0.16.96",
                "engine_update": "20240223",
                "category": "undetected",
                "result": null
            },
            "CMC": {
                "method": "blacklist",
                "engine_name": "CMC",
                "engine_version": "2.4.2022.1",
                "engine_update": "20240323",
                "category": "undetected",
                "result": null
            },
            "Sophos": {
                "method": "blacklist",
                "engine_name": "Sophos",
                "engine_version": "2.4.3.0",
                "engine_update": "20240327",
                "category": "malicious",
                "result": "Troj/FakWtsDl-A"
            },
            "SentinelOne": {
                "method": "blacklist",
                "engine_name": "SentinelOne",
                "engine_version": "24.1.0.5",
                "engine_update": "20240129",
                "category": "undetected",
                "result": null
            },
            "Jiangmin": {
                "method": "blacklist",
                "engine_name": "Jiangmin",
                "engine_version": "16.0.100",
                "engine_update": "20240326",
                "category": "undetected",
                "result": null
            },
            "Google": {
                "method": "blacklist",
                "engine_name": "Google",
                "engine_version": "1711512025",
                "engine_update": "20240327",
                "category": "malicious",
                "result": "Detected"
            },
            "Avira": {
                "method": "blacklist",
                "engine_name": "Avira",
                "engine_version": "8.3.3.18",
                "engine_update": "20240327",
                "category": "malicious",
                "result": "TR/Redcap.zsduv"
            },
            "Varist": {
                "method": "blacklist",
                "engine_name": "Varist",
                "engine_version": "6.5.1.2",
                "engine_update": "20240327",
                "category": "malicious",
                "result": "W32/Kimsuky.D.gen!Eldorado"
            },
            "Antiy-AVL": {
                "method": "blacklist",
                "engine_name": "Antiy-AVL",
                "engine_version": "3.0",
                "engine_update": "20240327",
                "category": "malicious",
                "result": "Trojan/Win32.Kimsuky"
            },
            "Kingsoft": {
                "method": "blacklist",
                "engine_name": "Kingsoft",
                "engine_version": "None",
                "engine_update": "20230906",
                "category": "undetected",
                "result": null
            },
            "Microsoft": {
                "method": "blacklist",
                "engine_name": "Microsoft",
                "engine_version": "1.1.24020.9",
                "engine_update": "20240327",
                "category": "malicious",
                "result": "Backdoor:Win32/Malgent!MSR"
            },
            "Gridinsoft": {
                "method": "blacklist",
                "engine_name": "Gridinsoft",
                "engine_version": "1.0.170.174",
                "engine_update": "20240327",
                "category": "malicious",
                "result": "Susp.U.XOREncoded.sd!yf"
            },
            "Xcitium": {
                "method": "blacklist",
                "engine_name": "Xcitium",
                "engine_version": "36558",
                "engine_update": "20240326",
                "category": "undetected",
                "result": null
            },
            "Arcabit": {
                "method": "blacklist",
                "engine_name": "Arcabit",
                "engine_version": "2022.0.0.18",
                "engine_update": "20240327",
                "category": "malicious",
                "result": "Trojan.Lazy.D5DAD0"
            },
            "ViRobot": {
                "method": "blacklist",
                "engine_name": "ViRobot",
                "engine_version": "2014.3.20.0",
                "engine_update": "20240327",
                "category": "undetected",
                "result": null
            },
            "ZoneAlarm": {
                "method": "blacklist",
                "engine_name": "ZoneAlarm",
                "engine_version": "1.0",
                "engine_update": "20240327",
                "category": "malicious",
                "result": "HEUR:Trojan.Win32.Kimsuky.gen"
            },
            "GData": {
                "method": "blacklist",
                "engine_name": "GData",
                "engine_version": "A:25.37648B:27.35417",
                "engine_update": "20240327",
                "category": "malicious",
                "result": "Gen:Variant.Lazy.383696"
            },
            "Cynet": {
                "method": "blacklist",
                "engine_name": "Cynet",
                "engine_version": "4.0.1.1",
                "engine_update": "20240327",
                "category": "malicious",
                "result": "Malicious (score: 99)"
            },
            "AhnLab-V3": {
                "method": "blacklist",
                "engine_name": "AhnLab-V3",
                "engine_version": "3.25.1.10473",
                "engine_update": "20240327",
                "category": "malicious",
                "result": "Malware/Win.Generic.C4402138"
            },
            "Acronis": {
                "method": "blacklist",
                "engine_name": "Acronis",
                "engine_version": "1.2.0.121",
                "engine_update": "20230828",
                "category": "undetected",
                "result": null
            },
            "VBA32": {
                "method": "blacklist",
                "engine_name": "VBA32",
                "engine_version": "5.0.0",
                "engine_update": "20240327",
                "category": "undetected",
                "result": null
            },
            "ALYac": {
                "method": "blacklist",
                "engine_name": "ALYac",
                "engine_version": "2.0.0.8",
                "engine_update": "20240327",
                "category": "malicious",
                "result": "Trojan.Agent.Wacatac"
            },
            "MAX": {
                "method": "blacklist",
                "engine_name": "MAX",
                "engine_version": "2023.1.4.1",
                "engine_update": "20240327",
                "category": "malicious",
                "result": "malware (ai score=88)"
            },
            "Cylance": {
                "method": "blacklist",
                "engine_name": "Cylance",
                "engine_version": "2.0.0.0",
                "engine_update": "20240320",
                "category": "malicious",
                "result": "unsafe"
            },
            "Panda": {
                "method": "blacklist",
                "engine_name": "Panda",
                "engine_version": "4.6.4.2",
                "engine_update": "20240326",
                "category": "malicious",
                "result": "Trj/Chgt.AD"
            },
            "Zoner": {
                "method": "blacklist",
                "engine_name": "Zoner",
                "engine_version": "2.2.2.0",
                "engine_update": "20240327",
                "category": "undetected",
                "result": null
            },
            "Rising": {
                "method": "blacklist",
                "engine_name": "Rising",
                "engine_version": "25.0.0.27",
                "engine_update": "20240327",
                "category": "malicious",
                "result": "Trojan.Kimsuky!8.31F6 (TFE:5:uQA7qqjLG1N)"
            },
            "Yandex": {
                "method": "blacklist",
                "engine_name": "Yandex",
                "engine_version": "5.5.2.24",
                "engine_update": "20240326",
                "category": "undetected",
                "result": null
            },
            "Ikarus": {
                "method": "blacklist",
                "engine_name": "Ikarus",
                "engine_version": "6.3.12.0",
                "engine_update": "20240326",
                "category": "malicious",
                "result": "Trojan.Win32.Kimsuky"
            },
            "MaxSecure": {
                "method": "blacklist",
                "engine_name": "MaxSecure",
                "engine_version": "1.0.0.1",
                "engine_update": "20240326",
                "category": "malicious",
                "result": "Trojan.Malware.217282560.susgen"
            },
            "Fortinet": {
                "method": "blacklist",
                "engine_name": "Fortinet",
                "engine_version": "None",
                "engine_update": "20240327",
                "category": "malicious",
                "result": "W32/Kimsuky.BX!tr"
            },
            "AVG": {
                "method": "blacklist",
                "engine_name": "AVG",
                "engine_version": "23.9.8494.0",
                "engine_update": "20240327",
                "category": "malicious",
                "result": "Win32:TrojanX-gen [Trj]"
            },
            "DeepInstinct": {
                "method": "blacklist",
                "engine_name": "DeepInstinct",
                "engine_version": "5.0.0.8",
                "engine_update": "20240326",
                "category": "malicious",
                "result": "MALICIOUS"
            },
            "alibabacloud": {
                "method": "blacklist",
                "engine_name": "alibabacloud",
                "engine_version": "2.0.3",
                "engine_update": "20240321",
                "category": "undetected",
                "result": null
            },
            "Trustlook": {
                "method": "blacklist",
                "engine_name": "Trustlook",
                "engine_version": "1.0",
                "engine_update": "20240327",
                "category": "type-unsupported",
                "result": null
            },
            "SymantecMobileInsight": {
                "method": "blacklist",
                "engine_name": "SymantecMobileInsight",
                "engine_version": "2.0",
                "engine_update": "20240103",
                "category": "type-unsupported",
                "result": null
            },
            "BitDefenderFalx": {
                "method": "blacklist",
                "engine_name": "BitDefenderFalx",
                "engine_version": "2.0.936",
                "engine_update": "20240128",
                "category": "type-unsupported",
                "result": null
            },
            "Avast-Mobile": {
                "method": "blacklist",
                "engine_name": "Avast-Mobile",
                "engine_version": "240326-00",
                "engine_update": "20240326",
                "category": "type-unsupported",
                "result": null
            },
            "Cybereason": {
                "method": "blacklist",
                "engine_name": "Cybereason",
                "engine_version": "1.2.449",
                "engine_update": "20240304",
                "category": "type-unsupported",
                "result": null
            }
        },
        "reputation": 0,
        "popular_threat_classification": {
            "suggested_threat_label": "trojan.kimsuky/lazy",
            "popular_threat_name": [
                {
                    "value": "kimsuky",
                    "count": 10
                },
                {
                    "value": "lazy",
                    "count": 7
                },
                {
                    "value": "minibike",
                    "count": 2
                }
            ],
            "popular_threat_category": [
                {
                    "value": "trojan",
                    "count": 23
                }
            ]
        },
        "sigma_analysis_summary": {
            "Sigma Integrated Rule Set (GitHub)": {
                "high": 0,
                "medium": 2,
                "critical": 0,
                "low": 0
            },
            "SOC Prime Threat Detection Marketplace": {
                "high": 0,
                "medium": 1,
                "critical": 0,
                "low": 0
            }
        },
        "sigma_analysis_results": [
            {
                "match_context": [
                    {
                        "values": {
                            "TerminalSessionId": "1",
                            "ProcessGuid": "{C784477D-8724-64EE-6B06-000000003400}",
                            "ProcessId": "5200",
                            "Product": "Microsoft\\xae Windows\\xae Operating System",
                            "Description": "Windows host process (Rundll32)",
                            "Company": "Microsoft Corporation",
                            "ParentProcessGuid": "{C784477D-5F77-64E4-6B00-000000003400}",
                            "User": "DESKTOP-B0T93D6\\george",
                            "Hashes": "MD5=D7CA562B0DB4F4DD0F03A89A1FDAD63D,SHA256=4E15AA13A02798E924C63537E458A09415C48DAE0E7AFD5A3D25532A2AA935EE,IMPHASH=BB17B2FBBFF4BBF5EBDCA7D0BB9E4A5B",
                            "OriginalFileName": "RUNDLL32.EXE",
                            "ParentImage": "C:\\Windows\\explorer.exe",
                            "FileVersion": "10.0.17134.1 (WinBuild.160101.0800)",
                            "ParentProcessId": "4952",
                            "CurrentDirectory": "C:\\Windows\\SysWOW64\\",
                            "CommandLine": "\"C:\\Windows\\SysWOW64\\rundll32.exe\" ",
                            "EventID": "1",
                            "LogonGuid": "C784477D-5F76-64E4-5504-040000000000",
                            "LogonId": "263253",
                            "Image": "C:\\Windows\\SysWOW64\\rundll32.exe",
                            "IntegrityLevel": "Medium",
                            "ParentCommandLine": "C:\\Windows\\Explorer.EXE",
                            "UtcTime": "1693353764",
                            "RuleName": "-"
                        }
                    }
                ],
                "rule_level": "high",
                "rule_description": "Detects the execution of rundll32 with a command line that doesn't contain a .dll file",
                "rule_source": "Sigma Integrated Rule Set (GitHub)",
                "rule_title": "Rundll32 Execution Without DLL File",
                "rule_id": "e7856bac967038b016efab8e4f315a2f16ccd6ba62f20d73df0ad3826fe654a3",
                "rule_author": "Tim Shelton, Florian Roth (Nextron Systems), Yassine Oukessou (fix + fp)"
            },
            {
                "match_context": [
                    {
                        "values": {
                            "TerminalSessionId": "1",
                            "ProcessGuid": "{C784477D-8724-64EE-6B06-000000003400}",
                            "ProcessId": "5200",
                            "Product": "Microsoft\\xae Windows\\xae Operating System",
                            "Description": "Windows host process (Rundll32)",
                            "Company": "Microsoft Corporation",
                            "ParentProcessGuid": "{C784477D-5F77-64E4-6B00-000000003400}",
                            "User": "DESKTOP-B0T93D6\\george",
                            "Hashes": "MD5=D7CA562B0DB4F4DD0F03A89A1FDAD63D,SHA256=4E15AA13A02798E924C63537E458A09415C48DAE0E7AFD5A3D25532A2AA935EE,IMPHASH=BB17B2FBBFF4BBF5EBDCA7D0BB9E4A5B",
                            "OriginalFileName": "RUNDLL32.EXE",
                            "ParentImage": "C:\\Windows\\explorer.exe",
                            "FileVersion": "10.0.17134.1 (WinBuild.160101.0800)",
                            "ParentProcessId": "4952",
                            "CurrentDirectory": "C:\\Windows\\SysWOW64\\",
                            "CommandLine": "\"C:\\Windows\\SysWOW64\\rundll32.exe\" ",
                            "EventID": "1",
                            "LogonGuid": "C784477D-5F76-64E4-5504-040000000000",
                            "LogonId": "263253",
                            "Image": "C:\\Windows\\SysWOW64\\rundll32.exe",
                            "IntegrityLevel": "Medium",
                            "ParentCommandLine": "C:\\Windows\\Explorer.EXE",
                            "UtcTime": "1693353764",
                            "RuleName": "-"
                        }
                    }
                ],
                "rule_level": "medium",
                "rule_description": "Detects use of rundll32 as a LOLBAS binary where rundll32 is passed unexpected arguments such as a .iso instead of .dll (i.e. rundll32.exe test.iso, evilexport).",
                "rule_source": "SOC Prime Threat Detection Marketplace",
                "rule_title": "LOLBAS rundll32 without expected arguments (via cmdline)",
                "rule_id": "2fd6d2b16365ba7157eee4934b406ac7d530b4ec62cc1b45c69ee4f07989f139",
                "rule_author": "SOC Prime Team"
            },
            {
                "match_context": [
                    {
                        "values": {
                            "TerminalSessionId": "1",
                            "ProcessGuid": "{C784477D-8724-64EE-6B06-000000003400}",
                            "ProcessId": "5200",
                            "Product": "Microsoft\\xae Windows\\xae Operating System",
                            "Description": "Windows host process (Rundll32)",
                            "Company": "Microsoft Corporation",
                            "ParentProcessGuid": "{C784477D-5F77-64E4-6B00-000000003400}",
                            "User": "DESKTOP-B0T93D6\\george",
                            "Hashes": "MD5=D7CA562B0DB4F4DD0F03A89A1FDAD63D,SHA256=4E15AA13A02798E924C63537E458A09415C48DAE0E7AFD5A3D25532A2AA935EE,IMPHASH=BB17B2FBBFF4BBF5EBDCA7D0BB9E4A5B",
                            "OriginalFileName": "RUNDLL32.EXE",
                            "ParentImage": "C:\\Windows\\explorer.exe",
                            "FileVersion": "10.0.17134.1 (WinBuild.160101.0800)",
                            "ParentProcessId": "4952",
                            "CurrentDirectory": "C:\\Windows\\SysWOW64\\",
                            "CommandLine": "\"C:\\Windows\\SysWOW64\\rundll32.exe\" ",
                            "EventID": "1",
                            "LogonGuid": "C784477D-5F76-64E4-5504-040000000000",
                            "LogonId": "263253",
                            "Image": "C:\\Windows\\SysWOW64\\rundll32.exe",
                            "IntegrityLevel": "Medium",
                            "ParentCommandLine": "C:\\Windows\\Explorer.EXE",
                            "UtcTime": "1693353764",
                            "RuleName": "-"
                        }
                    }
                ],
                "rule_level": "medium",
                "rule_description": "Detects suspicious start of rundll32.exe with a parent process of Explorer.exe. Variant of Raspberry Robin, as first reported by Red Canary.",
                "rule_source": "Sigma Integrated Rule Set (GitHub)",
                "rule_title": "Rundll32 With Suspicious Parent Process",
                "rule_id": "63bcc6f98c4a5594772428a329b433392d70f18a841926328607f303f3d782a5",
                "rule_author": "CD_ROM_"
            },
            {
                "match_context": [
                    {
                        "values": {
                            "EventID": "13",
                            "ProcessId": "6760",
                            "EventType": "SetValue",
                            "Image": "C:\\Windows\\system32\\loaddll32.exe",
                            "ProcessGuid": "{C784477D-870A-64EE-5606-000000003400}",
                            "UtcTime": "1693353748",
                            "Details": "C:\\Windows\\system32\\loaddll32.exe",
                            "RuleName": "T1060,RunKey",
                            "TargetObject": "HKU\\S-1-5-21-1015118539-3749460369-599379286-1001\\Software\\Microsoft\\Windows\\CurrentVersion\\Run\\Image Photo Viewer"
                        }
                    },
                    {
                        "values": {
                            "EventID": "13",
                            "ProcessId": "7360",
                            "EventType": "SetValue",
                            "Image": "C:\\Windows\\SysWOW64\\rundll32.exe",
                            "RuleName": "T1060,RunKey",
                            "UtcTime": "1693353748",
                            "Details": "C:\\Windows\\SysWOW64\\rundll32.exe",
                            "ProcessGuid": "{C784477D-8714-64EE-6406-000000003400}",
                            "TargetObject": "HKU\\S-1-5-21-1015118539-3749460369-599379286-1001\\Software\\Microsoft\\Windows\\CurrentVersion\\Run\\Image Photo Viewer"
                        }
                    }
                ],
                "rule_level": "medium",
                "rule_description": "Detects modification of autostart extensibility point (ASEP) in registry.",
                "rule_source": "Sigma Integrated Rule Set (GitHub)",
                "rule_title": "CurrentVersion Autorun Keys Modification",
                "rule_id": "8b5db9da5732dc549b0e8b56fe5933d7c95ed760f3ac20568ab95347ef8c5bcc",
                "rule_author": "Victor Sergeev, Daniil Yugoslavskiy, Gleb Sukhodolskiy, Timur Zinniatullin, oscd.community, Tim Shelton, frack113 (split)"
            }
        ],
        "type_description": "Win32 DLL",
        "trid": [
            {
                "file_type": "Win64 Executable (generic)",
                "probability": 32.2
            },
            {
                "file_type": "Win32 Dynamic Link Library (generic)",
                "probability": 20.1
            },
            {
                "file_type": "Win16 NE executable (generic)",
                "probability": 15.4
            },
            {
                "file_type": "Win32 Executable (generic)",
                "probability": 13.7
            },
            {
                "file_type": "OS/2 Executable (generic)",
                "probability": 6.2
            }
        ],
        "meaningful_name": "database.bin",
        "sandbox_verdicts": {
            "C2AE": {
                "category": "undetected",
                "sandbox_name": "C2AE",
                "malware_classification": [
                    "UNKNOWN_VERDICT"
                ]
            }
        },
        "last_submission_date": 1693328414,
        "crowdsourced_yara_results": [
            {
                "ruleset_id": "00054b746e",
                "rule_name": "SUSP_XORed_Mozilla",
                "ruleset_name": "gen_xor_hunting",
                "description": "Detects suspicious single byte XORed keyword 'Mozilla/5.0' - it uses yara's XOR modifier and therefore cannot print the XOR key. You can use the CyberChef recipe linked in the reference field to brute force the used key.",
                "author": "Florian Roth",
                "source": "https://github.com/Neo23x0/signature-base"
            },
            {
                "description": "Detects suspicious single byte XORed keyword 'Mozilla/5.0' - it uses yara's XOR modifier and therefore cannot print the XOR key. You can use the CyberChef recipe linked in the reference field to brute force the used key.",
                "author": "Florian Roth (Nextron Systems)",
                "ruleset_name": "gen_xor_hunting",
                "rule_name": "SUSP_XORed_Mozilla",
                "ruleset_id": "00054b746e",
                "match_in_subfile": true,
                "source": "https://github.com/Neo23x0/signature-base"
            }
        ],
        "sha256": "1c3180f60e4140ccd2ee8dcb793b5a81a7782c14e63bffd7ebd21272486737c3",
        "last_analysis_date": 1711517830,
        "last_modification_date": 1712019241,
        "first_submission_date": 1693328414,
        "unique_sources": 1,
        "vhash": "125056655d15556az4d=z45",
        "tlsh": "T1D9446C007591C072E6BD26702635FFB555ACBC314BF1C4EB7BD44E7B8A322D25A30A6A",
        "tags": [
            "detect-debug-environment",
            "persistence",
            "long-sleeps",
            "checks-user-input",
            "pedll"
        ],
        "size": 273920,
        "md5": "a5e64f196175c5f068e1352aa04bc5fa",
        "total_votes": {
            "harmless": 0,
            "malicious": 0
        },
        "type_extension": "dll",
        "times_submitted": 1,
        "ssdeep": "6144:rr/heymY+TlvHMaQH+gLiF8WAOb02D1v:rr/hSY+TlrXZ1v",
        "sha1": "b7f3a570426417c7cc013a248bea945cac57d898",
        "names": [
            "database.bin"
        ],
        "type_tag": "pedll",
        "magic": "PE32 executable (DLL) (console) Intel 80386, for MS Windows",
        "authentihash": "88e779b73a7aa20c8424dd0d5a232fe12e127262d62ccd5a02ea971bd440e504",
        "last_analysis_stats": {
            "malicious": 48,
            "suspicious": 0,
            "undetected": 23,
            "harmless": 0,
            "timeout": 0,
            "confirmed-timeout": 0,
            "failure": 0,
            "type-unsupported": 5
        },
        "pe_info": {
            "timestamp": 1636498962,
            "imphash": "75a9ae7d4394abdc30e2a873908fa09d",
            "machine_type": 332,
            "entry_point": 84515,
            "resource_details": [
                {
                    "lang": "ENGLISH US",
                    "chi2": 4031.47,
                    "filetype": "XML",
                    "entropy": 4.911615371704102,
                    "sha256": "4bb79dcea0a901f7d9eac5aa05728ae92acb42e0cb22e5dd14134f4421a3d8df",
                    "type": "RT_MANIFEST"
                }
            ],
            "resource_langs": {
                "ENGLISH US": 1
            },
            "resource_types": {
                "RT_MANIFEST": 1
            },
            "sections": [
                {
                    "name": ".text",
                    "chi2": 1006883.88,
                    "virtual_address": 4096,
                    "entropy": 6.59,
                    "raw_size": 195072,
                    "flags": "rx",
                    "virtual_size": 195038,
                    "md5": "20abe81cb998066e5941945d20b8f46c"
                },
                {
                    "name": ".rdata",
                    "chi2": 1828462.12,
                    "virtual_address": 200704,
                    "entropy": 5.73,
                    "raw_size": 64512,
                    "flags": "r",
                    "virtual_size": 64086,
                    "md5": "8749113cac8a5b91da71898243fdbec7"
                },
                {
                    "name": ".data",
                    "chi2": 431691.88,
                    "virtual_address": 266240,
                    "entropy": 2.96,
                    "raw_size": 4096,
                    "flags": "rw",
                    "virtual_size": 7232,
                    "md5": "612006b6f68cd0b8b0d48252dbdef4be"
                },
                {
                    "name": ".rsrc",
                    "chi2": 9292.0,
                    "virtual_address": 274432,
                    "entropy": 4.71,
                    "raw_size": 512,
                    "flags": "r",
                    "virtual_size": 480,
                    "md5": "c23d2715b42b072fcf86b2aa58807b56"
                },
                {
                    "name": ".reloc",
                    "chi2": 50044.74,
                    "virtual_address": 278528,
                    "entropy": 6.42,
                    "raw_size": 8704,
                    "flags": "r",
                    "virtual_size": 8208,
                    "md5": "00d3e12d7bf7d497779db09566a61242"
                }
            ],
            "exports": [
                "IsInteractiveUserSession",
                "QueryActiveSession",
                "QueryUserToken",
                "RegisterUsertokenForNoWinlogon",
                "WTSCloseServer",
                "WTSConnectSessionA",
                "WTSConnectSessionW",
                "WTSCreateListenerA",
                "WTSCreateListenerW",
                "WTSDisconnectSession",
                "WTSEnableChildSessions",
                "WTSEnumerateListenersA",
                "WTSEnumerateListenersW",
                "WTSEnumerateProcessesA",
                "WTSEnumerateProcessesExA",
                "WTSEnumerateProcessesExW",
                "WTSEnumerateProcessesW",
                "WTSEnumerateServersA",
                "WTSEnumerateServersW",
                "WTSEnumerateSessionsA",
                "WTSEnumerateSessionsExA",
                "WTSEnumerateSessionsExW",
                "WTSEnumerateSessionsW",
                "WTSFreeMemory",
                "WTSFreeMemoryExA",
                "WTSFreeMemoryExW",
                "WTSGetChildSessionId",
                "WTSGetListenerSecurityA",
                "WTSGetListenerSecurityW",
                "WTSIsChildSessionsEnabled",
                "WTSLogoffSession",
                "WTSOpenServerA",
                "WTSOpenServerExA",
                "WTSOpenServerExW",
                "WTSOpenServerW",
                "WTSQueryListenerConfigA",
                "WTSQueryListenerConfigW",
                "WTSQuerySessionInformationA",
                "WTSQuerySessionInformationW",
                "WTSQueryUserConfigA",
                "WTSQueryUserConfigW",
                "WTSQueryUserToken",
                "WTSRegisterSessionNotification",
                "WTSRegisterSessionNotificationEx",
                "WTSSendMessageA",
                "WTSSendMessageW",
                "WTSSetListenerSecurityA",
                "WTSSetListenerSecurityW",
                "WTSSetRenderHint",
                "WTSSetSessionInformationA",
                "WTSSetSessionInformationW",
                "WTSSetUserConfigA",
                "WTSSetUserConfigW",
                "WTSShutdownSystem",
                "WTSStartRemoteControlSessionA",
                "WTSStartRemoteControlSessionW",
                "WTSStopRemoteControlSession",
                "WTSTerminateProcess",
                "WTSUnRegisterSessionNotification",
                "WTSUnRegisterSessionNotificationEx",
                "WTSVirtualChannelClose",
                "WTSVirtualChannelOpen",
                "WTSVirtualChannelOpenEx",
                "WTSVirtualChannelPurgeInput",
                "WTSVirtualChannelPurgeOutput",
                "WTSVirtualChannelQuery",
                "WTSVirtualChannelRead",
                "WTSVirtualChannelWrite",
                "WTSWaitSystemEvent"
            ],
            "compiler_product_versions": [
                "[---] Unmarked objects count=90",
                "[LT+] VS2019 v16.9.0 build 29910 count=1",
                "[EXP] VS2019 v16.9.0 build 29910 count=1",
                "[RES] VS2019 v16.9.0 build 29910 count=1",
                "[LNK] VS2019 v16.9.0 build 29910 count=1",
                "id: 0x103, version: 29395 count=13",
                "id: 0x105, version: 29395 count=164",
                "id: 0x104, version: 29395 count=22",
                "id: 0x104, version: 29804 count=15",
                "id: 0x103, version: 29804 count=20",
                "id: 0x105, version: 29804 count=68",
                "id: 0x101, version: 29395 count=3"
            ],
            "rich_pe_header_hash": "06b2ec5892ac9ad566693b04cf427f3f",
            "import_list": [
                {
                    "library_name": "KERNEL32.dll",
                    "imported_functions": [
                        "CloseHandle",
                        "CreateFileW",
                        "CreateThreadpoolWork",
                        "DecodePointer",
                        "DeleteCriticalSection",
                        "EncodePointer",
                        "EnterCriticalSection",
                        "EnumSystemLocalesW",
                        "ExitProcess",
                        "FindClose",
                        "FindFirstFileExW",
                        "FindNextFileW",
                        "FlushFileBuffers",
                        "FreeEnvironmentStringsW",
                        "FreeLibrary",
                        "GetACP",
                        "GetCommandLineA",
                        "GetCommandLineW",
                        "GetConsoleMode",
                        "GetConsoleOutputCP",
                        "GetCPInfo",
                        "GetCurrentProcess",
                        "GetCurrentProcessId",
                        "GetCurrentThreadId",
                        "GetEnvironmentStringsW",
                        "GetFileSizeEx",
                        "GetFileType",
                        "GetLastError",
                        "GetLocaleInfoW",
                        "GetModuleFileNameA",
                        "GetModuleFileNameW",
                        "GetModuleHandleExW",
                        "GetModuleHandleW",
                        "GetOEMCP",
                        "GetProcAddress",
                        "GetProcessHeap",
                        "GetStartupInfoW",
                        "GetStdHandle",
                        "GetStringTypeW",
                        "GetSystemTimeAsFileTime",
                        "GetUserDefaultLCID",
                        "HeapAlloc",
                        "HeapFree",
                        "HeapReAlloc",
                        "HeapSize",
                        "InitializeCriticalSectionAndSpinCount",
                        "InitializeCriticalSectionEx",
                        "InitializeSListHead",
                        "InterlockedFlushSList",
                        "IsDebuggerPresent",
                        "IsProcessorFeaturePresent",
                        "IsValidCodePage",
                        "IsValidLocale",
                        "LCMapStringEx",
                        "LCMapStringW",
                        "LeaveCriticalSection",
                        "LoadLibraryA",
                        "LoadLibraryExW",
                        "MultiByteToWideChar",
                        "QueryPerformanceCounter",
                        "RaiseException",
                        "ReadConsoleW",
                        "ReadFile",
                        "RtlUnwind",
                        "SetFilePointerEx",
                        "SetLastError",
                        "SetStdHandle",
                        "SetUnhandledExceptionFilter",
                        "TerminateProcess",
                        "TlsAlloc",
                        "TlsFree",
                        "TlsGetValue",
                        "TlsSetValue",
                        "UnhandledExceptionFilter",
                        "WideCharToMultiByte",
                        "WriteConsoleW",
                        "WriteFile"
                    ]
                }
            ]
        },
        "type_tags": [
            "executable",
            "windows",
            "win32",
            "pe",
            "pedll"
        ],
        "creation_date": 1636498962
    },
    "id": "1c3180f60e4140ccd2ee8dcb793b5a81a7782c14e63bffd7ebd21272486737c3"
}