{
    "SourceFile": "C:/Users/ricewater/Documents/MITREandCrowdstrikeApr2024Samples/1c3180f60e4140ccd2ee8dcb793b5a81a7782c14e63bffd7ebd21272486737c3/1c3180f60e4140ccd2ee8dcb793b5a81a7782c14e63bffd7ebd21272486737c3",
    "ExifToolVersion": 12.4,
    "FileName": "1c3180f60e4140ccd2ee8dcb793b5a81a7782c14e63bffd7ebd21272486737c3",
    "Directory": "C:/Users/ricewater/Documents/MITREandCrowdstrikeApr2024Samples/1c3180f60e4140ccd2ee8dcb793b5a81a7782c14e63bffd7ebd21272486737c3",
    "FileSize": "268 KiB",
    "FileModifyDate": "2024:04:02 22:25:27+02:00",
    "FileAccessDate": "2024:04:04 06:47:29+02:00",
    "FileCreateDate": "2024:04:03 17:50:59+02:00",
    "FilePermissions": "-rw-rw-rw-",
    "FileType": "Win32 DLL",
    "FileTypeExtension": "dll",
    "MIMEType": "application/octet-stream",
    "MachineType": "Intel 386 or later, and compatibles",
    "TimeStamp": "2021:11:10 00:02:42+01:00",
    "ImageFileCharacteristics": "Executable, 32-bit, DLL",
    "PEType": "PE32",
    "LinkerVersion": 14.28,
    "CodeSize": 195072,
    "InitializedDataSize": 81408,
    "UninitializedDataSize": 0,
    "EntryPoint": "0x14a23",
    "OSVersion": 6.0,
    "ImageVersion": 0.0,
    "SubsystemVersion": 6.0,
    "Subsystem": "Windows command line"
}