{"analysis": {"enable_decoded_strings": false, "enable_stack_strings": false, "enable_static_strings": true, "enable_tight_strings": false, "functions": {"analyzed_decoded_strings": 0, "analyzed_stack_strings": 0, "analyzed_tight_strings": 0, "decoding_function_scores": {}, "discovered": 0, "library": 0}}, "metadata": {"file_path": "C:\\Users\\ricewater\\Documents\\MITREandCrowdstrikeApr2024Samples\\1c3180f60e4140ccd2ee8dcb793b5a81a7782c14e63bffd7ebd21272486737c3\\1c3180f60e4140ccd2ee8dcb793b5a81a7782c14e63bffd7ebd21272486737c3", "imagebase": 0, "min_length": 7, "runtime": {"decoded_strings": 0.0, "find_features": 0.0, "stack_strings": 0.0, "start_date": "2024-04-04T06:47:29.144333Z", "static_strings": 0.0156, "tight_strings": 0.0, "total": 0.0156, "vivisect": 0.0}, "version": "v2.2.0-0-g783dd8f"}, "strings": {"decoded_strings": [], "stack_strings": [], "static_strings": [{"encoding": "ASCII", "offset": 77, "string": "!This program cannot be run in DOS mode."}, {"encoding": "ASCII", "offset": 238, "string": "1]RichN"}, {"encoding": "ASCII", "offset": 559, "string": "`.rdata"}, {"encoding": "ASCII", "offset": 679, "string": "@.reloc"}, {"encoding": "ASCII", "offset": 70542, "string": "t8 9\\8$|"}, {"encoding": "ASCII", "offset": 79680, "string": "PPPPPWS"}, {"encoding": "ASCII", "offset": 96916, "string": "UQPXY]Y["}, {"encoding": "ASCII", "offset": 101779, "string": "<ItC<Lt3<Tt#<h"}, {"encoding": "ASCII", "offset": 101953, "string": "A<lt'<tt"}, {"encoding": "ASCII", "offset": 102708, "string": "tb9^4~]"}, {"encoding": "ASCII", "offset": 114822, "string": "PPPPPPPP"}, {"encoding": "ASCII", "offset": 118847, "string": "< t3<\tt/"}, {"encoding": "ASCII", "offset": 124931, "string": "M,j\"^QRRRRR"}, {"encoding": "ASCII", "offset": 125573, "string": "r!SSPVQ"}, {"encoding": "ASCII", "offset": 125616, "string": "dr#SSjdVQ"}, {"encoding": "ASCII", "offset": 125901, "string": "M$j\"^QRRRRR"}, {"encoding": "ASCII", "offset": 127856, "string": "j\"[VWWWW"}, {"encoding": "ASCII", "offset": 129863, "string": "_tqPVj@"}, {"encoding": "ASCII", "offset": 144115, "string": "D8(Ht5F"}, {"encoding": "ASCII", "offset": 146348, "string": "_PVVVVV"}, {"encoding": "ASCII", "offset": 146482, "string": "j\"_SVVVV"}, {"encoding": "ASCII", "offset": 147096, "string": "^PSSSSS"}, {"encoding": "ASCII", "offset": 147222, "string": "j\"^WSSSS"}, {"encoding": "ASCII", "offset": 147565, "string": "PVSRSQV"}, {"encoding": "ASCII", "offset": 149372, "string": "PPPPPVW"}, {"encoding": "ASCII", "offset": 149553, "string": "PP9E u!PPSVP"}, {"encoding": "ASCII", "offset": 164922, "string": "^PQQQQQ"}, {"encoding": "ASCII", "offset": 164990, "string": "E ^PQQQQ"}, {"encoding": "ASCII", "offset": 175723, "string": "NX9^`t1"}, {"encoding": "ASCII", "offset": 178175, "string": "9C`u99C\\t4"}, {"encoding": "ASCII", "offset": 178405, "string": "u29K\\t-"}, {"encoding": "ASCII", "offset": 179543, "string": "QQSVj8j@"}, {"encoding": "ASCII", "offset": 184710, "string": "PPPPPPPP"}, {"encoding": "ASCII", "offset": 196536, "string": "bad allocation"}, {"encoding": "ASCII", "offset": 198240, "string": "address family not supported"}, {"encoding": "ASCII", "offset": 198272, "string": "address in use"}, {"encoding": "ASCII", "offset": 198288, "string": "address not available"}, {"encoding": "ASCII", "offset": 198312, "string": "already connected"}, {"encoding": "ASCII", "offset": 198332, "string": "argument list too long"}, {"encoding": "ASCII", "offset": 198356, "string": "argument out of domain"}, {"encoding": "ASCII", "offset": 198380, "string": "bad address"}, {"encoding": "ASCII", "offset": 198392, "string": "bad file descriptor"}, {"encoding": "ASCII", "offset": 198412, "string": "bad message"}, {"encoding": "ASCII", "offset": 198424, "string": "broken pipe"}, {"encoding": "ASCII", "offset": 198436, "string": "connection aborted"}, {"encoding": "ASCII", "offset": 198456, "string": "connection already in progress"}, {"encoding": "ASCII", "offset": 198488, "string": "connection refused"}, {"encoding": "ASCII", "offset": 198508, "string": "connection reset"}, {"encoding": "ASCII", "offset": 198528, "string": "cross device link"}, {"encoding": "ASCII", "offset": 198548, "string": "destination address required"}, {"encoding": "ASCII", "offset": 198580, "string": "device or resource busy"}, {"encoding": "ASCII", "offset": 198604, "string": "directory not empty"}, {"encoding": "ASCII", "offset": 198624, "string": "executable format error"}, {"encoding": "ASCII", "offset": 198648, "string": "file exists"}, {"encoding": "ASCII", "offset": 198660, "string": "file too large"}, {"encoding": "ASCII", "offset": 198676, "string": "filename too long"}, {"encoding": "ASCII", "offset": 198696, "string": "function not supported"}, {"encoding": "ASCII", "offset": 198720, "string": "host unreachable"}, {"encoding": "ASCII", "offset": 198740, "string": "identifier removed"}, {"encoding": "ASCII", "offset": 198760, "string": "illegal byte sequence"}, {"encoding": "ASCII", "offset": 198784, "string": "inappropriate io control operation"}, {"encoding": "ASCII", "offset": 198820, "string": "interrupted"}, {"encoding": "ASCII", "offset": 198832, "string": "invalid argument"}, {"encoding": "ASCII", "offset": 198852, "string": "invalid seek"}, {"encoding": "ASCII", "offset": 198868, "string": "io error"}, {"encoding": "ASCII", "offset": 198880, "string": "is a directory"}, {"encoding": "ASCII", "offset": 198896, "string": "message size"}, {"encoding": "ASCII", "offset": 198912, "string": "network down"}, {"encoding": "ASCII", "offset": 198928, "string": "network reset"}, {"encoding": "ASCII", "offset": 198944, "string": "network unreachable"}, {"encoding": "ASCII", "offset": 198964, "string": "no buffer space"}, {"encoding": "ASCII", "offset": 198980, "string": "no child process"}, {"encoding": "ASCII", "offset": 199000, "string": "no link"}, {"encoding": "ASCII", "offset": 199008, "string": "no lock available"}, {"encoding": "ASCII", "offset": 199028, "string": "no message available"}, {"encoding": "ASCII", "offset": 199052, "string": "no message"}, {"encoding": "ASCII", "offset": 199064, "string": "no protocol option"}, {"encoding": "ASCII", "offset": 199084, "string": "no space on device"}, {"encoding": "ASCII", "offset": 199104, "string": "no stream resources"}, {"encoding": "ASCII", "offset": 199124, "string": "no such device or address"}, {"encoding": "ASCII", "offset": 199152, "string": "no such device"}, {"encoding": "ASCII", "offset": 199168, "string": "no such file or directory"}, {"encoding": "ASCII", "offset": 199196, "string": "no such process"}, {"encoding": "ASCII", "offset": 199212, "string": "not a directory"}, {"encoding": "ASCII", "offset": 199228, "string": "not a socket"}, {"encoding": "ASCII", "offset": 199244, "string": "not a stream"}, {"encoding": "ASCII", "offset": 199260, "string": "not connected"}, {"encoding": "ASCII", "offset": 199276, "string": "not enough memory"}, {"encoding": "ASCII", "offset": 199296, "string": "not supported"}, {"encoding": "ASCII", "offset": 199312, "string": "operation canceled"}, {"encoding": "ASCII", "offset": 199332, "string": "operation in progress"}, {"encoding": "ASCII", "offset": 199356, "string": "operation not permitted"}, {"encoding": "ASCII", "offset": 199380, "string": "operation not supported"}, {"encoding": "ASCII", "offset": 199404, "string": "operation would block"}, {"encoding": "ASCII", "offset": 199428, "string": "owner dead"}, {"encoding": "ASCII", "offset": 199440, "string": "permission denied"}, {"encoding": "ASCII", "offset": 199460, "string": "protocol error"}, {"encoding": "ASCII", "offset": 199476, "string": "protocol not supported"}, {"encoding": "ASCII", "offset": 199500, "string": "read only file system"}, {"encoding": "ASCII", "offset": 199524, "string": "resource deadlock would occur"}, {"encoding": "ASCII", "offset": 199556, "string": "resource unavailable try again"}, {"encoding": "ASCII", "offset": 199588, "string": "result out of range"}, {"encoding": "ASCII", "offset": 199608, "string": "state not recoverable"}, {"encoding": "ASCII", "offset": 199632, "string": "stream timeout"}, {"encoding": "ASCII", "offset": 199648, "string": "text file busy"}, {"encoding": "ASCII", "offset": 199664, "string": "timed out"}, {"encoding": "ASCII", "offset": 199676, "string": "too many files open in system"}, {"encoding": "ASCII", "offset": 199708, "string": "too many files open"}, {"encoding": "ASCII", "offset": 199728, "string": "too many links"}, {"encoding": "ASCII", "offset": 199744, "string": "too many symbolic link levels"}, {"encoding": "ASCII", "offset": 199776, "string": "value too large"}, {"encoding": "ASCII", "offset": 199792, "string": "wrong protocol type"}, {"encoding": "ASCII", "offset": 199812, "string": "unknown error"}, {"encoding": "ASCII", "offset": 200100, "string": "0123456789abcdefghijklmnopqrstuvwxyz"}, {"encoding": "ASCII", "offset": 200180, "string": "0123456789abcdefghijklmnopqrstuvwxyz"}, {"encoding": "ASCII", "offset": 200296, "string": "bad exception"}, {"encoding": "ASCII", "offset": 201208, "string": "__based("}, {"encoding": "ASCII", "offset": 201220, "string": "__cdecl"}, {"encoding": "ASCII", "offset": 201228, "string": "__pascal"}, {"encoding": "ASCII", "offset": 201240, "string": "__stdcall"}, {"encoding": "ASCII", "offset": 201252, "string": "__thiscall"}, {"encoding": "ASCII", "offset": 201264, "string": "__fastcall"}, {"encoding": "ASCII", "offset": 201276, "string": "__vectorcall"}, {"encoding": "ASCII", "offset": 201292, "string": "__clrcall"}, {"encoding": "ASCII", "offset": 201312, "string": "__swift_1"}, {"encoding": "ASCII", "offset": 201324, "string": "__swift_2"}, {"encoding": "ASCII", "offset": 201336, "string": "__ptr64"}, {"encoding": "ASCII", "offset": 201344, "string": "__restrict"}, {"encoding": "ASCII", "offset": 201356, "string": "__unaligned"}, {"encoding": "ASCII", "offset": 201368, "string": "restrict("}, {"encoding": "ASCII", "offset": 201388, "string": " delete"}, {"encoding": "ASCII", "offset": 201424, "string": "operator"}, {"encoding": "ASCII", "offset": 201552, "string": "`vftable'"}, {"encoding": "ASCII", "offset": 201564, "string": "`vbtable'"}, {"encoding": "ASCII", "offset": 201576, "string": "`vcall'"}, {"encoding": "ASCII", "offset": 201584, "string": "`typeof'"}, {"encoding": "ASCII", "offset": 201596, "string": "`local static guard'"}, {"encoding": "ASCII", "offset": 201620, "string": "`string'"}, {"encoding": "ASCII", "offset": 201632, "string": "`vbase destructor'"}, {"encoding": "ASCII", "offset": 201652, "string": "`vector deleting destructor'"}, {"encoding": "ASCII", "offset": 201684, "string": "`default constructor closure'"}, {"encoding": "ASCII", "offset": 201716, "string": "`scalar deleting destructor'"}, {"encoding": "ASCII", "offset": 201748, "string": "`vector constructor iterator'"}, {"encoding": "ASCII", "offset": 201780, "string": "`vector destructor iterator'"}, {"encoding": "ASCII", "offset": 201812, "string": "`vector vbase constructor iterator'"}, {"encoding": "ASCII", "offset": 201848, "string": "`virtual displacement map'"}, {"encoding": "ASCII", "offset": 201876, "string": "`eh vector constructor iterator'"}, {"encoding": "ASCII", "offset": 201912, "string": "`eh vector destructor iterator'"}, {"encoding": "ASCII", "offset": 201944, "string": "`eh vector vbase constructor iterator'"}, {"encoding": "ASCII", "offset": 201984, "string": "`copy constructor closure'"}, {"encoding": "ASCII", "offset": 202012, "string": "`udt returning'"}, {"encoding": "ASCII", "offset": 202040, "string": "`local vftable'"}, {"encoding": "ASCII", "offset": 202056, "string": "`local vftable constructor closure'"}, {"encoding": "ASCII", "offset": 202100, "string": " delete[]"}, {"encoding": "ASCII", "offset": 202112, "string": "`omni callsig'"}, {"encoding": "ASCII", "offset": 202128, "string": "`placement delete closure'"}, {"encoding": "ASCII", "offset": 202156, "string": "`placement delete[] closure'"}, {"encoding": "ASCII", "offset": 202188, "string": "`managed vector constructor iterator'"}, {"encoding": "ASCII", "offset": 202228, "string": "`managed vector destructor iterator'"}, {"encoding": "ASCII", "offset": 202268, "string": "`eh vector copy constructor iterator'"}, {"encoding": "ASCII", "offset": 202308, "string": "`eh vector vbase copy constructor iterator'"}, {"encoding": "ASCII", "offset": 202352, "string": "`dynamic initializer for '"}, {"encoding": "ASCII", "offset": 202380, "string": "`dynamic atexit destructor for '"}, {"encoding": "ASCII", "offset": 202416, "string": "`vector copy constructor iterator'"}, {"encoding": "ASCII", "offset": 202452, "string": "`vector vbase copy constructor iterator'"}, {"encoding": "ASCII", "offset": 202496, "string": "`managed vector copy constructor iterator'"}, {"encoding": "ASCII", "offset": 202540, "string": "`local static thread guard'"}, {"encoding": "ASCII", "offset": 202568, "string": "operator \"\" "}, {"encoding": "ASCII", "offset": 202584, "string": "operator co_await"}, {"encoding": "ASCII", "offset": 202604, "string": "operator<=>"}, {"encoding": "ASCII", "offset": 202616, "string": " Type Descriptor'"}, {"encoding": "ASCII", "offset": 202636, "string": " Base Class Descriptor at ("}, {"encoding": "ASCII", "offset": 202664, "string": " Base Class Array'"}, {"encoding": "ASCII", "offset": 202684, "string": " Class Hierarchy Descriptor'"}, {"encoding": "ASCII", "offset": 202716, "string": " Complete Object Locator'"}, {"encoding": "ASCII", "offset": 202744, "string": "`anonymous namespace'"}, {"encoding": "ASCII", "offset": 202944, "string": "FlsAlloc"}, {"encoding": "ASCII", "offset": 202964, "string": "FlsFree"}, {"encoding": "ASCII", "offset": 202980, "string": "FlsGetValue"}, {"encoding": "ASCII", "offset": 203000, "string": "FlsSetValue"}, {"encoding": "ASCII", "offset": 203020, "string": "InitializeCriticalSectionEx"}, {"encoding": "ASCII", "offset": 204256, "string": " !\"#$%&'()*+,-./0123456789:;<=>?@abcdefghijklmnopqrstuvwxyz[\\]^_`abcdefghijklmnopqrstuvwxyz{|}~"}, {"encoding": "ASCII", "offset": 204640, "string": " !\"#$%&'()*+,-./0123456789:;<=>?@ABCDEFGHIJKLMNOPQRSTUVWXYZ[\\]^_`ABCDEFGHIJKLMNOPQRSTUVWXYZ{|}~"}, {"encoding": "ASCII", "offset": 206084, "string": "[aOni*{"}, {"encoding": "ASCII", "offset": 208452, "string": "CorExitProcess"}, {"encoding": "ASCII", "offset": 208680, "string": "NAN(SNAN)"}, {"encoding": "ASCII", "offset": 208692, "string": "nan(snan)"}, {"encoding": "ASCII", "offset": 208704, "string": "NAN(IND)"}, {"encoding": "ASCII", "offset": 208716, "string": "nan(ind)"}, {"encoding": "ASCII", "offset": 208767, "string": " !\"#$%&'()*+,-./0123456789:;<=>?@ABCDEFGHIJKLMNOPQRSTUVWXYZ[\\]^_`abcdefghijklmnopqrstuvwxyz{|}~"}, {"encoding": "ASCII", "offset": 209504, "string": "Tuesday"}, {"encoding": "ASCII", "offset": 209512, "string": "Wednesday"}, {"encoding": "ASCII", "offset": 209524, "string": "Thursday"}, {"encoding": "ASCII", "offset": 209544, "string": "Saturday"}, {"encoding": "ASCII", "offset": 209604, "string": "January"}, {"encoding": "ASCII", "offset": 209612, "string": "February"}, {"encoding": "ASCII", "offset": 209664, "string": "September"}, {"encoding": "ASCII", "offset": 209676, "string": "October"}, {"encoding": "ASCII", "offset": 209684, "string": "November"}, {"encoding": "ASCII", "offset": 209696, "string": "December"}, {"encoding": "ASCII", "offset": 209716, "string": "MM/dd/yy"}, {"encoding": "ASCII", "offset": 209728, "string": "dddd, MMMM dd, yyyy"}, {"encoding": "ASCII", "offset": 209748, "string": "HH:mm:ss"}, {"encoding": "ASCII", "offset": 211528, "string": "AreFileApisANSI"}, {"encoding": "ASCII", "offset": 211552, "string": "CompareStringEx"}, {"encoding": "ASCII", "offset": 211576, "string": "EnumSystemLocalesEx"}, {"encoding": "ASCII", "offset": 211604, "string": "GetDateFormatEx"}, {"encoding": "ASCII", "offset": 211628, "string": "GetLocaleInfoEx"}, {"encoding": "ASCII", "offset": 211652, "string": "GetTimeFormatEx"}, {"encoding": "ASCII", "offset": 211676, "string": "GetUserDefaultLocaleName"}, {"encoding": "ASCII", "offset": 211720, "string": "IsValidLocaleName"}, {"encoding": "ASCII", "offset": 211748, "string": "LCMapStringEx"}, {"encoding": "ASCII", "offset": 211772, "string": "LCIDToLocaleName"}, {"encoding": "ASCII", "offset": 211800, "string": "LocaleNameToLCID"}, {"encoding": "ASCII", "offset": 211824, "string": "AppPolicyGetProcessTerminationMethod"}, {"encoding": "ASCII", "offset": 212316, "string": "_nextafter"}, {"encoding": "ASCII", "offset": 228931, "string": "|)P!?Ua0"}, {"encoding": "ASCII", "offset": 229398, "string": "u?^p?o4"}, {"encoding": "ASCII", "offset": 234087, "string": "?g)([|X>="}, {"encoding": "ASCII", "offset": 234772, "string": "Ax#?uN}*"}, {"encoding": "ASCII", "offset": 234836, "string": "F0$?3=1"}, {"encoding": "ASCII", "offset": 237567, "string": "<8bunz8"}, {"encoding": "ASCII", "offset": 239167, "string": "<@En[vP"}, {"encoding": "ASCII", "offset": 239230, "string": "b<log10"}, {"encoding": "ASCII", "offset": 241692, "string": "Unknown exception"}, {"encoding": "ASCII", "offset": 241712, "string": "bad array new length"}, {"encoding": "ASCII", "offset": 241736, "string": "string too long"}, {"encoding": "ASCII", "offset": 241756, "string": "iostream"}, {"encoding": "ASCII", "offset": 241768, "string": "bad cast"}, {"encoding": "ASCII", "offset": 241780, "string": "bad locale name"}, {"encoding": "ASCII", "offset": 241796, "string": "ios_base::badbit set"}, {"encoding": "ASCII", "offset": 241820, "string": "ios_base::failbit set"}, {"encoding": "ASCII", "offset": 241844, "string": "ios_base::eofbit set"}, {"encoding": "ASCII", "offset": 241904, "string": "WriteFile"}, {"encoding": "ASCII", "offset": 241936, "string": "invalid string position"}, {"encoding": "ASCII", "offset": 241960, "string": "vector too long"}, {"encoding": "ASCII", "offset": 241976, "string": "iostream stream error"}, {"encoding": "ASCII", "offset": 242049, "string": "\\ki]kzXob{kKvO"}, {"encoding": "ASCII", "offset": 242112, "string": ")*6/.NB"}, {"encoding": "ASCII", "offset": 242152, "string": "MWLRBJ5"}, {"encoding": "ASCII", "offset": 242256, "string": "_CFLN[F@A"}, {"encoding": "ASCII", "offset": 242266, "string": "E\\@A\"%Z"}, {"encoding": "ASCII", "offset": 242274, "string": "4.?(4?."}, {"encoding": "ASCII", "offset": 242282, "string": "544?9.^"}, {"encoding": "ASCII", "offset": 242290, "string": "0*;,0;*"}, {"encoding": "ASCII", "offset": 242309, "string": "B,6BSRLRYB5B"}, {"encoding": "ASCII", "offset": 242322, "string": ",6'0,'6"}, {"encoding": "ASCII", "offset": 242330, "string": "-,,'!6;$.(c,78?(:(/>$9G[^TVC^XY"}, {"encoding": "ASCII", "offset": 242362, "string": "]DXY:=M.8>9\" (?.,?(>(?6~BBFyFSXdSGCSEB'nJF@B"}, {"encoding": "ASCII", "offset": 242413, "string": "qNB4WAG@[YQFWUFQGQF7tXYCRYC"}, {"encoding": "ASCII", "offset": 242454, "string": "MWQ[LSZSBJ"}, {"encoding": "ASCII", "offset": 242473, "string": "MSSSLRL8uWBQTTY"}, {"encoding": "ASCII", "offset": 242494, "string": "oQ'oSSWhWBIuBVRBTSsplut"}, {"encoding": "ASCII", "offset": 242525, "string": "][S5|[APG[PAvYZFP}TRLPB1"}, {"encoding": "ASCII", "offset": 242554, "string": "MWQZLVB]WQUD]"}, {"encoding": "ASCII", "offset": 242568, "string": "UNAFQCQVEL^v}CDNE]Yvi_XX*yel~}kxovgCIXEY.fZZ^}K@J|K_[K]Z=tSIXOSXI~QRNXu\\QV"}, {"encoding": "ASCII", "offset": 242651, "string": "yHHT]/l@A[JA["}, {"encoding": "ASCII", "offset": 242670, "string": "N_{`bj}n"}, {"encoding": "ASCII", "offset": 242679, "string": "f!nuz}jxjV\\WOK"}, {"encoding": "ASCII", "offset": 242721, "string": "lgjld|j}yfljlz|\tA}}yZlgm[lx|lz}"}, {"encoding": "ASCII", "offset": 245608, "string": ".text$di"}, {"encoding": "ASCII", "offset": 245628, "string": ".text$mn"}, {"encoding": "ASCII", "offset": 245648, "string": ".text$x"}, {"encoding": "ASCII", "offset": 245664, "string": ".text$yd"}, {"encoding": "ASCII", "offset": 245684, "string": ".idata$5"}, {"encoding": "ASCII", "offset": 245720, "string": ".CRT$XCA"}, {"encoding": "ASCII", "offset": 245740, "string": ".CRT$XCC"}, {"encoding": "ASCII", "offset": 245760, "string": ".CRT$XCL"}, {"encoding": "ASCII", "offset": 245780, "string": ".CRT$XCZ"}, {"encoding": "ASCII", "offset": 245800, "string": ".CRT$XIA"}, {"encoding": "ASCII", "offset": 245820, "string": ".CRT$XIC"}, {"encoding": "ASCII", "offset": 245840, "string": ".CRT$XIZ"}, {"encoding": "ASCII", "offset": 245860, "string": ".CRT$XPA"}, {"encoding": "ASCII", "offset": 245880, "string": ".CRT$XPX"}, {"encoding": "ASCII", "offset": 245900, "string": ".CRT$XPXA"}, {"encoding": "ASCII", "offset": 245920, "string": ".CRT$XPZ"}, {"encoding": "ASCII", "offset": 245940, "string": ".CRT$XTA"}, {"encoding": "ASCII", "offset": 245960, "string": ".CRT$XTZ"}, {"encoding": "ASCII", "offset": 245996, "string": ".rdata$r"}, {"encoding": "ASCII", "offset": 246016, "string": ".rdata$sxdata"}, {"encoding": "ASCII", "offset": 246040, "string": ".rdata$zzzdbg"}, {"encoding": "ASCII", "offset": 246064, "string": ".rtc$IAA"}, {"encoding": "ASCII", "offset": 246084, "string": ".rtc$IZZ"}, {"encoding": "ASCII", "offset": 246104, "string": ".rtc$TAA"}, {"encoding": "ASCII", "offset": 246124, "string": ".rtc$TZZ"}, {"encoding": "ASCII", "offset": 246144, "string": ".xdata$x"}, {"encoding": "ASCII", "offset": 246180, "string": ".idata$2"}, {"encoding": "ASCII", "offset": 246200, "string": ".idata$3"}, {"encoding": "ASCII", "offset": 246220, "string": ".idata$4"}, {"encoding": "ASCII", "offset": 246240, "string": ".idata$6"}, {"encoding": "ASCII", "offset": 246276, "string": ".data$r"}, {"encoding": "ASCII", "offset": 246292, "string": ".data$rs"}, {"encoding": "ASCII", "offset": 246328, "string": ".rsrc$01"}, {"encoding": "ASCII", "offset": 246348, "string": ".rsrc$02"}, {"encoding": "ASCII", "offset": 253274, "string": "Mini-Junked.dll"}, {"encoding": "ASCII", "offset": 253290, "string": "IsInteractiveUserSession"}, {"encoding": "ASCII", "offset": 253315, "string": "C:\\windows\\system32\\wtsapi32.IsInteractiveUserSession"}, {"encoding": "ASCII", "offset": 253369, "string": "QueryActiveSession"}, {"encoding": "ASCII", "offset": 253388, "string": "C:\\windows\\system32\\wtsapi32.QueryActiveSession"}, {"encoding": "ASCII", "offset": 253436, "string": "QueryUserToken"}, {"encoding": "ASCII", "offset": 253451, "string": "C:\\windows\\system32\\wtsapi32.QueryUserToken"}, {"encoding": "ASCII", "offset": 253495, "string": "RegisterUsertokenForNoWinlogon"}, {"encoding": "ASCII", "offset": 253526, "string": "C:\\windows\\system32\\wtsapi32.RegisterUsertokenForNoWinlogon"}, {"encoding": "ASCII", "offset": 253586, "string": "WTSCloseServer"}, {"encoding": "ASCII", "offset": 253601, "string": "C:\\windows\\system32\\wtsapi32.WTSCloseServer"}, {"encoding": "ASCII", "offset": 253645, "string": "WTSConnectSessionA"}, {"encoding": "ASCII", "offset": 253664, "string": "C:\\windows\\system32\\wtsapi32.WTSConnectSessionA"}, {"encoding": "ASCII", "offset": 253712, "string": "WTSConnectSessionW"}, {"encoding": "ASCII", "offset": 253731, "string": "C:\\windows\\system32\\wtsapi32.WTSConnectSessionW"}, {"encoding": "ASCII", "offset": 253779, "string": "WTSCreateListenerA"}, {"encoding": "ASCII", "offset": 253798, "string": "C:\\windows\\system32\\wtsapi32.WTSCreateListenerA"}, {"encoding": "ASCII", "offset": 253846, "string": "WTSCreateListenerW"}, {"encoding": "ASCII", "offset": 253865, "string": "C:\\windows\\system32\\wtsapi32.WTSCreateListenerW"}, {"encoding": "ASCII", "offset": 253913, "string": "WTSDisconnectSession"}, {"encoding": "ASCII", "offset": 253934, "string": "C:\\windows\\system32\\wtsapi32.WTSDisconnectSession"}, {"encoding": "ASCII", "offset": 253984, "string": "WTSEnableChildSessions"}, {"encoding": "ASCII", "offset": 254007, "string": "C:\\windows\\system32\\wtsapi32.WTSEnableChildSessions"}, {"encoding": "ASCII", "offset": 254059, "string": "WTSEnumerateListenersA"}, {"encoding": "ASCII", "offset": 254082, "string": "C:\\windows\\system32\\wtsapi32.WTSEnumerateListenersA"}, {"encoding": "ASCII", "offset": 254134, "string": "WTSEnumerateListenersW"}, {"encoding": "ASCII", "offset": 254157, "string": "C:\\windows\\system32\\wtsapi32.WTSEnumerateListenersW"}, {"encoding": "ASCII", "offset": 254209, "string": "WTSEnumerateProcessesA"}, {"encoding": "ASCII", "offset": 254232, "string": "C:\\windows\\system32\\wtsapi32.WTSEnumerateProcessesA"}, {"encoding": "ASCII", "offset": 254284, "string": "WTSEnumerateProcessesExA"}, {"encoding": "ASCII", "offset": 254309, "string": "C:\\windows\\system32\\wtsapi32.WTSEnumerateProcessesExA"}, {"encoding": "ASCII", "offset": 254363, "string": "WTSEnumerateProcessesExW"}, {"encoding": "ASCII", "offset": 254388, "string": "C:\\windows\\system32\\wtsapi32.WTSEnumerateProcessesExW"}, {"encoding": "ASCII", "offset": 254442, "string": "WTSEnumerateProcessesW"}, {"encoding": "ASCII", "offset": 254465, "string": "C:\\windows\\system32\\wtsapi32.WTSEnumerateProcessesW"}, {"encoding": "ASCII", "offset": 254517, "string": "WTSEnumerateServersA"}, {"encoding": "ASCII", "offset": 254538, "string": "C:\\windows\\system32\\wtsapi32.WTSEnumerateServersA"}, {"encoding": "ASCII", "offset": 254588, "string": "WTSEnumerateServersW"}, {"encoding": "ASCII", "offset": 254609, "string": "C:\\windows\\system32\\wtsapi32.WTSEnumerateServersW"}, {"encoding": "ASCII", "offset": 254659, "string": "WTSEnumerateSessionsA"}, {"encoding": "ASCII", "offset": 254681, "string": "C:\\windows\\system32\\wtsapi32.WTSEnumerateSessionsA"}, {"encoding": "ASCII", "offset": 254732, "string": "WTSEnumerateSessionsExA"}, {"encoding": "ASCII", "offset": 254756, "string": "C:\\windows\\system32\\wtsapi32.WTSEnumerateSessionsExA"}, {"encoding": "ASCII", "offset": 254809, "string": "WTSEnumerateSessionsExW"}, {"encoding": "ASCII", "offset": 254833, "string": "C:\\windows\\system32\\wtsapi32.WTSEnumerateSessionsExW"}, {"encoding": "ASCII", "offset": 254886, "string": "WTSEnumerateSessionsW"}, {"encoding": "ASCII", "offset": 254908, "string": "C:\\windows\\system32\\wtsapi32.WTSEnumerateSessionsW"}, {"encoding": "ASCII", "offset": 254959, "string": "WTSFreeMemory"}, {"encoding": "ASCII", "offset": 254973, "string": "C:\\windows\\system32\\wtsapi32.WTSFreeMemory"}, {"encoding": "ASCII", "offset": 255016, "string": "WTSFreeMemoryExA"}, {"encoding": "ASCII", "offset": 255033, "string": "C:\\windows\\system32\\wtsapi32.WTSFreeMemoryExA"}, {"encoding": "ASCII", "offset": 255079, "string": "WTSFreeMemoryExW"}, {"encoding": "ASCII", "offset": 255096, "string": "C:\\windows\\system32\\wtsapi32.WTSFreeMemoryExW"}, {"encoding": "ASCII", "offset": 255142, "string": "WTSGetChildSessionId"}, {"encoding": "ASCII", "offset": 255163, "string": "C:\\windows\\system32\\wtsapi32.WTSGetChildSessionId"}, {"encoding": "ASCII", "offset": 255213, "string": "WTSGetListenerSecurityA"}, {"encoding": "ASCII", "offset": 255237, "string": "C:\\windows\\system32\\wtsapi32.WTSGetListenerSecurityA"}, {"encoding": "ASCII", "offset": 255290, "string": "WTSGetListenerSecurityW"}, {"encoding": "ASCII", "offset": 255314, "string": "C:\\windows\\system32\\wtsapi32.WTSGetListenerSecurityW"}, {"encoding": "ASCII", "offset": 255367, "string": "WTSIsChildSessionsEnabled"}, {"encoding": "ASCII", "offset": 255393, "string": "C:\\windows\\system32\\wtsapi32.WTSIsChildSessionsEnabled"}, {"encoding": "ASCII", "offset": 255448, "string": "WTSLogoffSession"}, {"encoding": "ASCII", "offset": 255465, "string": "C:\\windows\\system32\\wtsapi32.WTSLogoffSession"}, {"encoding": "ASCII", "offset": 255511, "string": "WTSOpenServerA"}, {"encoding": "ASCII", "offset": 255526, "string": "C:\\windows\\system32\\wtsapi32.WTSOpenServerA"}, {"encoding": "ASCII", "offset": 255570, "string": "WTSOpenServerExA"}, {"encoding": "ASCII", "offset": 255587, "string": "C:\\windows\\system32\\wtsapi32.WTSOpenServerExA"}, {"encoding": "ASCII", "offset": 255633, "string": "WTSOpenServerExW"}, {"encoding": "ASCII", "offset": 255650, "string": "C:\\windows\\system32\\wtsapi32.WTSOpenServerExW"}, {"encoding": "ASCII", "offset": 255696, "string": "WTSOpenServerW"}, {"encoding": "ASCII", "offset": 255711, "string": "C:\\windows\\system32\\wtsapi32.WTSOpenServerW"}, {"encoding": "ASCII", "offset": 255755, "string": "WTSQueryListenerConfigA"}, {"encoding": "ASCII", "offset": 255779, "string": "C:\\windows\\system32\\wtsapi32.WTSQueryListenerConfigA"}, {"encoding": "ASCII", "offset": 255832, "string": "WTSQueryListenerConfigW"}, {"encoding": "ASCII", "offset": 255856, "string": "C:\\windows\\system32\\wtsapi32.WTSQueryListenerConfigW"}, {"encoding": "ASCII", "offset": 255909, "string": "WTSQuerySessionInformationA"}, {"encoding": "ASCII", "offset": 255937, "string": "C:\\windows\\system32\\wtsapi32.WTSQuerySessionInformationA"}, {"encoding": "ASCII", "offset": 255994, "string": "WTSQuerySessionInformationW"}, {"encoding": "ASCII", "offset": 256022, "string": "C:\\windows\\system32\\wtsapi32.WTSQuerySessionInformationW"}, {"encoding": "ASCII", "offset": 256079, "string": "WTSQueryUserConfigA"}, {"encoding": "ASCII", "offset": 256099, "string": "C:\\windows\\system32\\wtsapi32.WTSQueryUserConfigA"}, {"encoding": "ASCII", "offset": 256148, "string": "WTSQueryUserConfigW"}, {"encoding": "ASCII", "offset": 256168, "string": "C:\\windows\\system32\\wtsapi32.WTSQueryUserConfigW"}, {"encoding": "ASCII", "offset": 256217, "string": "WTSQueryUserToken"}, {"encoding": "ASCII", "offset": 256235, "string": "C:\\windows\\system32\\wtsapi32.WTSQueryUserToken"}, {"encoding": "ASCII", "offset": 256282, "string": "WTSRegisterSessionNotification"}, {"encoding": "ASCII", "offset": 256313, "string": "C:\\windows\\system32\\wtsapi32.WTSRegisterSessionNotification"}, {"encoding": "ASCII", "offset": 256373, "string": "WTSRegisterSessionNotificationEx"}, {"encoding": "ASCII", "offset": 256406, "string": "C:\\windows\\system32\\wtsapi32.WTSRegisterSessionNotificationEx"}, {"encoding": "ASCII", "offset": 256468, "string": "WTSSendMessageA"}, {"encoding": "ASCII", "offset": 256484, "string": "C:\\windows\\system32\\wtsapi32.WTSSendMessageA"}, {"encoding": "ASCII", "offset": 256529, "string": "WTSSendMessageW"}, {"encoding": "ASCII", "offset": 256545, "string": "C:\\windows\\system32\\wtsapi32.WTSSendMessageW"}, {"encoding": "ASCII", "offset": 256590, "string": "WTSSetListenerSecurityA"}, {"encoding": "ASCII", "offset": 256614, "string": "C:\\windows\\system32\\wtsapi32.WTSSetListenerSecurityA"}, {"encoding": "ASCII", "offset": 256667, "string": "WTSSetListenerSecurityW"}, {"encoding": "ASCII", "offset": 256691, "string": "C:\\windows\\system32\\wtsapi32.WTSSetListenerSecurityW"}, {"encoding": "ASCII", "offset": 256744, "string": "WTSSetRenderHint"}, {"encoding": "ASCII", "offset": 256761, "string": "C:\\windows\\system32\\wtsapi32.WTSSetRenderHint"}, {"encoding": "ASCII", "offset": 256807, "string": "WTSSetSessionInformationA"}, {"encoding": "ASCII", "offset": 256833, "string": "C:\\windows\\system32\\wtsapi32.WTSSetSessionInformationA"}, {"encoding": "ASCII", "offset": 256888, "string": "WTSSetSessionInformationW"}, {"encoding": "ASCII", "offset": 256914, "string": "C:\\windows\\system32\\wtsapi32.WTSSetSessionInformationW"}, {"encoding": "ASCII", "offset": 256969, "string": "WTSSetUserConfigA"}, {"encoding": "ASCII", "offset": 256987, "string": "C:\\windows\\system32\\wtsapi32.WTSSetUserConfigA"}, {"encoding": "ASCII", "offset": 257034, "string": "WTSSetUserConfigW"}, {"encoding": "ASCII", "offset": 257052, "string": "C:\\windows\\system32\\wtsapi32.WTSSetUserConfigW"}, {"encoding": "ASCII", "offset": 257099, "string": "WTSShutdownSystem"}, {"encoding": "ASCII", "offset": 257117, "string": "C:\\windows\\system32\\wtsapi32.WTSShutdownSystem"}, {"encoding": "ASCII", "offset": 257164, "string": "WTSStartRemoteControlSessionA"}, {"encoding": "ASCII", "offset": 257194, "string": "C:\\windows\\system32\\wtsapi32.WTSStartRemoteControlSessionA"}, {"encoding": "ASCII", "offset": 257253, "string": "WTSStartRemoteControlSessionW"}, {"encoding": "ASCII", "offset": 257283, "string": "C:\\windows\\system32\\wtsapi32.WTSStartRemoteControlSessionW"}, {"encoding": "ASCII", "offset": 257342, "string": "WTSStopRemoteControlSession"}, {"encoding": "ASCII", "offset": 257370, "string": "C:\\windows\\system32\\wtsapi32.WTSStopRemoteControlSession"}, {"encoding": "ASCII", "offset": 257427, "string": "WTSTerminateProcess"}, {"encoding": "ASCII", "offset": 257447, "string": "C:\\windows\\system32\\wtsapi32.WTSTerminateProcess"}, {"encoding": "ASCII", "offset": 257496, "string": "WTSUnRegisterSessionNotification"}, {"encoding": "ASCII", "offset": 257529, "string": "C:\\windows\\system32\\wtsapi32.WTSUnRegisterSessionNotification"}, {"encoding": "ASCII", "offset": 257591, "string": "WTSUnRegisterSessionNotificationEx"}, {"encoding": "ASCII", "offset": 257626, "string": "C:\\windows\\system32\\wtsapi32.WTSUnRegisterSessionNotificationEx"}, {"encoding": "ASCII", "offset": 257690, "string": "WTSVirtualChannelClose"}, {"encoding": "ASCII", "offset": 257713, "string": "C:\\windows\\system32\\wtsapi32.WTSVirtualChannelClose"}, {"encoding": "ASCII", "offset": 257765, "string": "WTSVirtualChannelOpen"}, {"encoding": "ASCII", "offset": 257787, "string": "C:\\windows\\system32\\wtsapi32.WTSVirtualChannelOpen"}, {"encoding": "ASCII", "offset": 257838, "string": "WTSVirtualChannelOpenEx"}, {"encoding": "ASCII", "offset": 257862, "string": "C:\\windows\\system32\\wtsapi32.WTSVirtualChannelOpenEx"}, {"encoding": "ASCII", "offset": 257915, "string": "WTSVirtualChannelPurgeInput"}, {"encoding": "ASCII", "offset": 257943, "string": "C:\\windows\\system32\\wtsapi32.WTSVirtualChannelPurgeInput"}, {"encoding": "ASCII", "offset": 258000, "string": "WTSVirtualChannelPurgeOutput"}, {"encoding": "ASCII", "offset": 258029, "string": "C:\\windows\\system32\\wtsapi32.WTSVirtualChannelPurgeOutput"}, {"encoding": "ASCII", "offset": 258087, "string": "WTSVirtualChannelQuery"}, {"encoding": "ASCII", "offset": 258110, "string": "C:\\windows\\system32\\wtsapi32.WTSVirtualChannelQuery"}, {"encoding": "ASCII", "offset": 258162, "string": "WTSVirtualChannelRead"}, {"encoding": "ASCII", "offset": 258184, "string": "C:\\windows\\system32\\wtsapi32.WTSVirtualChannelRead"}, {"encoding": "ASCII", "offset": 258235, "string": "WTSVirtualChannelWrite"}, {"encoding": "ASCII", "offset": 258258, "string": "C:\\windows\\system32\\wtsapi32.WTSVirtualChannelWrite"}, {"encoding": "ASCII", "offset": 258310, "string": "WTSWaitSystemEvent"}, {"encoding": "ASCII", "offset": 258329, "string": "C:\\windows\\system32\\wtsapi32.WTSWaitSystemEvent"}, {"encoding": "ASCII", "offset": 258734, "string": "GetModuleFileNameA"}, {"encoding": "ASCII", "offset": 258756, "string": "GetLastError"}, {"encoding": "ASCII", "offset": 258772, "string": "LoadLibraryA"}, {"encoding": "ASCII", "offset": 258788, "string": "GetProcAddress"}, {"encoding": "ASCII", "offset": 258806, "string": "CreateThreadpoolWork"}, {"encoding": "ASCII", "offset": 258828, "string": "KERNEL32.dll"}, {"encoding": "ASCII", "offset": 258844, "string": "EnterCriticalSection"}, {"encoding": "ASCII", "offset": 258868, "string": "LeaveCriticalSection"}, {"encoding": "ASCII", "offset": 258892, "string": "InitializeCriticalSectionEx"}, {"encoding": "ASCII", "offset": 258922, "string": "DeleteCriticalSection"}, {"encoding": "ASCII", "offset": 258946, "string": "EncodePointer"}, {"encoding": "ASCII", "offset": 258962, "string": "DecodePointer"}, {"encoding": "ASCII", "offset": 258978, "string": "MultiByteToWideChar"}, {"encoding": "ASCII", "offset": 259000, "string": "WideCharToMultiByte"}, {"encoding": "ASCII", "offset": 259022, "string": "LCMapStringEx"}, {"encoding": "ASCII", "offset": 259038, "string": "GetStringTypeW"}, {"encoding": "ASCII", "offset": 259056, "string": "GetCPInfo"}, {"encoding": "ASCII", "offset": 259068, "string": "UnhandledExceptionFilter"}, {"encoding": "ASCII", "offset": 259096, "string": "SetUnhandledExceptionFilter"}, {"encoding": "ASCII", "offset": 259126, "string": "GetCurrentProcess"}, {"encoding": "ASCII", "offset": 259146, "string": "TerminateProcess"}, {"encoding": "ASCII", "offset": 259166, "string": "IsProcessorFeaturePresent"}, {"encoding": "ASCII", "offset": 259194, "string": "QueryPerformanceCounter"}, {"encoding": "ASCII", "offset": 259220, "string": "GetCurrentProcessId"}, {"encoding": "ASCII", "offset": 259242, "string": "GetCurrentThreadId"}, {"encoding": "ASCII", "offset": 259264, "string": "GetSystemTimeAsFileTime"}, {"encoding": "ASCII", "offset": 259290, "string": "InitializeSListHead"}, {"encoding": "ASCII", "offset": 259312, "string": "IsDebuggerPresent"}, {"encoding": "ASCII", "offset": 259332, "string": "GetStartupInfoW"}, {"encoding": "ASCII", "offset": 259350, "string": "GetModuleHandleW"}, {"encoding": "ASCII", "offset": 259370, "string": "RtlUnwind"}, {"encoding": "ASCII", "offset": 259382, "string": "RaiseException"}, {"encoding": "ASCII", "offset": 259400, "string": "InterlockedFlushSList"}, {"encoding": "ASCII", "offset": 259424, "string": "SetLastError"}, {"encoding": "ASCII", "offset": 259440, "string": "InitializeCriticalSectionAndSpinCount"}, {"encoding": "ASCII", "offset": 259480, "string": "TlsAlloc"}, {"encoding": "ASCII", "offset": 259492, "string": "TlsGetValue"}, {"encoding": "ASCII", "offset": 259506, "string": "TlsSetValue"}, {"encoding": "ASCII", "offset": 259520, "string": "TlsFree"}, {"encoding": "ASCII", "offset": 259530, "string": "FreeLibrary"}, {"encoding": "ASCII", "offset": 259544, "string": "LoadLibraryExW"}, {"encoding": "ASCII", "offset": 259562, "string": "ExitProcess"}, {"encoding": "ASCII", "offset": 259576, "string": "GetModuleHandleExW"}, {"encoding": "ASCII", "offset": 259598, "string": "GetModuleFileNameW"}, {"encoding": "ASCII", "offset": 259620, "string": "HeapFree"}, {"encoding": "ASCII", "offset": 259632, "string": "HeapAlloc"}, {"encoding": "ASCII", "offset": 259644, "string": "GetStdHandle"}, {"encoding": "ASCII", "offset": 259660, "string": "GetFileType"}, {"encoding": "ASCII", "offset": 259674, "string": "LCMapStringW"}, {"encoding": "ASCII", "offset": 259690, "string": "GetLocaleInfoW"}, {"encoding": "ASCII", "offset": 259708, "string": "IsValidLocale"}, {"encoding": "ASCII", "offset": 259724, "string": "GetUserDefaultLCID"}, {"encoding": "ASCII", "offset": 259746, "string": "EnumSystemLocalesW"}, {"encoding": "ASCII", "offset": 259768, "string": "CloseHandle"}, {"encoding": "ASCII", "offset": 259782, "string": "FlushFileBuffers"}, {"encoding": "ASCII", "offset": 259802, "string": "WriteFile"}, {"encoding": "ASCII", "offset": 259814, "string": "GetConsoleOutputCP"}, {"encoding": "ASCII", "offset": 259836, "string": "GetConsoleMode"}, {"encoding": "ASCII", "offset": 259854, "string": "ReadFile"}, {"encoding": "ASCII", "offset": 259866, "string": "GetFileSizeEx"}, {"encoding": "ASCII", "offset": 259882, "string": "SetFilePointerEx"}, {"encoding": "ASCII", "offset": 259902, "string": "ReadConsoleW"}, {"encoding": "ASCII", "offset": 259918, "string": "HeapReAlloc"}, {"encoding": "ASCII", "offset": 259932, "string": "FindClose"}, {"encoding": "ASCII", "offset": 259944, "string": "FindFirstFileExW"}, {"encoding": "ASCII", "offset": 259964, "string": "FindNextFileW"}, {"encoding": "ASCII", "offset": 259980, "string": "IsValidCodePage"}, {"encoding": "ASCII", "offset": 260008, "string": "GetOEMCP"}, {"encoding": "ASCII", "offset": 260020, "string": "GetCommandLineA"}, {"encoding": "ASCII", "offset": 260038, "string": "GetCommandLineW"}, {"encoding": "ASCII", "offset": 260056, "string": "GetEnvironmentStringsW"}, {"encoding": "ASCII", "offset": 260082, "string": "FreeEnvironmentStringsW"}, {"encoding": "ASCII", "offset": 260108, "string": "GetProcessHeap"}, {"encoding": "ASCII", "offset": 260126, "string": "SetStdHandle"}, {"encoding": "ASCII", "offset": 260142, "string": "HeapSize"}, {"encoding": "ASCII", "offset": 260154, "string": "CreateFileW"}, {"encoding": "ASCII", "offset": 260168, "string": "WriteConsoleW"}, {"encoding": "ASCII", "offset": 262026, "string": "                          "}, {"encoding": "ASCII", "offset": 262250, "string": "abcdefghijklmnopqrstuvwxyz"}, {"encoding": "ASCII", "offset": 262282, "string": "ABCDEFGHIJKLMNOPQRSTUVWXYZ"}, {"encoding": "ASCII", "offset": 262546, "string": "                          "}, {"encoding": "ASCII", "offset": 262777, "string": "abcdefghijklmnopqrstuvwxyz"}, {"encoding": "ASCII", "offset": 262809, "string": "ABCDEFGHIJKLMNOPQRSTUVWXYZ"}, {"encoding": "ASCII", "offset": 263248, "string": ".?AVlogic_error@std@@"}, {"encoding": "ASCII", "offset": 263280, "string": ".?AVlength_error@std@@"}, {"encoding": "ASCII", "offset": 263312, "string": ".?AVout_of_range@std@@"}, {"encoding": "ASCII", "offset": 263344, "string": ".?AVbad_exception@std@@"}, {"encoding": "ASCII", "offset": 263376, "string": ".?AVfailure@ios_base@std@@"}, {"encoding": "ASCII", "offset": 263412, "string": ".?AVruntime_error@std@@"}, {"encoding": "ASCII", "offset": 263444, "string": ".?AVbad_alloc@std@@"}, {"encoding": "ASCII", "offset": 263472, "string": ".?AVsystem_error@std@@"}, {"encoding": "ASCII", "offset": 263504, "string": ".?AVbad_cast@std@@"}, {"encoding": "ASCII", "offset": 263532, "string": ".?AV_System_error@std@@"}, {"encoding": "ASCII", "offset": 263564, "string": ".?AVexception@std@@"}, {"encoding": "ASCII", "offset": 263592, "string": ".?AVbad_array_new_length@std@@"}, {"encoding": "ASCII", "offset": 263632, "string": ".?AVios_base@std@@"}, {"encoding": "ASCII", "offset": 263660, "string": ".?AV?$_Iosb@H@std@@"}, {"encoding": "ASCII", "offset": 263688, "string": ".?AV?$basic_ios@DU?$char_traits@D@std@@@std@@"}, {"encoding": "ASCII", "offset": 263744, "string": ".?AV?$basic_streambuf@DU?$char_traits@D@std@@@std@@"}, {"encoding": "ASCII", "offset": 263804, "string": ".?AV?$basic_ostream@DU?$char_traits@D@std@@@std@@"}, {"encoding": "ASCII", "offset": 263864, "string": ".?AV?$basic_filebuf@DU?$char_traits@D@std@@@std@@"}, {"encoding": "ASCII", "offset": 263924, "string": ".?AVcodecvt_base@std@@"}, {"encoding": "ASCII", "offset": 263956, "string": ".?AV?$codecvt@DDU_Mbstatet@@@std@@"}, {"encoding": "ASCII", "offset": 264000, "string": ".?AV_Locimp@locale@std@@"}, {"encoding": "ASCII", "offset": 264036, "string": ".?AVtype_info@@"}, {"encoding": "ASCII", "offset": 264060, "string": ".?AVerror_category@std@@"}, {"encoding": "ASCII", "offset": 264096, "string": ".?AV?$ctype@D@std@@"}, {"encoding": "ASCII", "offset": 264124, "string": ".?AV_Facet_base@std@@"}, {"encoding": "ASCII", "offset": 264156, "string": ".?AU_Crt_new_delete@std@@"}, {"encoding": "ASCII", "offset": 264192, "string": ".?AV_Iostream_error_category2@std@@"}, {"encoding": "ASCII", "offset": 264236, "string": ".?AUctype_base@std@@"}, {"encoding": "ASCII", "offset": 264268, "string": ".?AVfacet@locale@std@@"}, {"encoding": "ASCII", "offset": 264800, "string": "<?xml version='1.0' encoding='UTF-8' standalone='yes'?>"}, {"encoding": "ASCII", "offset": 264857, "string": "<assembly xmlns='urn:schemas-microsoft-com:asm.v1' manifestVersion='1.0'>"}, {"encoding": "ASCII", "offset": 264932, "string": "  <trustInfo xmlns=\"urn:schemas-microsoft-com:asm.v3\">"}, {"encoding": "ASCII", "offset": 264988, "string": "    <security>"}, {"encoding": "ASCII", "offset": 265004, "string": "      <requestedPrivileges>"}, {"encoding": "ASCII", "offset": 265033, "string": "        <requestedExecutionLevel level='asInvoker' uiAccess='false' />"}, {"encoding": "ASCII", "offset": 265105, "string": "      </requestedPrivileges>"}, {"encoding": "ASCII", "offset": 265135, "string": "    </security>"}, {"encoding": "ASCII", "offset": 265152, "string": "  </trustInfo>"}, {"encoding": "ASCII", "offset": 265168, "string": "</assembly>"}, {"encoding": "ASCII", "offset": 265229, "string": "0 0*0@0T0X0b0p0z0"}, {"encoding": "ASCII", "offset": 265275, "string": "2/2O2h2"}, {"encoding": "ASCII", "offset": 265307, "string": "6S6f6}6"}, {"encoding": "ASCII", "offset": 265371, "string": ">(?2?7?Y?"}, {"encoding": "ASCII", "offset": 265409, "string": "2 3R3.4H4"}, {"encoding": "ASCII", "offset": 265497, "string": "2<264E4"}, {"encoding": "ASCII", "offset": 265515, "string": "6&888m8"}, {"encoding": "ASCII", "offset": 265569, "string": "3?4G5U5"}, {"encoding": "ASCII", "offset": 265585, "string": ":4:k;g<"}, {"encoding": "ASCII", "offset": 265631, "string": "4+494G4U4c4n4"}, {"encoding": "ASCII", "offset": 265653, "string": "67778&9-9\\9"}, {"encoding": "ASCII", "offset": 265667, "string": ":H;\\<j<h="}, {"encoding": "ASCII", "offset": 265713, "string": "6r6h8o8"}, {"encoding": "ASCII", "offset": 265729, "string": ":@;(</<^<"}, {"encoding": "ASCII", "offset": 265781, "string": "7\\8y8#9b9I:b:p:~:"}, {"encoding": "ASCII", "offset": 265805, "string": ";P;S<M="}, {"encoding": "ASCII", "offset": 265853, "string": "3K314H4"}, {"encoding": "ASCII", "offset": 265863, "string": "436h6^7"}, {"encoding": "ASCII", "offset": 265911, "string": "0Q2X2_2z2"}, {"encoding": "ASCII", "offset": 265929, "string": "283y3w4"}, {"encoding": "ASCII", "offset": 266029, "string": ":I;V?h?"}, {"encoding": "ASCII", "offset": 266115, "string": "2+3$4d4"}, {"encoding": "ASCII", "offset": 266173, "string": "8K8B:W<"}, {"encoding": "ASCII", "offset": 266229, "string": "0J061E1{1"}, {"encoding": "ASCII", "offset": 266253, "string": "5G5C6u6N7"}, {"encoding": "ASCII", "offset": 266284, "string": "a3F5X5u7"}, {"encoding": "ASCII", "offset": 266295, "string": "8M8S8l8s8y8~8"}, {"encoding": "ASCII", "offset": 266331, "string": "6f7u7&888H9"}, {"encoding": "ASCII", "offset": 266345, "string": "9!:':@:G:M:R:`:"}, {"encoding": "ASCII", "offset": 266361, "string": ":1;V=b="}, {"encoding": "ASCII", "offset": 266388, "string": "K1Q6Y6i6"}, {"encoding": "ASCII", "offset": 266411, "string": "727M7h7"}, {"encoding": "ASCII", "offset": 266441, "string": "9*9=9Y9"}, {"encoding": "ASCII", "offset": 266465, "string": ":*:7:O:"}, {"encoding": "ASCII", "offset": 266493, "string": ";$<A<N<g<"}, {"encoding": "ASCII", "offset": 266597, "string": "<4=<=B=Q=n="}, {"encoding": "ASCII", "offset": 266643, "string": "0!1'1W1e1"}, {"encoding": "ASCII", "offset": 266665, "string": "292I2O2V2]2"}, {"encoding": "ASCII", "offset": 266731, "string": "5&525;5@5F5P5Z5j5z5"}, {"encoding": "ASCII", "offset": 266783, "string": "6$6,676<6B6L6V6i6n6"}, {"encoding": "ASCII", "offset": 266803, "string": "697e7r7"}, {"encoding": "ASCII", "offset": 266823, "string": "8@8J8X8s8"}, {"encoding": "ASCII", "offset": 266863, "string": "<!<'<-<3<H<]<d<j<|<"}, {"encoding": "ASCII", "offset": 266909, "string": "?K?T?[?a?g?s?"}, {"encoding": "ASCII", "offset": 266955, "string": "1!1>1k1u1~1%2.262q2{2"}, {"encoding": "ASCII", "offset": 266993, "string": "3%3,3;3"}, {"encoding": "ASCII", "offset": 267003, "string": "4[4s4x4"}, {"encoding": "ASCII", "offset": 267027, "string": "9$:7:U:c:"}, {"encoding": "ASCII", "offset": 267037, "string": "<H<O<T<X<\\<`<"}, {"encoding": "ASCII", "offset": 267088, "string": "&0*0.02060:0>0B0F0J0N0R0V0Z0^0b0f0j0n0r0v0z0~0"}, {"encoding": "ASCII", "offset": 267169, "string": "3!3;3c3q3w3"}, {"encoding": "ASCII", "offset": 267195, "string": "4+454C4^4o4{4"}, {"encoding": "ASCII", "offset": 267221, "string": "=O=g=m="}, {"encoding": "ASCII", "offset": 267247, "string": "2E2Q2j3q3"}, {"encoding": "ASCII", "offset": 267269, "string": "4'484D4S4k4"}, {"encoding": "ASCII", "offset": 267295, "string": "5%5*5/5J5T5`5e5j5"}, {"encoding": "ASCII", "offset": 267389, "string": ":$>+>H>L>P>T>X>"}, {"encoding": "ASCII", "offset": 267441, "string": "5B6e6l6"}, {"encoding": "ASCII", "offset": 267467, "string": "757O7^7l7x7"}, {"encoding": "ASCII", "offset": 267493, "string": "8)878E8P8"}, {"encoding": "ASCII", "offset": 267519, "string": "=0>5><>b>"}, {"encoding": "ASCII", "offset": 267553, "string": "4o5)7+:"}, {"encoding": "ASCII", "offset": 267677, "string": "7#727G7T7j7q7}7"}, {"encoding": "ASCII", "offset": 267713, "string": "839A9Z9b9k9t9"}, {"encoding": "ASCII", "offset": 267733, "string": "9,:;:D:R:"}, {"encoding": "ASCII", "offset": 267751, "string": "<.=5=j>"}, {"encoding": "ASCII", "offset": 267791, "string": "011<1{1"}, {"encoding": "ASCII", "offset": 267803, "string": "2P2[2c2n2t2"}, {"encoding": "ASCII", "offset": 267831, "string": "3.3G3L3x3"}, {"encoding": "ASCII", "offset": 267861, "string": "<w=R>Y>"}, {"encoding": "ASCII", "offset": 267881, "string": "?'?:?T?h?"}, {"encoding": "ASCII", "offset": 267911, "string": "0)0W0f0x0"}, {"encoding": "ASCII", "offset": 267931, "string": "1!1.1R1\\1~1"}, {"encoding": "ASCII", "offset": 267953, "string": "2,262]2g2"}, {"encoding": "ASCII", "offset": 267995, "string": "0c1u1{1&2s2"}, {"encoding": "ASCII", "offset": 268051, "string": "<C=s=0>"}, {"encoding": "ASCII", "offset": 268097, "string": "8-9_9z9"}, {"encoding": "ASCII", "offset": 268123, "string": "; ;';,;j;r;"}, {"encoding": "ASCII", "offset": 268171, "string": "<.<3<8<H<M<R<b<g<l<|<"}, {"encoding": "ASCII", "offset": 268213, "string": "=1=D=e=r="}, {"encoding": "ASCII", "offset": 268261, "string": "?*?5?:???Z?i?t?y?~?"}, {"encoding": "ASCII", "offset": 268299, "string": "01060;0\\0l0"}, {"encoding": "ASCII", "offset": 268331, "string": "1C2I2f2"}, {"encoding": "ASCII", "offset": 268415, "string": ";!;D;e;"}, {"encoding": "ASCII", "offset": 268475, "string": "4:4_4/5g6"}, {"encoding": "ASCII", "offset": 268491, "string": "7 8n:u:"}, {"encoding": "ASCII", "offset": 268569, "string": "393Q3v3"}, {"encoding": "ASCII", "offset": 268593, "string": "5\"5N5-6:6e657r8"}, {"encoding": "ASCII", "offset": 268639, "string": "2>5\\5g5"}, {"encoding": "ASCII", "offset": 268655, "string": "596>6C6H6Q6"}, {"encoding": "ASCII", "offset": 268721, "string": "1\"3(3]3"}, {"encoding": "ASCII", "offset": 268737, "string": "4%404k4"}, {"encoding": "ASCII", "offset": 268771, "string": "6I6U6m6u6"}, {"encoding": "ASCII", "offset": 268821, "string": ":A;p;=<Q<i<q<"}, {"encoding": "ASCII", "offset": 268839, "string": ">8>@>M>]?"}, {"encoding": "ASCII", "offset": 268861, "string": "0$080C0"}, {"encoding": "ASCII", "offset": 268895, "string": "5%565u5"}, {"encoding": "ASCII", "offset": 268969, "string": "1@2G2N2U2o2~2"}, {"encoding": "ASCII", "offset": 269123, "string": "1$2+222U2m9u9"}, {"encoding": "ASCII", "offset": 269139, "string": "9a=g>o>"}, {"encoding": "ASCII", "offset": 269171, "string": "9 929D9V9h9z9"}, {"encoding": "ASCII", "offset": 269247, "string": "<H=<>q>"}, {"encoding": "ASCII", "offset": 269299, "string": "5#6L6a6w6"}, {"encoding": "ASCII", "offset": 269333, "string": ":K:Z:h:"}, {"encoding": "ASCII", "offset": 269409, "string": "5+5>5]5"}, {"encoding": "ASCII", "offset": 269427, "string": "626T6x6"}, {"encoding": "ASCII", "offset": 269503, "string": "1,2O2]2"}, {"encoding": "ASCII", "offset": 269531, "string": "7'7F7L7n7"}, {"encoding": "ASCII", "offset": 269557, "string": "=Q>]>q>}>"}, {"encoding": "ASCII", "offset": 269573, "string": "?\"???O?[?j?"}, {"encoding": "ASCII", "offset": 269721, "string": "9!9>9h9"}, {"encoding": "ASCII", "offset": 269756, "string": "81@1D1H1L1P1T1X1\\1`1l1p1t1x1"}, {"encoding": "ASCII", "offset": 269845, "string": "2 2$2(2,2024282<2@2D2H2L2P2T2X2\\2`2d2h2l2p2t2x2|2"}, {"encoding": "ASCII", "offset": 269973, "string": "3 3$3034383<3@3D3H3L3P3T3X3\\3`3d3h3"}, {"encoding": "ASCII", "offset": 270019, "string": "6$6,646<6D6L6T6\\6d6l6t6|6"}, {"encoding": "ASCII", "offset": 270083, "string": "7$7,747<7D7L7T7\\7d7l7t7|7"}, {"encoding": "ASCII", "offset": 270147, "string": "8$8,848<8D8L8T8\\8"}, {"encoding": "ASCII", "offset": 270172, "string": "D0H0L0P0X0\\0`0d0x0"}, {"encoding": "ASCII", "offset": 270229, "string": "1 1(10181@1H1P1X1`1h1p1x1"}, {"encoding": "ASCII", "offset": 270293, "string": "2 2(20282@2H2P2X2`2h2p2x2"}, {"encoding": "ASCII", "offset": 270357, "string": "3 3(30383@3H3P3X3`3h3p3x3"}, {"encoding": "ASCII", "offset": 270428, "string": "X0`0h0l0p0t0x0|0"}, {"encoding": "ASCII", "offset": 270583, "string": "3 3$3(3,3034383<3@3D3H3L3P3T3X3\\3`3d3h3l3p3t3x3"}, {"encoding": "ASCII", "offset": 270707, "string": "4 4$4(4,404"}, {"encoding": "ASCII", "offset": 270783, "string": ">$>,>4><>D>L>T>\\>d>l>t>|>"}, {"encoding": "ASCII", "offset": 270831, "string": "0P1T1X1\\1"}, {"encoding": "ASCII", "offset": 270857, "string": "2$202<2H2T2`2l2x2"}, {"encoding": "ASCII", "offset": 270899, "string": "3 3,383D3P3\\3h3t3"}, {"encoding": "ASCII", "offset": 270943, "string": "4(444@4L4X4d4p4|4"}, {"encoding": "ASCII", "offset": 270985, "string": "5(545@5L5X5d5p5|5"}, {"encoding": "ASCII", "offset": 271063, "string": "0$0,040<0D0L0T0\\0d0l0t0|0"}, {"encoding": "ASCII", "offset": 271127, "string": "1$1,141<1D1L1T1\\1d1l1t1|1"}, {"encoding": "ASCII", "offset": 271191, "string": "2$2,242<2D2L2T2\\2d2l2t2|2"}, {"encoding": "ASCII", "offset": 271255, "string": "3$3,343<3D3L3T3\\3d3l3t3|3"}, {"encoding": "ASCII", "offset": 271319, "string": "4$4,444<4D4L4T4\\4d4l4t4|4"}, {"encoding": "ASCII", "offset": 271383, "string": "5$5,545<5D5L5T5\\5d5l5t5|5"}, {"encoding": "ASCII", "offset": 271447, "string": "6$6,646<6D6L6T6\\6d6l6t6|6"}, {"encoding": "ASCII", "offset": 271521, "string": "1 1(10181@1H1P1X1`1h1p1x1"}, {"encoding": "ASCII", "offset": 271585, "string": "2 2(20282@2H2P2X2`2h2p2x2"}, {"encoding": "ASCII", "offset": 271649, "string": "3 3(30383@3H3P3X3`3h3p3x3"}, {"encoding": "ASCII", "offset": 271713, "string": "4 4(40484@4H4P4X4`4h4p4x4"}, {"encoding": "ASCII", "offset": 271777, "string": "5 5(50585@5H5P5X5`5h5p5x5"}, {"encoding": "ASCII", "offset": 271841, "string": "6 6(60686@6H6P6X6`6h6p6x6"}, {"encoding": "ASCII", "offset": 271905, "string": "7 7(70787@7H7P7X7`7h7p7x7"}, {"encoding": "ASCII", "offset": 271993, "string": "8(8,8<8@8D8H8P8h8x8|8"}, {"encoding": "ASCII", "offset": 272039, "string": "9(9,90949<9T9d9h9x9|9"}, {"encoding": "ASCII", "offset": 272085, "string": ": :$:,:D:T:X:h:l:p:x:"}, {"encoding": "ASCII", "offset": 272139, "string": ";(;8;<;L;P;T;X;\\;d;|;"}, {"encoding": "ASCII", "offset": 272185, "string": "< <$<(<,<0<8<<<@<D<L<d<t<"}, {"encoding": "ASCII", "offset": 272241, "string": "=,=0=H=X=\\=`=x=|="}, {"encoding": "ASCII", "offset": 272283, "string": "> >$>(>,>0>4>H>L>P>T>X>\\>p>t>"}, {"encoding": "ASCII", "offset": 272335, "string": "?,?<?L?\\?`?p?t?x?"}, {"encoding": "ASCII", "offset": 272393, "string": "00040D0H0L0P0T0\\0t0p4"}, {"encoding": "ASCII", "offset": 272433, "string": "4(5L5T5\\5d5l5t5|5"}, {"encoding": "ASCII", "offset": 272473, "string": "6 6@6L6l6t6|6"}, {"encoding": "ASCII", "offset": 272505, "string": "7(70787H7l7t7|7"}, {"encoding": "ASCII", "offset": 272559, "string": "8$8,888X8h8"}, {"encoding": "ASCII", "offset": 272599, "string": "9<9D9L9X9x9"}, {"encoding": "ASCII", "offset": 272635, "string": ":,:4:<:D:L:T:\\:d:l:t:|:"}, {"encoding": "ASCII", "offset": 272681, "string": ";$;,;4;<;D;L;T;\\;d;l;t;|;"}, {"encoding": "ASCII", "offset": 272729, "string": "< <D<L<T<\\<d<l<t<|<"}, {"encoding": "ASCII", "offset": 272779, "string": "=$=,=4=<=D=L=T=\\=d=l=t=|="}, {"encoding": "ASCII", "offset": 272843, "string": ">$>,>4><>D>P>p>x>"}, {"encoding": "ASCII", "offset": 272883, "string": "? ?(?<?L?X?x?"}, {"encoding": "ASCII", "offset": 272923, "string": "080D0d0l0t0"}, {"encoding": "ASCII", "offset": 272953, "string": "1 1(141<1p1"}, {"encoding": "ASCII", "offset": 272991, "string": "20282@2H2L2P2X2l2t2|2"}, {"encoding": "ASCII", "offset": 273037, "string": "3$303P3\\3|3"}, {"encoding": "ASCII", "offset": 273059, "string": "3 4@4L4d4h4"}, {"encoding": "ASCII", "offset": 273091, "string": "505<5D5l5p5"}, {"encoding": "ASCII", "offset": 273121, "string": "6(6H6h6"}, {"encoding": "ASCII", "offset": 273137, "string": "7(7H7h7"}, {"encoding": "ASCII", "offset": 273159, "string": "84888X8x8"}, {"encoding": "ASCII", "offset": 273177, "string": "989X9x9"}, {"encoding": "ASCII", "offset": 273193, "string": ":8:X:x:"}, {"encoding": "ASCII", "offset": 273211, "string": ";4;8;@;D;H;P;d;l;p;x;"}, {"encoding": "ASCII", "offset": 273263, "string": "< <(<0<D<L<`<h<|<"}, {"encoding": "ASCII", "offset": 273299, "string": "1 1$1(1,10141@1D1H1L1P1T1X1\\1`1t1x1"}, {"encoding": "ASCII", "offset": 273363, "string": "5@:H:h:"}, {"encoding": "ASCII", "offset": 273379, "string": ";(;H;d;"}, {"encoding": "ASCII", "offset": 273405, "string": "=8=\\=t="}, {"encoding": "UTF-16LE", "offset": 202780, "string": "api-ms-win-core-fibers-l1-1-1"}, {"encoding": "UTF-16LE", "offset": 202840, "string": "api-ms-win-core-synch-l1-2-0"}, {"encoding": "UTF-16LE", "offset": 202900, "string": "kernel32"}, {"encoding": "UTF-16LE", "offset": 202920, "string": "api-ms-"}, {"encoding": "UTF-16LE", "offset": 203584, "string": "         (((((                  H"}, {"encoding": "UTF-16LE", "offset": 204866, "string": "         (((((                  H"}, {"encoding": "UTF-16LE", "offset": 205120, "string": "      (                          "}, {"encoding": "UTF-16LE", "offset": 208428, "string": "mscoree.dll"}, {"encoding": "UTF-16LE", "offset": 208952, "string": "LC_COLLATE"}, {"encoding": "UTF-16LE", "offset": 208976, "string": "LC_CTYPE"}, {"encoding": "UTF-16LE", "offset": 208996, "string": "LC_MONETARY"}, {"encoding": "UTF-16LE", "offset": 209020, "string": "LC_NUMERIC"}, {"encoding": "UTF-16LE", "offset": 209044, "string": "LC_TIME"}, {"encoding": "UTF-16LE", "offset": 209848, "string": "Tuesday"}, {"encoding": "UTF-16LE", "offset": 209864, "string": "Wednesday"}, {"encoding": "UTF-16LE", "offset": 209884, "string": "Thursday"}, {"encoding": "UTF-16LE", "offset": 209920, "string": "Saturday"}, {"encoding": "UTF-16LE", "offset": 210036, "string": "January"}, {"encoding": "UTF-16LE", "offset": 210052, "string": "February"}, {"encoding": "UTF-16LE", "offset": 210136, "string": "September"}, {"encoding": "UTF-16LE", "offset": 210156, "string": "October"}, {"encoding": "UTF-16LE", "offset": 210172, "string": "November"}, {"encoding": "UTF-16LE", "offset": 210192, "string": "December"}, {"encoding": "UTF-16LE", "offset": 210228, "string": "MM/dd/yy"}, {"encoding": "UTF-16LE", "offset": 210248, "string": "dddd, MMMM dd, yyyy"}, {"encoding": "UTF-16LE", "offset": 210288, "string": "HH:mm:ss"}, {"encoding": "UTF-16LE", "offset": 210400, "string": "api-ms-win-core-datetime-l1-1-1"}, {"encoding": "UTF-16LE", "offset": 210464, "string": "api-ms-win-core-file-l1-2-2"}, {"encoding": "UTF-16LE", "offset": 210520, "string": "api-ms-win-core-localization-l1-2-1"}, {"encoding": "UTF-16LE", "offset": 210592, "string": "api-ms-win-core-localization-obsolete-l1-2-0"}, {"encoding": "UTF-16LE", "offset": 210688, "string": "api-ms-win-core-processthreads-l1-1-2"}, {"encoding": "UTF-16LE", "offset": 210764, "string": "api-ms-win-core-string-l1-1-0"}, {"encoding": "UTF-16LE", "offset": 210824, "string": "api-ms-win-core-sysinfo-l1-2-1"}, {"encoding": "UTF-16LE", "offset": 210888, "string": "api-ms-win-core-winrt-l1-1-0"}, {"encoding": "UTF-16LE", "offset": 210948, "string": "api-ms-win-core-xstate-l2-1-0"}, {"encoding": "UTF-16LE", "offset": 211008, "string": "api-ms-win-rtcore-ntuser-window-l1-1-0"}, {"encoding": "UTF-16LE", "offset": 211088, "string": "api-ms-win-security-systemfunctions-l1-1-0"}, {"encoding": "UTF-16LE", "offset": 211176, "string": "ext-ms-win-ntuser-dialogbox-l1-1-0"}, {"encoding": "UTF-16LE", "offset": 211248, "string": "ext-ms-win-ntuser-windowstation-l1-1-0"}, {"encoding": "UTF-16LE", "offset": 211328, "string": "advapi32"}, {"encoding": "UTF-16LE", "offset": 211360, "string": "api-ms-win-appmodel-runtime-l1-1-2"}, {"encoding": "UTF-16LE", "offset": 211448, "string": "api-ms-win-core-fibers-l1-1-0"}, {"encoding": "UTF-16LE", "offset": 211508, "string": "ext-ms-"}, {"encoding": "UTF-16LE", "offset": 213984, "string": "american"}, {"encoding": "UTF-16LE", "offset": 214004, "string": "american english"}, {"encoding": "UTF-16LE", "offset": 214040, "string": "american-english"}, {"encoding": "UTF-16LE", "offset": 214076, "string": "australian"}, {"encoding": "UTF-16LE", "offset": 214100, "string": "belgian"}, {"encoding": "UTF-16LE", "offset": 214116, "string": "canadian"}, {"encoding": "UTF-16LE", "offset": 214152, "string": "chinese"}, {"encoding": "UTF-16LE", "offset": 214168, "string": "chinese-hongkong"}, {"encoding": "UTF-16LE", "offset": 214204, "string": "chinese-simplified"}, {"encoding": "UTF-16LE", "offset": 214244, "string": "chinese-singapore"}, {"encoding": "UTF-16LE", "offset": 214280, "string": "chinese-traditional"}, {"encoding": "UTF-16LE", "offset": 214320, "string": "dutch-belgian"}, {"encoding": "UTF-16LE", "offset": 214348, "string": "english-american"}, {"encoding": "UTF-16LE", "offset": 214384, "string": "english-aus"}, {"encoding": "UTF-16LE", "offset": 214408, "string": "english-belize"}, {"encoding": "UTF-16LE", "offset": 214440, "string": "english-can"}, {"encoding": "UTF-16LE", "offset": 214464, "string": "english-caribbean"}, {"encoding": "UTF-16LE", "offset": 214500, "string": "english-ire"}, {"encoding": "UTF-16LE", "offset": 214524, "string": "english-jamaica"}, {"encoding": "UTF-16LE", "offset": 214556, "string": "english-nz"}, {"encoding": "UTF-16LE", "offset": 214580, "string": "english-south africa"}, {"encoding": "UTF-16LE", "offset": 214624, "string": "english-trinidad y tobago"}, {"encoding": "UTF-16LE", "offset": 214676, "string": "english-uk"}, {"encoding": "UTF-16LE", "offset": 214700, "string": "english-us"}, {"encoding": "UTF-16LE", "offset": 214724, "string": "english-usa"}, {"encoding": "UTF-16LE", "offset": 214748, "string": "french-belgian"}, {"encoding": "UTF-16LE", "offset": 214780, "string": "french-canadian"}, {"encoding": "UTF-16LE", "offset": 214812, "string": "french-luxembourg"}, {"encoding": "UTF-16LE", "offset": 214848, "string": "french-swiss"}, {"encoding": "UTF-16LE", "offset": 214876, "string": "german-austrian"}, {"encoding": "UTF-16LE", "offset": 214908, "string": "german-lichtenstein"}, {"encoding": "UTF-16LE", "offset": 214948, "string": "german-luxembourg"}, {"encoding": "UTF-16LE", "offset": 214984, "string": "german-swiss"}, {"encoding": "UTF-16LE", "offset": 215012, "string": "irish-english"}, {"encoding": "UTF-16LE", "offset": 215040, "string": "italian-swiss"}, {"encoding": "UTF-16LE", "offset": 215068, "string": "norwegian"}, {"encoding": "UTF-16LE", "offset": 215088, "string": "norwegian-bokmal"}, {"encoding": "UTF-16LE", "offset": 215124, "string": "norwegian-nynorsk"}, {"encoding": "UTF-16LE", "offset": 215160, "string": "portuguese-brazilian"}, {"encoding": "UTF-16LE", "offset": 215204, "string": "spanish-argentina"}, {"encoding": "UTF-16LE", "offset": 215240, "string": "spanish-bolivia"}, {"encoding": "UTF-16LE", "offset": 215272, "string": "spanish-chile"}, {"encoding": "UTF-16LE", "offset": 215300, "string": "spanish-colombia"}, {"encoding": "UTF-16LE", "offset": 215336, "string": "spanish-costa rica"}, {"encoding": "UTF-16LE", "offset": 215376, "string": "spanish-dominican republic"}, {"encoding": "UTF-16LE", "offset": 215432, "string": "spanish-ecuador"}, {"encoding": "UTF-16LE", "offset": 215464, "string": "spanish-el salvador"}, {"encoding": "UTF-16LE", "offset": 215504, "string": "spanish-guatemala"}, {"encoding": "UTF-16LE", "offset": 215540, "string": "spanish-honduras"}, {"encoding": "UTF-16LE", "offset": 215576, "string": "spanish-mexican"}, {"encoding": "UTF-16LE", "offset": 215608, "string": "spanish-modern"}, {"encoding": "UTF-16LE", "offset": 215640, "string": "spanish-nicaragua"}, {"encoding": "UTF-16LE", "offset": 215676, "string": "spanish-panama"}, {"encoding": "UTF-16LE", "offset": 215708, "string": "spanish-paraguay"}, {"encoding": "UTF-16LE", "offset": 215744, "string": "spanish-peru"}, {"encoding": "UTF-16LE", "offset": 215772, "string": "spanish-puerto rico"}, {"encoding": "UTF-16LE", "offset": 215812, "string": "spanish-uruguay"}, {"encoding": "UTF-16LE", "offset": 215844, "string": "spanish-venezuela"}, {"encoding": "UTF-16LE", "offset": 215880, "string": "swedish-finland"}, {"encoding": "UTF-16LE", "offset": 215948, "string": "america"}, {"encoding": "UTF-16LE", "offset": 215964, "string": "britain"}, {"encoding": "UTF-16LE", "offset": 216004, "string": "england"}, {"encoding": "UTF-16LE", "offset": 216020, "string": "great britain"}, {"encoding": "UTF-16LE", "offset": 216048, "string": "holland"}, {"encoding": "UTF-16LE", "offset": 216064, "string": "hong-kong"}, {"encoding": "UTF-16LE", "offset": 216084, "string": "new-zealand"}, {"encoding": "UTF-16LE", "offset": 216116, "string": "pr china"}, {"encoding": "UTF-16LE", "offset": 216136, "string": "pr-china"}, {"encoding": "UTF-16LE", "offset": 216156, "string": "puerto-rico"}, {"encoding": "UTF-16LE", "offset": 216196, "string": "south africa"}, {"encoding": "UTF-16LE", "offset": 216224, "string": "south korea"}, {"encoding": "UTF-16LE", "offset": 216248, "string": "south-africa"}, {"encoding": "UTF-16LE", "offset": 216276, "string": "south-korea"}, {"encoding": "UTF-16LE", "offset": 216300, "string": "trinidad & tobago"}, {"encoding": "UTF-16LE", "offset": 216336, "string": "united-kingdom"}, {"encoding": "UTF-16LE", "offset": 216368, "string": "united-states"}, {"encoding": "UTF-16LE", "offset": 219240, "string": "az-AZ-Latn"}, {"encoding": "UTF-16LE", "offset": 219444, "string": "uz-UZ-Latn"}, {"encoding": "UTF-16LE", "offset": 219820, "string": "sr-SP-Latn"}, {"encoding": "UTF-16LE", "offset": 219856, "string": "az-AZ-Cyrl"}, {"encoding": "UTF-16LE", "offset": 219904, "string": "uz-UZ-Cyrl"}, {"encoding": "UTF-16LE", "offset": 220016, "string": "sr-SP-Cyrl"}, {"encoding": "UTF-16LE", "offset": 220240, "string": "bs-BA-Latn"}, {"encoding": "UTF-16LE", "offset": 220328, "string": "sr-BA-Latn"}, {"encoding": "UTF-16LE", "offset": 220404, "string": "sr-BA-Cyrl"}, {"encoding": "UTF-16LE", "offset": 222868, "string": "az-az-cyrl"}, {"encoding": "UTF-16LE", "offset": 222892, "string": "az-az-latn"}, {"encoding": "UTF-16LE", "offset": 222952, "string": "bs-ba-latn"}, {"encoding": "UTF-16LE", "offset": 224340, "string": "sr-ba-cyrl"}, {"encoding": "UTF-16LE", "offset": 224364, "string": "sr-ba-latn"}, {"encoding": "UTF-16LE", "offset": 224388, "string": "sr-sp-cyrl"}, {"encoding": "UTF-16LE", "offset": 224412, "string": "sr-sp-latn"}, {"encoding": "UTF-16LE", "offset": 224584, "string": "uz-uz-cyrl"}, {"encoding": "UTF-16LE", "offset": 224608, "string": "uz-uz-latn"}, {"encoding": "UTF-16LE", "offset": 239320, "string": "CONOUT$"}, {"encoding": "UTF-16LE", "offset": 253200, "string": " !\"#$%&'()*+,-./0123456789:;<=>?@ABCD"}], "tight_strings": []}}