{
    "Date of compilation": "Nov 09 2021 at 23:02:42",
    "Imphash": "ab688071ee70024a077215b66e8c7976",
    "Optional header": {
        "addressof_entrypoint": 84515,
        "baseof_code": 4096,
        "baseof_data": 200704,
        "checksum": 0,
        "computed_checksum": 321951,
        "dll_characteristics": 320,
        "dll_characteristics_lists": [
            {
                "DYNAMIC_BASE": 64
            },
            {
                "NX_COMPAT": 256
            }
        ],
        "file_alignment": 512,
        "imagebase": 268435456,
        "loader_flags": 0,
        "magic": {
            "PE32": 267
        },
        "major_image_version": 0,
        "major_linker_version": 14,
        "major_operating_system_version": 6,
        "major_subsystem_version": 6,
        "minor_image_version": 0,
        "minor_linker_version": 28,
        "minor_operating_system_version": 0,
        "minor_subsystem_version": 0,
        "numberof_rva_and_size": 16,
        "section_alignment": 4096,
        "sizeof_code": 195072,
        "sizeof_headers": 1024,
        "sizeof_heap_commit": 4096,
        "sizeof_heap_reserve": 1048576,
        "sizeof_image": 290816,
        "sizeof_initialized_data": 81408,
        "sizeof_stack_commit": 4096,
        "sizeof_stack_reserve": 1048576,
        "sizeof_uninitialized_data": 0,
        "subsystem": {
            "WINDOWS_CUI": 3
        },
        "win32_version_value": 0
    },
    "Platform": "DLLfile",
    "CPU type": "MACHINE_TYPES.I386",
    "File type": "Unknown",
    "Entrypoint": 268519971,
    "Number of sections": 5,
    "Sections": [
        {
            "Name": ".text",
            "Virtual address": "0x1000",
            "Virtual size": "195038 bytes",
            "Offset": "0x400",
            "Size": "195072 bytes",
            "Entropy": 6.5899
        },
        {
            "Name": ".rdata",
            "Virtual address": "0x31000",
            "Virtual size": "64086  bytes",
            "Offset": "0x2fe00",
            "Size": "64512  bytes",
            "Entropy": 5.7543
        },
        {
            "Name": ".data",
            "Virtual address": "0x41000",
            "Virtual size": "7232   bytes",
            "Offset": "0x3fa00",
            "Size": "4096   bytes",
            "Entropy": 2.9563
        },
        {
            "Name": ".rsrc",
            "Virtual address": "0x43000",
            "Virtual size": "480    bytes",
            "Offset": "0x40a00",
            "Size": "512    bytes",
            "Entropy": 4.8724
        },
        {
            "Name": ".reloc",
            "Virtual address": "0x44000",
            "Virtual size": "8208   bytes",
            "Offset": "0x40c00",
            "Size": "8704   bytes",
            "Entropy": 6.5812
        }
    ],
    "Imported functions": [
        "GetModuleFileNameA",
        "GetLastError",
        "LoadLibraryA",
        "GetProcAddress",
        "CreateThreadpoolWork",
        "WriteConsoleW",
        "EnterCriticalSection",
        "LeaveCriticalSection",
        "InitializeCriticalSectionEx",
        "DeleteCriticalSection",
        "EncodePointer",
        "DecodePointer",
        "MultiByteToWideChar",
        "WideCharToMultiByte",
        "LCMapStringEx",
        "GetStringTypeW",
        "GetCPInfo",
        "UnhandledExceptionFilter",
        "SetUnhandledExceptionFilter",
        "GetCurrentProcess",
        "TerminateProcess",
        "IsProcessorFeaturePresent",
        "QueryPerformanceCounter",
        "GetCurrentProcessId",
        "GetCurrentThreadId",
        "GetSystemTimeAsFileTime",
        "InitializeSListHead",
        "IsDebuggerPresent",
        "GetStartupInfoW",
        "GetModuleHandleW",
        "RtlUnwind",
        "RaiseException",
        "InterlockedFlushSList",
        "SetLastError",
        "InitializeCriticalSectionAndSpinCount",
        "TlsAlloc",
        "TlsGetValue",
        "TlsSetValue",
        "TlsFree",
        "FreeLibrary",
        "LoadLibraryExW",
        "ExitProcess",
        "GetModuleHandleExW",
        "GetModuleFileNameW",
        "HeapFree",
        "HeapAlloc",
        "GetStdHandle",
        "GetFileType",
        "LCMapStringW",
        "GetLocaleInfoW",
        "IsValidLocale",
        "GetUserDefaultLCID",
        "EnumSystemLocalesW",
        "CloseHandle",
        "FlushFileBuffers",
        "WriteFile",
        "GetConsoleOutputCP",
        "GetConsoleMode",
        "ReadFile",
        "GetFileSizeEx",
        "SetFilePointerEx",
        "ReadConsoleW",
        "HeapReAlloc",
        "FindClose",
        "FindFirstFileExW",
        "FindNextFileW",
        "IsValidCodePage",
        "GetACP",
        "GetOEMCP",
        "GetCommandLineA",
        "GetCommandLineW",
        "GetEnvironmentStringsW",
        "FreeEnvironmentStringsW",
        "GetProcessHeap",
        "SetStdHandle",
        "HeapSize",
        "CreateFileW"
    ],
    "Exported functions": [
        "C:\\windows\\system32\\wtsapi32.IsInteractiveUserSession",
        "C:\\windows\\system32\\wtsapi32.QueryActiveSession",
        "C:\\windows\\system32\\wtsapi32.QueryUserToken",
        "C:\\windows\\system32\\wtsapi32.RegisterUsertokenForNoWinlogon",
        "C:\\windows\\system32\\wtsapi32.WTSCloseServer",
        "C:\\windows\\system32\\wtsapi32.WTSConnectSessionA",
        "C:\\windows\\system32\\wtsapi32.WTSConnectSessionW",
        "C:\\windows\\system32\\wtsapi32.WTSCreateListenerA",
        "C:\\windows\\system32\\wtsapi32.WTSCreateListenerW",
        "C:\\windows\\system32\\wtsapi32.WTSDisconnectSession",
        "C:\\windows\\system32\\wtsapi32.WTSEnableChildSessions",
        "C:\\windows\\system32\\wtsapi32.WTSEnumerateListenersA",
        "C:\\windows\\system32\\wtsapi32.WTSEnumerateListenersW",
        "C:\\windows\\system32\\wtsapi32.WTSEnumerateProcessesA",
        "C:\\windows\\system32\\wtsapi32.WTSEnumerateProcessesExA",
        "C:\\windows\\system32\\wtsapi32.WTSEnumerateProcessesExW",
        "C:\\windows\\system32\\wtsapi32.WTSEnumerateProcessesW",
        "C:\\windows\\system32\\wtsapi32.WTSEnumerateServersA",
        "C:\\windows\\system32\\wtsapi32.WTSEnumerateServersW",
        "C:\\windows\\system32\\wtsapi32.WTSEnumerateSessionsA",
        "C:\\windows\\system32\\wtsapi32.WTSEnumerateSessionsExA",
        "C:\\windows\\system32\\wtsapi32.WTSEnumerateSessionsExW",
        "C:\\windows\\system32\\wtsapi32.WTSEnumerateSessionsW",
        "C:\\windows\\system32\\wtsapi32.WTSFreeMemory",
        "C:\\windows\\system32\\wtsapi32.WTSFreeMemoryExA",
        "C:\\windows\\system32\\wtsapi32.WTSFreeMemoryExW",
        "C:\\windows\\system32\\wtsapi32.WTSGetChildSessionId",
        "C:\\windows\\system32\\wtsapi32.WTSGetListenerSecurityA",
        "C:\\windows\\system32\\wtsapi32.WTSGetListenerSecurityW",
        "C:\\windows\\system32\\wtsapi32.WTSIsChildSessionsEnabled",
        "C:\\windows\\system32\\wtsapi32.WTSLogoffSession",
        "C:\\windows\\system32\\wtsapi32.WTSOpenServerA",
        "C:\\windows\\system32\\wtsapi32.WTSOpenServerExA",
        "C:\\windows\\system32\\wtsapi32.WTSOpenServerExW",
        "C:\\windows\\system32\\wtsapi32.WTSOpenServerW",
        "C:\\windows\\system32\\wtsapi32.WTSQueryListenerConfigA",
        "C:\\windows\\system32\\wtsapi32.WTSQueryListenerConfigW",
        "C:\\windows\\system32\\wtsapi32.WTSQuerySessionInformationA",
        "C:\\windows\\system32\\wtsapi32.WTSQuerySessionInformationW",
        "C:\\windows\\system32\\wtsapi32.WTSQueryUserConfigA",
        "C:\\windows\\system32\\wtsapi32.WTSQueryUserConfigW",
        "C:\\windows\\system32\\wtsapi32.WTSQueryUserToken",
        "C:\\windows\\system32\\wtsapi32.WTSRegisterSessionNotification",
        "C:\\windows\\system32\\wtsapi32.WTSRegisterSessionNotificationEx",
        "C:\\windows\\system32\\wtsapi32.WTSSendMessageA",
        "C:\\windows\\system32\\wtsapi32.WTSSendMessageW",
        "C:\\windows\\system32\\wtsapi32.WTSSetListenerSecurityA",
        "C:\\windows\\system32\\wtsapi32.WTSSetListenerSecurityW",
        "C:\\windows\\system32\\wtsapi32.WTSSetRenderHint",
        "C:\\windows\\system32\\wtsapi32.WTSSetSessionInformationA",
        "C:\\windows\\system32\\wtsapi32.WTSSetSessionInformationW",
        "C:\\windows\\system32\\wtsapi32.WTSSetUserConfigA",
        "C:\\windows\\system32\\wtsapi32.WTSSetUserConfigW",
        "C:\\windows\\system32\\wtsapi32.WTSShutdownSystem",
        "C:\\windows\\system32\\wtsapi32.WTSStartRemoteControlSessionA",
        "C:\\windows\\system32\\wtsapi32.WTSStartRemoteControlSessionW",
        "C:\\windows\\system32\\wtsapi32.WTSStopRemoteControlSession",
        "C:\\windows\\system32\\wtsapi32.WTSTerminateProcess",
        "C:\\windows\\system32\\wtsapi32.WTSUnRegisterSessionNotification",
        "C:\\windows\\system32\\wtsapi32.WTSUnRegisterSessionNotificationEx",
        "C:\\windows\\system32\\wtsapi32.WTSVirtualChannelClose",
        "C:\\windows\\system32\\wtsapi32.WTSVirtualChannelOpen",
        "C:\\windows\\system32\\wtsapi32.WTSVirtualChannelOpenEx",
        "C:\\windows\\system32\\wtsapi32.WTSVirtualChannelPurgeInput",
        "C:\\windows\\system32\\wtsapi32.WTSVirtualChannelPurgeOutput",
        "C:\\windows\\system32\\wtsapi32.WTSVirtualChannelQuery",
        "C:\\windows\\system32\\wtsapi32.WTSVirtualChannelRead",
        "C:\\windows\\system32\\wtsapi32.WTSVirtualChannelWrite",
        "C:\\windows\\system32\\wtsapi32.WTSWaitSystemEvent"
    ],
    "Resources": {
        "Name": "No name",
        "Number of childs": 1,
        "Depth": 0,
        "Type": "Directory",
        "Id": "0x0"
    },
    "Resource manager": {
        "Type": "RESOURCE_TYPES.MANIFEST",
        "Language": "RESOURCE_LANGS.ENGLISH",
        "Sub-language": "RESOURCE_SUBLANGS.ENGLISH_US"
    },
    "Libraries": [
        "KERNEL32.dll"
    ],
    "Imports Name": [
        "KERNEL32.dll"
    ],
    "Imports Function IAT": [
        "0x31000",
        "0x31004",
        "0x31008",
        "0x3100c",
        "0x31010",
        "0x31014",
        "0x31018",
        "0x3101c",
        "0x31020",
        "0x31024",
        "0x31028",
        "0x3102c",
        "0x31030",
        "0x31034",
        "0x31038",
        "0x3103c",
        "0x31040",
        "0x31044",
        "0x31048",
        "0x3104c",
        "0x31050",
        "0x31054",
        "0x31058",
        "0x3105c",
        "0x31060",
        "0x31064",
        "0x31068",
        "0x3106c",
        "0x31070",
        "0x31074",
        "0x31078",
        "0x3107c",
        "0x31080",
        "0x31084",
        "0x31088",
        "0x3108c",
        "0x31090",
        "0x31094",
        "0x31098",
        "0x3109c",
        "0x310a0",
        "0x310a4",
        "0x310a8",
        "0x310ac",
        "0x310b0",
        "0x310b4",
        "0x310b8",
        "0x310bc",
        "0x310c0",
        "0x310c4",
        "0x310c8",
        "0x310cc",
        "0x310d0",
        "0x310d4",
        "0x310d8",
        "0x310dc",
        "0x310e0",
        "0x310e4",
        "0x310e8",
        "0x310ec",
        "0x310f0",
        "0x310f4",
        "0x310f8",
        "0x310fc",
        "0x31100",
        "0x31104",
        "0x31108",
        "0x3110c",
        "0x31110",
        "0x31114",
        "0x31118",
        "0x3111c",
        "0x31120",
        "0x31124",
        "0x31128",
        "0x3112c",
        "0x31130"
    ],
    "Imports Function name": [
        "GetModuleFileNameA",
        "GetLastError",
        "LoadLibraryA",
        "GetProcAddress",
        "CreateThreadpoolWork",
        "WriteConsoleW",
        "EnterCriticalSection",
        "LeaveCriticalSection",
        "InitializeCriticalSectionEx",
        "DeleteCriticalSection",
        "EncodePointer",
        "DecodePointer",
        "MultiByteToWideChar",
        "WideCharToMultiByte",
        "LCMapStringEx",
        "GetStringTypeW",
        "GetCPInfo",
        "UnhandledExceptionFilter",
        "SetUnhandledExceptionFilter",
        "GetCurrentProcess",
        "TerminateProcess",
        "IsProcessorFeaturePresent",
        "QueryPerformanceCounter",
        "GetCurrentProcessId",
        "GetCurrentThreadId",
        "GetSystemTimeAsFileTime",
        "InitializeSListHead",
        "IsDebuggerPresent",
        "GetStartupInfoW",
        "GetModuleHandleW",
        "RtlUnwind",
        "RaiseException",
        "InterlockedFlushSList",
        "SetLastError",
        "InitializeCriticalSectionAndSpinCount",
        "TlsAlloc",
        "TlsGetValue",
        "TlsSetValue",
        "TlsFree",
        "FreeLibrary",
        "LoadLibraryExW",
        "ExitProcess",
        "GetModuleHandleExW",
        "GetModuleFileNameW",
        "HeapFree",
        "HeapAlloc",
        "GetStdHandle",
        "GetFileType",
        "LCMapStringW",
        "GetLocaleInfoW",
        "IsValidLocale",
        "GetUserDefaultLCID",
        "EnumSystemLocalesW",
        "CloseHandle",
        "FlushFileBuffers",
        "WriteFile",
        "GetConsoleOutputCP",
        "GetConsoleMode",
        "ReadFile",
        "GetFileSizeEx",
        "SetFilePointerEx",
        "ReadConsoleW",
        "HeapReAlloc",
        "FindClose",
        "FindFirstFileExW",
        "FindNextFileW",
        "IsValidCodePage",
        "GetACP",
        "GetOEMCP",
        "GetCommandLineA",
        "GetCommandLineW",
        "GetEnvironmentStringsW",
        "FreeEnvironmentStringsW",
        "GetProcessHeap",
        "SetStdHandle",
        "HeapSize",
        "CreateFileW"
    ],
    "Configuration": {
        "Version": "WIN_VERSION.WIN10_0_MSVC_2019_16",
        "Characteristics": "0xbc",
        "Timedatestamp": null,
        "Major version": 0,
        "Minor version": 0,
        "Security cookie": "0x10041014"
    }
}