{
    "type": "file",
    "attributes": {
        "reputation": -28,
        "size": 74240,
        "type_description": "Win32 EXE",
        "sandbox_verdicts": {
            "Yomi Hunter": {
                "category": "malicious",
                "sandbox_name": "Yomi Hunter",
                "malware_classification": [
                    "MALWARE"
                ]
            },
            "ReaQta-Hive": {
                "category": "malicious",
                "sandbox_name": "ReaQta-Hive",
                "malware_classification": [
                    "MALWARE"
                ]
            },
            "DAS-Security Orcas": {
                "category": "malicious",
                "sandbox_name": "DAS-Security Orcas",
                "malware_classification": [
                    "MALWARE"
                ]
            }
        },
        "last_analysis_date": 1711097983,
        "first_submission_date": 1482140825,
        "tags": [
            "idle",
            "peexe",
            "checks-disk-space",
            "runtime-modules"
        ],
        "type_tags": [
            "executable",
            "windows",
            "win32",
            "pe",
            "peexe"
        ],
        "tlsh": "T130735B03B5D1C871E8B21D351871CAA19A3FB9214E248EAB6798077E5F381D09E36F77",
        "unique_sources": 16,
        "authentihash": "86dd08ef16e69678dc7172ac1bb4fdd2ad32f0be3ada193af95c937e1290ae9a",
        "vhash": "074066655d1515556038z51hz1lz",
        "type_tag": "peexe",
        "last_analysis_results": {
            "Bkav": {
                "method": "blacklist",
                "engine_name": "Bkav",
                "engine_version": "2.0.0.1",
                "engine_update": "20240322",
                "category": "malicious",
                "result": "W32.AIDetectMalware"
            },
            "Lionic": {
                "method": "blacklist",
                "engine_name": "Lionic",
                "engine_version": "7.5",
                "engine_update": "20240322",
                "category": "malicious",
                "result": "Trojan.Win32.Industroyer.4!c"
            },
            "Elastic": {
                "method": "blacklist",
                "engine_name": "Elastic",
                "engine_version": "4.0.135",
                "engine_update": "20240321",
                "category": "malicious",
                "result": "malicious (high confidence)"
            },
            "DrWeb": {
                "method": "blacklist",
                "engine_name": "DrWeb",
                "engine_version": "7.0.62.1180",
                "engine_update": "20240322",
                "category": "malicious",
                "result": "Trojan.Industroyer.3"
            },
            "MicroWorld-eScan": {
                "method": "blacklist",
                "engine_name": "MicroWorld-eScan",
                "engine_version": "14.0.409.0",
                "engine_update": "20240322",
                "category": "malicious",
                "result": "Gen:Variant.Industroyer.2"
            },
            "FireEye": {
                "method": "blacklist",
                "engine_name": "FireEye",
                "engine_version": "35.47.0.0",
                "engine_update": "20240322",
                "category": "malicious",
                "result": "Gen:Variant.Industroyer.2"
            },
            "CAT-QuickHeal": {
                "method": "blacklist",
                "engine_name": "CAT-QuickHeal",
                "engine_version": "22.00",
                "engine_update": "20240321",
                "category": "undetected",
                "result": null
            },
            "Skyhigh": {
                "method": "blacklist",
                "engine_name": "Skyhigh",
                "engine_version": "v2021.2.0+4045",
                "engine_update": "20240321",
                "category": "malicious",
                "result": "BehavesLike.Win32.Generic.lh"
            },
            "McAfee": {
                "method": "blacklist",
                "engine_name": "McAfee",
                "engine_version": "6.0.6.653",
                "engine_update": "20240321",
                "category": "malicious",
                "result": "Trojan-FNDI!F9005F8E9D9B"
            },
            "Malwarebytes": {
                "method": "blacklist",
                "engine_name": "Malwarebytes",
                "engine_version": "4.5.5.54",
                "engine_update": "20240322",
                "category": "malicious",
                "result": "Crypt.Trojan.Malicious.DDS"
            },
            "Zillya": {
                "method": "blacklist",
                "engine_name": "Zillya",
                "engine_version": "2.0.0.5076",
                "engine_update": "20240321",
                "category": "malicious",
                "result": "Trojan.Industroyer.Win32.2"
            },
            "Sangfor": {
                "method": "blacklist",
                "engine_name": "Sangfor",
                "engine_version": "2.23.0.0",
                "engine_update": "20240318",
                "category": "malicious",
                "result": "Trojan.Win32.Industroyer.Vs3u"
            },
            "K7AntiVirus": {
                "method": "blacklist",
                "engine_name": "K7AntiVirus",
                "engine_version": "12.149.51454",
                "engine_update": "20240322",
                "category": "malicious",
                "result": "Trojan ( 0050fd091 )"
            },
            "Alibaba": {
                "method": "blacklist",
                "engine_name": "Alibaba",
                "engine_version": "0.3.0.5",
                "engine_update": "20190527",
                "category": "malicious",
                "result": "Trojan:Win32/Industroyer.53fccf96"
            },
            "K7GW": {
                "method": "blacklist",
                "engine_name": "K7GW",
                "engine_version": "12.149.51455",
                "engine_update": "20240322",
                "category": "malicious",
                "result": "Trojan ( 0050fd091 )"
            },
            "Cybereason": {
                "method": "blacklist",
                "engine_name": "Cybereason",
                "engine_version": "1.2.449",
                "engine_update": "20240304",
                "category": "malicious",
                "result": "malicious.e9d9b8"
            },
            "BitDefenderTheta": {
                "method": "blacklist",
                "engine_name": "BitDefenderTheta",
                "engine_version": "7.2.37796.0",
                "engine_update": "20240305",
                "category": "malicious",
                "result": "Gen:NN.ZexaF.36802.eyW@aqDiQqni"
            },
            "VirIT": {
                "method": "blacklist",
                "engine_name": "VirIT",
                "engine_version": "9.5.666",
                "engine_update": "20240321",
                "category": "malicious",
                "result": "Trojan.Win32.Industroyer.D"
            },
            "Symantec": {
                "method": "blacklist",
                "engine_name": "Symantec",
                "engine_version": "1.21.0.0",
                "engine_update": "20240322",
                "category": "malicious",
                "result": "Backdoor.Industroyer"
            },
            "tehtris": {
                "method": "blacklist",
                "engine_name": "tehtris",
                "engine_version": "v0.1.4",
                "engine_update": "20240322",
                "category": "malicious",
                "result": "Generic.Malware"
            },
            "ESET-NOD32": {
                "method": "blacklist",
                "engine_name": "ESET-NOD32",
                "engine_version": "28936",
                "engine_update": "20240322",
                "category": "malicious",
                "result": "a variant of Win32/Industroyer.A"
            },
            "APEX": {
                "method": "blacklist",
                "engine_name": "APEX",
                "engine_version": "6.513",
                "engine_update": "20240322",
                "category": "undetected",
                "result": null
            },
            "TrendMicro-HouseCall": {
                "method": "blacklist",
                "engine_name": "TrendMicro-HouseCall",
                "engine_version": "10.0.0.1040",
                "engine_update": "20240322",
                "category": "malicious",
                "result": "TROJ_INDUSTROYER.B"
            },
            "Paloalto": {
                "method": "blacklist",
                "engine_name": "Paloalto",
                "engine_version": "0.9.0.1003",
                "engine_update": "20240322",
                "category": "undetected",
                "result": null
            },
            "ClamAV": {
                "method": "blacklist",
                "engine_name": "ClamAV",
                "engine_version": "1.3.0.0",
                "engine_update": "20240321",
                "category": "undetected",
                "result": null
            },
            "Kaspersky": {
                "method": "blacklist",
                "engine_name": "Kaspersky",
                "engine_version": "22.0.1.28",
                "engine_update": "20240322",
                "category": "malicious",
                "result": "Trojan.Win32.Industroyer.b"
            },
            "BitDefender": {
                "method": "blacklist",
                "engine_name": "BitDefender",
                "engine_version": "7.2",
                "engine_update": "20240322",
                "category": "malicious",
                "result": "Gen:Variant.Industroyer.2"
            },
            "NANO-Antivirus": {
                "method": "blacklist",
                "engine_name": "NANO-Antivirus",
                "engine_version": "1.0.146.25796",
                "engine_update": "20240322",
                "category": "malicious",
                "result": "Trojan.Win32.Agent.epyibp"
            },
            "SUPERAntiSpyware": {
                "method": "blacklist",
                "engine_name": "SUPERAntiSpyware",
                "engine_version": "5.6.0.1032",
                "engine_update": "20240322",
                "category": "undetected",
                "result": null
            },
            "Avast": {
                "method": "blacklist",
                "engine_name": "Avast",
                "engine_version": "23.9.8494.0",
                "engine_update": "20240322",
                "category": "malicious",
                "result": "Win32:TrojanX-gen [Trj]"
            },
            "Tencent": {
                "method": "blacklist",
                "engine_name": "Tencent",
                "engine_version": "1.0.0.1",
                "engine_update": "20240322",
                "category": "malicious",
                "result": "Malware.Win32.Gencirc.117d97f7"
            },
            "Emsisoft": {
                "method": "blacklist",
                "engine_name": "Emsisoft",
                "engine_version": "2022.6.0.32461",
                "engine_update": "20240322",
                "category": "malicious",
                "result": "Gen:Variant.Industroyer.2 (B)"
            },
            "F-Secure": {
                "method": "blacklist",
                "engine_name": "F-Secure",
                "engine_version": "18.10.1547.307",
                "engine_update": "20240322",
                "category": "undetected",
                "result": null
            },
            "Baidu": {
                "method": "blacklist",
                "engine_name": "Baidu",
                "engine_version": "1.0.0.2",
                "engine_update": "20190318",
                "category": "undetected",
                "result": null
            },
            "VIPRE": {
                "method": "blacklist",
                "engine_name": "VIPRE",
                "engine_version": "6.0.0.35",
                "engine_update": "20240321",
                "category": "malicious",
                "result": "Gen:Variant.Industroyer.2"
            },
            "TrendMicro": {
                "method": "blacklist",
                "engine_name": "TrendMicro",
                "engine_version": "11.0.0.1006",
                "engine_update": "20240322",
                "category": "malicious",
                "result": "TROJ_INDUSTROYER.B"
            },
            "Trapmine": {
                "method": "blacklist",
                "engine_name": "Trapmine",
                "engine_version": "4.0.16.96",
                "engine_update": "20240223",
                "category": "malicious",
                "result": "suspicious.low.ml.score"
            },
            "CMC": {
                "method": "blacklist",
                "engine_name": "CMC",
                "engine_version": "2.4.2022.1",
                "engine_update": "20240317",
                "category": "undetected",
                "result": null
            },
            "Sophos": {
                "method": "blacklist",
                "engine_name": "Sophos",
                "engine_version": "2.4.3.0",
                "engine_update": "20240322",
                "category": "malicious",
                "result": "Mal/Generic-R"
            },
            "SentinelOne": {
                "method": "blacklist",
                "engine_name": "SentinelOne",
                "engine_version": "24.1.0.5",
                "engine_update": "20240129",
                "category": "undetected",
                "result": null
            },
            "MAX": {
                "method": "blacklist",
                "engine_name": "MAX",
                "engine_version": "2023.1.4.1",
                "engine_update": "20240322",
                "category": "undetected",
                "result": null
            },
            "Jiangmin": {
                "method": "blacklist",
                "engine_name": "Jiangmin",
                "engine_version": "16.0.100",
                "engine_update": "20240321",
                "category": "malicious",
                "result": "Trojan.Industroyer.o"
            },
            "Google": {
                "method": "blacklist",
                "engine_name": "Google",
                "engine_version": "1711092654",
                "engine_update": "20240322",
                "category": "malicious",
                "result": "Detected"
            },
            "Avira": {
                "method": "blacklist",
                "engine_name": "Avira",
                "engine_version": "8.3.3.18",
                "engine_update": "20240322",
                "category": "undetected",
                "result": null
            },
            "Varist": {
                "method": "blacklist",
                "engine_name": "Varist",
                "engine_version": "6.5.1.2",
                "engine_update": "20240322",
                "category": "malicious",
                "result": "W32/Trojan.BECP-3317"
            },
            "Antiy-AVL": {
                "method": "blacklist",
                "engine_name": "Antiy-AVL",
                "engine_version": "3.0",
                "engine_update": "20240322",
                "category": "malicious",
                "result": "Trojan[APT]/Win32.Industroyer"
            },
            "Kingsoft": {
                "method": "blacklist",
                "engine_name": "Kingsoft",
                "engine_version": "None",
                "engine_update": "20230906",
                "category": "malicious",
                "result": "malware.kb.a.841"
            },
            "Microsoft": {
                "method": "blacklist",
                "engine_name": "Microsoft",
                "engine_version": "1.1.24020.9",
                "engine_update": "20240322",
                "category": "malicious",
                "result": "Trojan:Win32/CrashOverride.A"
            },
            "Gridinsoft": {
                "method": "blacklist",
                "engine_name": "Gridinsoft",
                "engine_version": "1.0.169.174",
                "engine_update": "20240322",
                "category": "malicious",
                "result": "Trojan.Win32.Agent.sb!s1"
            },
            "Xcitium": {
                "method": "blacklist",
                "engine_name": "Xcitium",
                "engine_version": "36544",
                "engine_update": "20240322",
                "category": "malicious",
                "result": "Malware@#375myqc502s42"
            },
            "Arcabit": {
                "method": "blacklist",
                "engine_name": "Arcabit",
                "engine_version": "2022.0.0.18",
                "engine_update": "20240322",
                "category": "malicious",
                "result": "Trojan.Industroyer.2"
            },
            "ViRobot": {
                "method": "blacklist",
                "engine_name": "ViRobot",
                "engine_version": "2014.3.20.0",
                "engine_update": "20240322",
                "category": "malicious",
                "result": "Trojan.Win32.Industroyer.74240.A"
            },
            "ZoneAlarm": {
                "method": "blacklist",
                "engine_name": "ZoneAlarm",
                "engine_version": "1.0",
                "engine_update": "20240322",
                "category": "malicious",
                "result": "Trojan.Win32.Industroyer.b"
            },
            "GData": {
                "method": "blacklist",
                "engine_name": "GData",
                "engine_version": "A:25.37612B:27.35361",
                "engine_update": "20240322",
                "category": "malicious",
                "result": "Win32.Backdoor.Industroyer.D"
            },
            "Cynet": {
                "method": "blacklist",
                "engine_name": "Cynet",
                "engine_version": "4.0.1.1",
                "engine_update": "20240322",
                "category": "undetected",
                "result": null
            },
            "AhnLab-V3": {
                "method": "blacklist",
                "engine_name": "AhnLab-V3",
                "engine_version": "3.25.1.10473",
                "engine_update": "20240322",
                "category": "malicious",
                "result": "Trojan/Win32.Industroyer.C2001462"
            },
            "Acronis": {
                "method": "blacklist",
                "engine_name": "Acronis",
                "engine_version": "1.2.0.121",
                "engine_update": "20230828",
                "category": "undetected",
                "result": null
            },
            "VBA32": {
                "method": "blacklist",
                "engine_name": "VBA32",
                "engine_version": "5.0.0",
                "engine_update": "20240321",
                "category": "malicious",
                "result": "Trojan.Industroyer"
            },
            "ALYac": {
                "method": "blacklist",
                "engine_name": "ALYac",
                "engine_version": "2.0.0.8",
                "engine_update": "20240322",
                "category": "malicious",
                "result": "Trojan.Agent.Endowerpo"
            },
            "TACHYON": {
                "method": "blacklist",
                "engine_name": "TACHYON",
                "engine_version": "2024-03-22.02",
                "engine_update": "20240322",
                "category": "malicious",
                "result": "Trojan/W32.Industroyer.74240"
            },
            "Cylance": {
                "method": "blacklist",
                "engine_name": "Cylance",
                "engine_version": "2.0.0.0",
                "engine_update": "20240320",
                "category": "malicious",
                "result": "unsafe"
            },
            "Panda": {
                "method": "blacklist",
                "engine_name": "Panda",
                "engine_version": "4.6.4.2",
                "engine_update": "20240321",
                "category": "malicious",
                "result": "Trj/GdSda.A"
            },
            "Zoner": {
                "method": "blacklist",
                "engine_name": "Zoner",
                "engine_version": "2.2.2.0",
                "engine_update": "20240322",
                "category": "undetected",
                "result": null
            },
            "Rising": {
                "method": "blacklist",
                "engine_name": "Rising",
                "engine_version": "25.0.0.27",
                "engine_update": "20240322",
                "category": "malicious",
                "result": "Trojan.Industroyer!8.E852 (TFE:5:S9DTP8lnGVL)"
            },
            "Yandex": {
                "method": "blacklist",
                "engine_name": "Yandex",
                "engine_version": "5.5.2.24",
                "engine_update": "20240322",
                "category": "malicious",
                "result": "Trojan.GenAsa!WdjWHOi9Fwg"
            },
            "Ikarus": {
                "method": "blacklist",
                "engine_name": "Ikarus",
                "engine_version": "6.3.12.0",
                "engine_update": "20240321",
                "category": "malicious",
                "result": "Trojan.Industroyer"
            },
            "MaxSecure": {
                "method": "blacklist",
                "engine_name": "MaxSecure",
                "engine_version": "1.0.0.1",
                "engine_update": "20240322",
                "category": "malicious",
                "result": "Trojan.Malware.11035701.susgen"
            },
            "Fortinet": {
                "method": "blacklist",
                "engine_name": "Fortinet",
                "engine_version": "None",
                "engine_update": "20240322",
                "category": "malicious",
                "result": "W32/Industroyer.A!tr"
            },
            "AVG": {
                "method": "blacklist",
                "engine_name": "AVG",
                "engine_version": "23.9.8494.0",
                "engine_update": "20240322",
                "category": "malicious",
                "result": "Win32:TrojanX-gen [Trj]"
            },
            "DeepInstinct": {
                "method": "blacklist",
                "engine_name": "DeepInstinct",
                "engine_version": "5.0.0.8",
                "engine_update": "20240321",
                "category": "malicious",
                "result": "MALICIOUS"
            },
            "CrowdStrike": {
                "method": "blacklist",
                "engine_name": "CrowdStrike",
                "engine_version": "1.0",
                "engine_update": "20231026",
                "category": "malicious",
                "result": "win/malicious_confidence_100% (W)"
            },
            "alibabacloud": {
                "method": "blacklist",
                "engine_name": "alibabacloud",
                "engine_version": "2.0.3",
                "engine_update": "20240321",
                "category": "malicious",
                "result": "Trojan:Win/Industroyer.A"
            },
            "Trustlook": {
                "method": "blacklist",
                "engine_name": "Trustlook",
                "engine_version": "1.0",
                "engine_update": "20240322",
                "category": "type-unsupported",
                "result": null
            },
            "SymantecMobileInsight": {
                "method": "blacklist",
                "engine_name": "SymantecMobileInsight",
                "engine_version": "2.0",
                "engine_update": "20240103",
                "category": "type-unsupported",
                "result": null
            },
            "BitDefenderFalx": {
                "method": "blacklist",
                "engine_name": "BitDefenderFalx",
                "engine_version": "2.0.936",
                "engine_update": "20240128",
                "category": "type-unsupported",
                "result": null
            },
            "Avast-Mobile": {
                "method": "blacklist",
                "engine_name": "Avast-Mobile",
                "engine_version": "240321-00",
                "engine_update": "20240321",
                "category": "type-unsupported",
                "result": null
            }
        },
        "names": [
            "21c1fdd6cfd8ec3ffe3e922f944424b543643dbdab99fa731556f8805b0d5561.exe",
            ".bin",
            "f9005f8e9d9b854491eb2fbbd06a16e0_FcMEVkbAaxzF.eXe",
            "f9005f8e9d9b854491eb2fbbd06a16e0.virobj",
            "2.Industroyer.3.bin",
            "f9005f8e9d9b854491eb2fbbd06a16e0.vir",
            "FESACCGG.exe",
            "2AFKVBFE.exe",
            "15.bin",
            "VirusShare_f9005f8e9d9b854491eb2fbbd06a16e0",
            "myfile.exe",
            "21c1fdd6cfd8ec3ffe3e922f944424b543643dbdab99fa731556f8805b0d5561",
            "9U2MZR3N.exe",
            "svchost.exe",
            "79ca89711cdaedb16b0ccccfdcfbd6aa7e57120a_svchost.ex",
            "IRQ6RTT5.exe",
            "12.bin",
            "12.exe",
            "21c1fdd6cfd8ec3ffe3e922f944424b543643dbdab99fa731556f8805b0d5561_unpacked"
        ],
        "trid": [
            {
                "file_type": "Win32 Executable MS Visual C++ (generic)",
                "probability": 47.3
            },
            {
                "file_type": "Win64 Executable (generic)",
                "probability": 15.9
            },
            {
                "file_type": "Win32 Dynamic Link Library (generic)",
                "probability": 9.9
            },
            {
                "file_type": "Win16 NE executable (generic)",
                "probability": 7.6
            },
            {
                "file_type": "Win32 Executable (generic)",
                "probability": 6.8
            }
        ],
        "detectiteasy": {
            "filetype": "PE32",
            "values": [
                {
                    "info": "EXE32",
                    "version": "2013-2017",
                    "type": "Compiler",
                    "name": "EP:Microsoft Visual C/C++"
                },
                {
                    "info": "LTCG/C++",
                    "version": "19.00.24210",
                    "type": "Compiler",
                    "name": "Microsoft Visual C/C++"
                },
                {
                    "version": "14.00.24210",
                    "type": "Linker",
                    "name": "Microsoft Linker"
                },
                {
                    "version": "2015",
                    "type": "Tool",
                    "name": "Visual Studio"
                }
            ]
        },
        "times_submitted": 29,
        "sha256": "21c1fdd6cfd8ec3ffe3e922f944424b543643dbdab99fa731556f8805b0d5561",
        "pe_info": {
            "imphash": "75a8f6665ef8d33cf647e1abae6d2626",
            "machine_type": 332,
            "entry_point": 5583,
            "resource_details": [
                {
                    "lang": "ENGLISH US",
                    "chi2": 4031.47,
                    "filetype": "XML",
                    "entropy": 4.911615371704102,
                    "sha256": "4bb79dcea0a901f7d9eac5aa05728ae92acb42e0cb22e5dd14134f4421a3d8df",
                    "type": "RT_MANIFEST"
                }
            ],
            "resource_langs": {
                "ENGLISH US": 1
            },
            "resource_types": {
                "RT_MANIFEST": 1
            },
            "sections": [
                {
                    "name": ".text",
                    "chi2": 232135.22,
                    "virtual_address": 4096,
                    "entropy": 6.62,
                    "raw_size": 43008,
                    "flags": "rx",
                    "virtual_size": 42695,
                    "md5": "8e2cb9a57f739847e4aa66c5a3dc2e2f"
                },
                {
                    "name": ".rdata",
                    "chi2": 1129959.0,
                    "virtual_address": 49152,
                    "entropy": 4.89,
                    "raw_size": 23040,
                    "flags": "r",
                    "virtual_size": 22798,
                    "md5": "5f3362771347ea017a14068e965d0d46"
                },
                {
                    "name": ".data",
                    "chi2": 319048.0,
                    "virtual_address": 73728,
                    "entropy": 2.02,
                    "raw_size": 2048,
                    "flags": "rw",
                    "virtual_size": 4812,
                    "md5": "c6d57956964d3f305452eb7e800b3b8e"
                },
                {
                    "name": ".gfids",
                    "chi2": 93814.0,
                    "virtual_address": 81920,
                    "entropy": 1.39,
                    "raw_size": 512,
                    "flags": "r",
                    "virtual_size": 172,
                    "md5": "be3468ddef18e2bccf930be2670245f7"
                },
                {
                    "name": ".rsrc",
                    "chi2": 9299.0,
                    "virtual_address": 86016,
                    "entropy": 4.7,
                    "raw_size": 512,
                    "flags": "r",
                    "virtual_size": 480,
                    "md5": "d1b97645795a058db19c32388b97fab2"
                },
                {
                    "name": ".reloc",
                    "chi2": 34511.12,
                    "virtual_address": 90112,
                    "entropy": 6.21,
                    "raw_size": 4096,
                    "flags": "r",
                    "virtual_size": 3628,
                    "md5": "244aeadeca810c11adb22624dee82627"
                }
            ],
            "compiler_product_versions": [
                "[IMP] VS2008 SP1 build 30729 count=7",
                "[---] Unmarked objects count=104",
                "[LT+] VS2015 Update 3 [14.0] build 24210 count=1",
                "[RES] VS2015 UPD3 build 24210 count=1",
                "[LNK] VS2015 Update 3 [14.0] build 24210 count=1",
                "id: 0xf1, version: 40116 count=9",
                "id: 0xf3, version: 40116 count=120",
                "id: 0xf2, version: 40116 count=24",
                "id: 0x103, version: 24123 count=17",
                "id: 0x105, version: 24123 count=29",
                "id: 0x104, version: 24123 count=17"
            ],
            "rich_pe_header_hash": "1cd926c561376797aec4179db435f2fd",
            "import_list": [
                {
                    "library_name": "KERNEL32.dll",
                    "imported_functions": [
                        "CloseHandle",
                        "CreateEventA",
                        "CreateFileW",
                        "CreateThread",
                        "CreateWaitableTimerA",
                        "DecodePointer",
                        "DeleteCriticalSection",
                        "EnterCriticalSection",
                        "ExitProcess",
                        "ExitThread",
                        "FindClose",
                        "FindFirstFileExW",
                        "FindNextFileW",
                        "FlushFileBuffers",
                        "FreeEnvironmentStringsW",
                        "FreeLibrary",
                        "GetACP",
                        "GetCommandLineA",
                        "GetCommandLineW",
                        "GetConsoleCP",
                        "GetConsoleMode",
                        "GetCPInfo",
                        "GetCurrentProcess",
                        "GetCurrentProcessId",
                        "GetCurrentThread",
                        "GetCurrentThreadId",
                        "GetEnvironmentStringsW",
                        "GetExitCodeThread",
                        "GetFileType",
                        "GetLastError",
                        "GetModuleFileNameW",
                        "GetModuleHandleExW",
                        "GetModuleHandleW",
                        "GetOEMCP",
                        "GetProcAddress",
                        "GetProcessHeap",
                        "GetStartupInfoW",
                        "GetStdHandle",
                        "GetStringTypeW",
                        "GetSystemTimeAsFileTime",
                        "HeapAlloc",
                        "HeapFree",
                        "HeapReAlloc",
                        "HeapSize",
                        "InitializeCriticalSectionAndSpinCount",
                        "InitializeSListHead",
                        "IsDebuggerPresent",
                        "IsProcessorFeaturePresent",
                        "IsValidCodePage",
                        "LCMapStringW",
                        "LeaveCriticalSection",
                        "LoadLibraryExW",
                        "LoadLibraryW",
                        "LocalFileTimeToFileTime",
                        "LocalFree",
                        "MultiByteToWideChar",
                        "QueryPerformanceCounter",
                        "RaiseException",
                        "RtlUnwind",
                        "SetCurrentDirectoryW",
                        "SetEvent",
                        "SetFilePointerEx",
                        "SetLastError",
                        "SetPriorityClass",
                        "SetStdHandle",
                        "SetThreadPriority",
                        "SetUnhandledExceptionFilter",
                        "SetWaitableTimer",
                        "Sleep",
                        "SystemTimeToFileTime",
                        "TerminateProcess",
                        "TlsAlloc",
                        "TlsFree",
                        "TlsGetValue",
                        "TlsSetValue",
                        "UnhandledExceptionFilter",
                        "WaitForMultipleObjects",
                        "WaitForSingleObject",
                        "WideCharToMultiByte",
                        "WriteConsoleW",
                        "WriteFile"
                    ]
                },
                {
                    "library_name": "ADVAPI32.dll",
                    "imported_functions": [
                        "RegisterServiceCtrlHandlerA",
                        "SetServiceStatus",
                        "StartServiceCtrlDispatcherA"
                    ]
                },
                {
                    "library_name": "SHELL32.dll",
                    "imported_functions": [
                        "CommandLineToArgvW"
                    ]
                }
            ]
        },
        "crowdsourced_yara_results": [
            {
                "description": "Detects Industroyer related malware",
                "author": "Florian Roth (Nextron Systems)",
                "ruleset_name": "apt_industroyer",
                "rule_name": "Industroyer_Malware_4",
                "ruleset_id": "00077eb4ac",
                "match_in_subfile": true,
                "source": "https://github.com/Neo23x0/signature-base"
            },
            {
                "ruleset_id": "00077eb4ac",
                "rule_name": "Industroyer_Malware_4",
                "ruleset_name": "apt_industroyer",
                "description": "Detects Industroyer related malware",
                "author": "Florian Roth (Nextron Systems)",
                "source": "https://github.com/Neo23x0/signature-base"
            },
            {
                "ruleset_id": "0080315782",
                "rule_name": "win_industroyer_auto",
                "ruleset_name": "win.industroyer_auto",
                "description": "Detects win.industroyer.",
                "author": "Felix Bilstein - yara-signator at cocacoding dot com",
                "source": "https://malpedia.caad.fkie.fraunhofer.de/"
            }
        ],
        "total_votes": {
            "harmless": 0,
            "malicious": 2
        },
        "first_seen_itw_date": 1591881079,
        "popular_threat_classification": {
            "suggested_threat_label": "trojan.industroyer",
            "popular_threat_category": [
                {
                    "count": 35,
                    "value": "trojan"
                }
            ],
            "popular_threat_name": [
                {
                    "count": 29,
                    "value": "industroyer"
                }
            ]
        },
        "magic": "PE32 executable (GUI) Intel 80386, for MS Windows",
        "md5": "f9005f8e9d9b854491eb2fbbd06a16e0",
        "type_extension": "exe",
        "last_analysis_stats": {
            "malicious": 58,
            "suspicious": 0,
            "undetected": 14,
            "harmless": 0,
            "timeout": 0,
            "confirmed-timeout": 0,
            "failure": 0,
            "type-unsupported": 4
        },
        "ssdeep": "1536:1730kyqC5KnUjdA6j/WZW9UaBECv6lQJnCsW1wnLcd2AhNs6Qaw:dnUjKm+49UaCCkwvna2AhNsNT",
        "last_submission_date": 1711016556,
        "last_modification_date": 1712081075,
        "sha1": "79ca89711cdaedb16b0ccccfdcfbd6aa7e57120a",
        "meaningful_name": "21c1fdd6cfd8ec3ffe3e922f944424b543643dbdab99fa731556f8805b0d5561.exe"
    },
    "id": "21c1fdd6cfd8ec3ffe3e922f944424b543643dbdab99fa731556f8805b0d5561"
}