{
    "SourceFile": "C:/Users/ricewater/Documents/MITREandCrowdstrikeApr2024Samples/21c1fdd6cfd8ec3ffe3e922f944424b543643dbdab99fa731556f8805b0d5561/21c1fdd6cfd8ec3ffe3e922f944424b543643dbdab99fa731556f8805b0d5561",
    "ExifToolVersion": 12.4,
    "FileName": "21c1fdd6cfd8ec3ffe3e922f944424b543643dbdab99fa731556f8805b0d5561",
    "Directory": "C:/Users/ricewater/Documents/MITREandCrowdstrikeApr2024Samples/21c1fdd6cfd8ec3ffe3e922f944424b543643dbdab99fa731556f8805b0d5561",
    "FileSize": "72 KiB",
    "FileModifyDate": "2024:04:02 20:53:59+02:00",
    "FileAccessDate": "2024:04:04 06:48:00+02:00",
    "FileCreateDate": "2024:04:03 17:50:59+02:00",
    "FilePermissions": "-rw-rw-rw-",
    "FileType": "Win32 EXE",
    "FileTypeExtension": "exe",
    "MIMEType": "application/octet-stream",
    "MachineType": "Intel 386 or later, and compatibles",
    "TimeStamp": "0000:00:00 00:00:00",
    "ImageFileCharacteristics": "Executable, 32-bit",
    "PEType": "PE32",
    "LinkerVersion": 14.0,
    "CodeSize": 43008,
    "InitializedDataSize": 33280,
    "UninitializedDataSize": 0,
    "EntryPoint": "0x15cf",
    "OSVersion": 5.1,
    "ImageVersion": 0.0,
    "SubsystemVersion": 5.1,
    "Subsystem": "Windows GUI"
}