{"analysis": {"enable_decoded_strings": false, "enable_stack_strings": false, "enable_static_strings": true, "enable_tight_strings": false, "functions": {"analyzed_decoded_strings": 0, "analyzed_stack_strings": 0, "analyzed_tight_strings": 0, "decoding_function_scores": {}, "discovered": 0, "library": 0}}, "metadata": {"file_path": "C:\\Users\\ricewater\\Documents\\MITREandCrowdstrikeApr2024Samples\\21c1fdd6cfd8ec3ffe3e922f944424b543643dbdab99fa731556f8805b0d5561\\21c1fdd6cfd8ec3ffe3e922f944424b543643dbdab99fa731556f8805b0d5561", "imagebase": 0, "min_length": 7, "runtime": {"decoded_strings": 0.0, "find_features": 0.0, "stack_strings": 0.0, "start_date": "2024-04-04T06:48:00.235456Z", "static_strings": 0.0156, "tight_strings": 0.0, "total": 0.0156, "vivisect": 0.0}, "version": "v2.2.0-0-g783dd8f"}, "strings": {"decoded_strings": [], "stack_strings": [], "static_strings": [{"encoding": "ASCII", "offset": 77, "string": "!This program cannot be run in DOS mode."}, {"encoding": "ASCII", "offset": 535, "string": "`.rdata"}, {"encoding": "ASCII", "offset": 695, "string": "@.reloc"}, {"encoding": "ASCII", "offset": 1153, "string": "D$DVWh "}, {"encoding": "ASCII", "offset": 5615, "string": "URPQQhp\"@"}, {"encoding": "ASCII", "offset": 7177, "string": "UQPXY]Y["}, {"encoding": "ASCII", "offset": 8236, "string": "j\"^f91j\\^u8"}, {"encoding": "ASCII", "offset": 8607, "string": "t/j=[f;"}, {"encoding": "ASCII", "offset": 15093, "string": "VWj\\^j:"}, {"encoding": "ASCII", "offset": 19300, "string": "QQSWj0j@"}, {"encoding": "ASCII", "offset": 19705, "string": "xg;5P2A"}, {"encoding": "ASCII", "offset": 26774, "string": "PPPPPPPP"}, {"encoding": "ASCII", "offset": 27090, "string": "PPPPPWS"}, {"encoding": "ASCII", "offset": 27306, "string": "PP9E u:PPVWP"}, {"encoding": "ASCII", "offset": 29154, "string": "x7;5P2A"}, {"encoding": "ASCII", "offset": 35732, "string": "x7;5P2A"}, {"encoding": "ASCII", "offset": 44656, "string": "FlsAlloc"}, {"encoding": "ASCII", "offset": 44676, "string": "FlsFree"}, {"encoding": "ASCII", "offset": 44684, "string": "FlsGetValue"}, {"encoding": "ASCII", "offset": 44704, "string": "FlsSetValue"}, {"encoding": "ASCII", "offset": 44724, "string": "InitializeCriticalSectionEx"}, {"encoding": "ASCII", "offset": 45152, "string": "__based("}, {"encoding": "ASCII", "offset": 45164, "string": "__cdecl"}, {"encoding": "ASCII", "offset": 45172, "string": "__pascal"}, {"encoding": "ASCII", "offset": 45184, "string": "__stdcall"}, {"encoding": "ASCII", "offset": 45196, "string": "__thiscall"}, {"encoding": "ASCII", "offset": 45208, "string": "__fastcall"}, {"encoding": "ASCII", "offset": 45220, "string": "__vectorcall"}, {"encoding": "ASCII", "offset": 45236, "string": "__clrcall"}, {"encoding": "ASCII", "offset": 45256, "string": "__ptr64"}, {"encoding": "ASCII", "offset": 45264, "string": "__restrict"}, {"encoding": "ASCII", "offset": 45276, "string": "__unaligned"}, {"encoding": "ASCII", "offset": 45288, "string": "restrict("}, {"encoding": "ASCII", "offset": 45308, "string": " delete"}, {"encoding": "ASCII", "offset": 45344, "string": "operator"}, {"encoding": "ASCII", "offset": 45480, "string": "`vftable'"}, {"encoding": "ASCII", "offset": 45492, "string": "`vbtable'"}, {"encoding": "ASCII", "offset": 45504, "string": "`vcall'"}, {"encoding": "ASCII", "offset": 45512, "string": "`typeof'"}, {"encoding": "ASCII", "offset": 45524, "string": "`local static guard'"}, {"encoding": "ASCII", "offset": 45548, "string": "`string'"}, {"encoding": "ASCII", "offset": 45560, "string": "`vbase destructor'"}, {"encoding": "ASCII", "offset": 45580, "string": "`vector deleting destructor'"}, {"encoding": "ASCII", "offset": 45612, "string": "`default constructor closure'"}, {"encoding": "ASCII", "offset": 45644, "string": "`scalar deleting destructor'"}, {"encoding": "ASCII", "offset": 45676, "string": "`vector constructor iterator'"}, {"encoding": "ASCII", "offset": 45708, "string": "`vector destructor iterator'"}, {"encoding": "ASCII", "offset": 45740, "string": "`vector vbase constructor iterator'"}, {"encoding": "ASCII", "offset": 45776, "string": "`virtual displacement map'"}, {"encoding": "ASCII", "offset": 45804, "string": "`eh vector constructor iterator'"}, {"encoding": "ASCII", "offset": 45840, "string": "`eh vector destructor iterator'"}, {"encoding": "ASCII", "offset": 45872, "string": "`eh vector vbase constructor iterator'"}, {"encoding": "ASCII", "offset": 45912, "string": "`copy constructor closure'"}, {"encoding": "ASCII", "offset": 45940, "string": "`udt returning'"}, {"encoding": "ASCII", "offset": 45968, "string": "`local vftable'"}, {"encoding": "ASCII", "offset": 45984, "string": "`local vftable constructor closure'"}, {"encoding": "ASCII", "offset": 46028, "string": " delete[]"}, {"encoding": "ASCII", "offset": 46040, "string": "`omni callsig'"}, {"encoding": "ASCII", "offset": 46056, "string": "`placement delete closure'"}, {"encoding": "ASCII", "offset": 46084, "string": "`placement delete[] closure'"}, {"encoding": "ASCII", "offset": 46116, "string": "`managed vector constructor iterator'"}, {"encoding": "ASCII", "offset": 46156, "string": "`managed vector destructor iterator'"}, {"encoding": "ASCII", "offset": 46196, "string": "`eh vector copy constructor iterator'"}, {"encoding": "ASCII", "offset": 46236, "string": "`eh vector vbase copy constructor iterator'"}, {"encoding": "ASCII", "offset": 46280, "string": "`dynamic initializer for '"}, {"encoding": "ASCII", "offset": 46308, "string": "`dynamic atexit destructor for '"}, {"encoding": "ASCII", "offset": 46344, "string": "`vector copy constructor iterator'"}, {"encoding": "ASCII", "offset": 46380, "string": "`vector vbase copy constructor iterator'"}, {"encoding": "ASCII", "offset": 46424, "string": "`managed vector copy constructor iterator'"}, {"encoding": "ASCII", "offset": 46468, "string": "`local static thread guard'"}, {"encoding": "ASCII", "offset": 46496, "string": "operator \"\" "}, {"encoding": "ASCII", "offset": 46512, "string": " Type Descriptor'"}, {"encoding": "ASCII", "offset": 46532, "string": " Base Class Descriptor at ("}, {"encoding": "ASCII", "offset": 46560, "string": " Base Class Array'"}, {"encoding": "ASCII", "offset": 46580, "string": " Class Hierarchy Descriptor'"}, {"encoding": "ASCII", "offset": 46612, "string": " Complete Object Locator'"}, {"encoding": "ASCII", "offset": 46820, "string": "CorExitProcess"}, {"encoding": "ASCII", "offset": 48608, "string": "GetCurrentPackageId"}, {"encoding": "ASCII", "offset": 48644, "string": "LCMapStringEx"}, {"encoding": "ASCII", "offset": 48668, "string": "LocaleNameToLCID"}, {"encoding": "ASCII", "offset": 49616, "string": " !\"#$%&'()*+,-./0123456789:;<=>?@abcdefghijklmnopqrstuvwxyz[\\]^_`abcdefghijklmnopqrstuvwxyz{|}~"}, {"encoding": "ASCII", "offset": 50000, "string": " !\"#$%&'()*+,-./0123456789:;<=>?@ABCDEFGHIJKLMNOPQRSTUVWXYZ[\\]^_`ABCDEFGHIJKLMNOPQRSTUVWXYZ{|}~"}, {"encoding": "ASCII", "offset": 50268, "string": "Tuesday"}, {"encoding": "ASCII", "offset": 50276, "string": "Wednesday"}, {"encoding": "ASCII", "offset": 50288, "string": "Thursday"}, {"encoding": "ASCII", "offset": 50308, "string": "Saturday"}, {"encoding": "ASCII", "offset": 50368, "string": "January"}, {"encoding": "ASCII", "offset": 50376, "string": "February"}, {"encoding": "ASCII", "offset": 50428, "string": "September"}, {"encoding": "ASCII", "offset": 50440, "string": "October"}, {"encoding": "ASCII", "offset": 50448, "string": "November"}, {"encoding": "ASCII", "offset": 50460, "string": "December"}, {"encoding": "ASCII", "offset": 50480, "string": "MM/dd/yy"}, {"encoding": "ASCII", "offset": 50492, "string": "dddd, MMMM dd, yyyy"}, {"encoding": "ASCII", "offset": 50512, "string": "HH:mm:ss"}, {"encoding": "ASCII", "offset": 62664, "string": "_nextafter"}, {"encoding": "ASCII", "offset": 62980, "string": "defragsvc"}, {"encoding": "ASCII", "offset": 63176, "string": ".text$mn"}, {"encoding": "ASCII", "offset": 63196, "string": ".idata$5"}, {"encoding": "ASCII", "offset": 63232, "string": ".CRT$XCA"}, {"encoding": "ASCII", "offset": 63252, "string": ".CRT$XCAA"}, {"encoding": "ASCII", "offset": 63272, "string": ".CRT$XCZ"}, {"encoding": "ASCII", "offset": 63292, "string": ".CRT$XIA"}, {"encoding": "ASCII", "offset": 63312, "string": ".CRT$XIAA"}, {"encoding": "ASCII", "offset": 63332, "string": ".CRT$XIAC"}, {"encoding": "ASCII", "offset": 63352, "string": ".CRT$XIC"}, {"encoding": "ASCII", "offset": 63372, "string": ".CRT$XIZ"}, {"encoding": "ASCII", "offset": 63392, "string": ".CRT$XPA"}, {"encoding": "ASCII", "offset": 63412, "string": ".CRT$XPX"}, {"encoding": "ASCII", "offset": 63432, "string": ".CRT$XPXA"}, {"encoding": "ASCII", "offset": 63452, "string": ".CRT$XPZ"}, {"encoding": "ASCII", "offset": 63472, "string": ".CRT$XTA"}, {"encoding": "ASCII", "offset": 63492, "string": ".CRT$XTZ"}, {"encoding": "ASCII", "offset": 63528, "string": ".rdata$sxdata"}, {"encoding": "ASCII", "offset": 63552, "string": ".rdata$zzzdbg"}, {"encoding": "ASCII", "offset": 63576, "string": ".rtc$IAA"}, {"encoding": "ASCII", "offset": 63596, "string": ".rtc$IZZ"}, {"encoding": "ASCII", "offset": 63616, "string": ".rtc$TAA"}, {"encoding": "ASCII", "offset": 63636, "string": ".rtc$TZZ"}, {"encoding": "ASCII", "offset": 63656, "string": ".xdata$x"}, {"encoding": "ASCII", "offset": 63676, "string": ".idata$2"}, {"encoding": "ASCII", "offset": 63696, "string": ".idata$3"}, {"encoding": "ASCII", "offset": 63716, "string": ".idata$4"}, {"encoding": "ASCII", "offset": 63736, "string": ".idata$6"}, {"encoding": "ASCII", "offset": 63788, "string": ".gfids$x"}, {"encoding": "ASCII", "offset": 63808, "string": ".gfids$y"}, {"encoding": "ASCII", "offset": 63828, "string": ".rsrc$01"}, {"encoding": "ASCII", "offset": 63848, "string": ".rsrc$02"}, {"encoding": "ASCII", "offset": 65190, "string": "SetWaitableTimer"}, {"encoding": "ASCII", "offset": 65210, "string": "SetPriorityClass"}, {"encoding": "ASCII", "offset": 65230, "string": "GetCommandLineW"}, {"encoding": "ASCII", "offset": 65248, "string": "GetCurrentProcess"}, {"encoding": "ASCII", "offset": 65268, "string": "WaitForMultipleObjects"}, {"encoding": "ASCII", "offset": 65294, "string": "SetThreadPriority"}, {"encoding": "ASCII", "offset": 65314, "string": "WaitForSingleObject"}, {"encoding": "ASCII", "offset": 65336, "string": "ExitThread"}, {"encoding": "ASCII", "offset": 65350, "string": "GetExitCodeThread"}, {"encoding": "ASCII", "offset": 65378, "string": "LocalFileTimeToFileTime"}, {"encoding": "ASCII", "offset": 65404, "string": "GetLastError"}, {"encoding": "ASCII", "offset": 65420, "string": "SetEvent"}, {"encoding": "ASCII", "offset": 65432, "string": "GetCurrentThread"}, {"encoding": "ASCII", "offset": 65452, "string": "LoadLibraryW"}, {"encoding": "ASCII", "offset": 65468, "string": "CreateThread"}, {"encoding": "ASCII", "offset": 65484, "string": "CreateWaitableTimerA"}, {"encoding": "ASCII", "offset": 65508, "string": "SetCurrentDirectoryW"}, {"encoding": "ASCII", "offset": 65532, "string": "GetProcAddress"}, {"encoding": "ASCII", "offset": 65550, "string": "LocalFree"}, {"encoding": "ASCII", "offset": 65562, "string": "SystemTimeToFileTime"}, {"encoding": "ASCII", "offset": 65586, "string": "FreeLibrary"}, {"encoding": "ASCII", "offset": 65600, "string": "CreateEventA"}, {"encoding": "ASCII", "offset": 65616, "string": "SetUnhandledExceptionFilter"}, {"encoding": "ASCII", "offset": 65644, "string": "KERNEL32.dll"}, {"encoding": "ASCII", "offset": 65660, "string": "RegisterServiceCtrlHandlerA"}, {"encoding": "ASCII", "offset": 65690, "string": "SetServiceStatus"}, {"encoding": "ASCII", "offset": 65710, "string": "StartServiceCtrlDispatcherA"}, {"encoding": "ASCII", "offset": 65738, "string": "ADVAPI32.dll"}, {"encoding": "ASCII", "offset": 65754, "string": "CommandLineToArgvW"}, {"encoding": "ASCII", "offset": 65774, "string": "SHELL32.dll"}, {"encoding": "ASCII", "offset": 65788, "string": "UnhandledExceptionFilter"}, {"encoding": "ASCII", "offset": 65816, "string": "TerminateProcess"}, {"encoding": "ASCII", "offset": 65836, "string": "IsProcessorFeaturePresent"}, {"encoding": "ASCII", "offset": 65864, "string": "QueryPerformanceCounter"}, {"encoding": "ASCII", "offset": 65890, "string": "GetCurrentProcessId"}, {"encoding": "ASCII", "offset": 65912, "string": "GetCurrentThreadId"}, {"encoding": "ASCII", "offset": 65934, "string": "GetSystemTimeAsFileTime"}, {"encoding": "ASCII", "offset": 65960, "string": "InitializeSListHead"}, {"encoding": "ASCII", "offset": 65982, "string": "IsDebuggerPresent"}, {"encoding": "ASCII", "offset": 66002, "string": "GetStartupInfoW"}, {"encoding": "ASCII", "offset": 66020, "string": "GetModuleHandleW"}, {"encoding": "ASCII", "offset": 66040, "string": "RtlUnwind"}, {"encoding": "ASCII", "offset": 66052, "string": "SetLastError"}, {"encoding": "ASCII", "offset": 66068, "string": "EnterCriticalSection"}, {"encoding": "ASCII", "offset": 66092, "string": "LeaveCriticalSection"}, {"encoding": "ASCII", "offset": 66116, "string": "DeleteCriticalSection"}, {"encoding": "ASCII", "offset": 66140, "string": "InitializeCriticalSectionAndSpinCount"}, {"encoding": "ASCII", "offset": 66180, "string": "TlsAlloc"}, {"encoding": "ASCII", "offset": 66192, "string": "TlsGetValue"}, {"encoding": "ASCII", "offset": 66206, "string": "TlsSetValue"}, {"encoding": "ASCII", "offset": 66220, "string": "TlsFree"}, {"encoding": "ASCII", "offset": 66230, "string": "LoadLibraryExW"}, {"encoding": "ASCII", "offset": 66248, "string": "GetStdHandle"}, {"encoding": "ASCII", "offset": 66264, "string": "WriteFile"}, {"encoding": "ASCII", "offset": 66276, "string": "GetModuleFileNameW"}, {"encoding": "ASCII", "offset": 66298, "string": "MultiByteToWideChar"}, {"encoding": "ASCII", "offset": 66320, "string": "WideCharToMultiByte"}, {"encoding": "ASCII", "offset": 66342, "string": "ExitProcess"}, {"encoding": "ASCII", "offset": 66356, "string": "GetModuleHandleExW"}, {"encoding": "ASCII", "offset": 66388, "string": "HeapFree"}, {"encoding": "ASCII", "offset": 66400, "string": "HeapAlloc"}, {"encoding": "ASCII", "offset": 66412, "string": "CloseHandle"}, {"encoding": "ASCII", "offset": 66426, "string": "FindClose"}, {"encoding": "ASCII", "offset": 66438, "string": "FindFirstFileExW"}, {"encoding": "ASCII", "offset": 66458, "string": "FindNextFileW"}, {"encoding": "ASCII", "offset": 66474, "string": "IsValidCodePage"}, {"encoding": "ASCII", "offset": 66492, "string": "GetOEMCP"}, {"encoding": "ASCII", "offset": 66504, "string": "GetCPInfo"}, {"encoding": "ASCII", "offset": 66516, "string": "GetCommandLineA"}, {"encoding": "ASCII", "offset": 66534, "string": "GetEnvironmentStringsW"}, {"encoding": "ASCII", "offset": 66560, "string": "FreeEnvironmentStringsW"}, {"encoding": "ASCII", "offset": 66586, "string": "LCMapStringW"}, {"encoding": "ASCII", "offset": 66602, "string": "SetStdHandle"}, {"encoding": "ASCII", "offset": 66618, "string": "GetFileType"}, {"encoding": "ASCII", "offset": 66632, "string": "GetStringTypeW"}, {"encoding": "ASCII", "offset": 66650, "string": "GetProcessHeap"}, {"encoding": "ASCII", "offset": 66668, "string": "HeapSize"}, {"encoding": "ASCII", "offset": 66680, "string": "HeapReAlloc"}, {"encoding": "ASCII", "offset": 66694, "string": "FlushFileBuffers"}, {"encoding": "ASCII", "offset": 66714, "string": "GetConsoleCP"}, {"encoding": "ASCII", "offset": 66730, "string": "GetConsoleMode"}, {"encoding": "ASCII", "offset": 66748, "string": "SetFilePointerEx"}, {"encoding": "ASCII", "offset": 66768, "string": "WriteConsoleW"}, {"encoding": "ASCII", "offset": 66784, "string": "DecodePointer"}, {"encoding": "ASCII", "offset": 66800, "string": "CreateFileW"}, {"encoding": "ASCII", "offset": 66814, "string": "RaiseException"}, {"encoding": "ASCII", "offset": 67498, "string": "                          "}, {"encoding": "ASCII", "offset": 67729, "string": "abcdefghijklmnopqrstuvwxyz"}, {"encoding": "ASCII", "offset": 67761, "string": "ABCDEFGHIJKLMNOPQRSTUVWXYZ"}, {"encoding": "ASCII", "offset": 68042, "string": "                          "}, {"encoding": "ASCII", "offset": 68266, "string": "abcdefghijklmnopqrstuvwxyz"}, {"encoding": "ASCII", "offset": 68298, "string": "ABCDEFGHIJKLMNOPQRSTUVWXYZ"}, {"encoding": "ASCII", "offset": 69728, "string": "<?xml version='1.0' encoding='UTF-8' standalone='yes'?>"}, {"encoding": "ASCII", "offset": 69785, "string": "<assembly xmlns='urn:schemas-microsoft-com:asm.v1' manifestVersion='1.0'>"}, {"encoding": "ASCII", "offset": 69860, "string": "  <trustInfo xmlns=\"urn:schemas-microsoft-com:asm.v3\">"}, {"encoding": "ASCII", "offset": 69916, "string": "    <security>"}, {"encoding": "ASCII", "offset": 69932, "string": "      <requestedPrivileges>"}, {"encoding": "ASCII", "offset": 69961, "string": "        <requestedExecutionLevel level='asInvoker' uiAccess='false' />"}, {"encoding": "ASCII", "offset": 70033, "string": "      </requestedPrivileges>"}, {"encoding": "ASCII", "offset": 70063, "string": "    </security>"}, {"encoding": "ASCII", "offset": 70080, "string": "  </trustInfo>"}, {"encoding": "ASCII", "offset": 70096, "string": "</assembly>"}, {"encoding": "ASCII", "offset": 70155, "string": "0\"0)01070B0G0M0V0]0z0"}, {"encoding": "ASCII", "offset": 70191, "string": "1*111E1_1l1w1"}, {"encoding": "ASCII", "offset": 70233, "string": "2(2/242<2B2L2V2`2j2t2~2"}, {"encoding": "ASCII", "offset": 70283, "string": "3!3*303W3f3n3"}, {"encoding": "ASCII", "offset": 70331, "string": "6!6'6-63696@6G6N6U6\\6c6j6r6z6"}, {"encoding": "ASCII", "offset": 70395, "string": "8\"8H8]8d8j8|8"}, {"encoding": "ASCII", "offset": 70415, "string": "9 999s9"}, {"encoding": "ASCII", "offset": 70439, "string": ":<:B:h:q:w:"}, {"encoding": "ASCII", "offset": 70451, "string": ":S;r;|;"}, {"encoding": "ASCII", "offset": 70467, "string": "<\"<'<M<R<w<"}, {"encoding": "ASCII", "offset": 70501, "string": ">@>I>V>a>j>y>"}, {"encoding": "ASCII", "offset": 70545, "string": "3I3[3e3s3"}, {"encoding": "ASCII", "offset": 70571, "string": "4*4>4J4"}, {"encoding": "ASCII", "offset": 70593, "string": "5$5F5V5[5`5"}, {"encoding": "ASCII", "offset": 70627, "string": "6A6I6N6^6h6"}, {"encoding": "ASCII", "offset": 70685, "string": "9$:]:g:m:s:"}, {"encoding": "ASCII", "offset": 70699, "string": ": ;+;1=_=d="}, {"encoding": "ASCII", "offset": 70717, "string": "?#?(?2?7?B?M?_?h?"}, {"encoding": "ASCII", "offset": 70749, "string": "0!0K0^0z0"}, {"encoding": "ASCII", "offset": 70771, "string": "1\"1'13181I1"}, {"encoding": "ASCII", "offset": 70791, "string": "2/272A2J2[2m2"}, {"encoding": "ASCII", "offset": 70813, "string": "2C3P3[3e3k3"}, {"encoding": "ASCII", "offset": 70831, "string": "494B4J4"}, {"encoding": "ASCII", "offset": 70863, "string": "7/848A8M8f8y8"}, {"encoding": "ASCII", "offset": 70899, "string": "9T9Y9f9k9"}, {"encoding": "ASCII", "offset": 70911, "string": "9$:*:<:z:"}, {"encoding": "ASCII", "offset": 70925, "string": "; ;X;a;i;"}, {"encoding": "ASCII", "offset": 70953, "string": "?5?<?q?"}, {"encoding": "ASCII", "offset": 70980, "string": "\t0#0,090C0e0v0"}, {"encoding": "ASCII", "offset": 71007, "string": "2!2,2~2"}, {"encoding": "ASCII", "offset": 71019, "string": "474J4t4"}, {"encoding": "ASCII", "offset": 71031, "string": "7F8r8{9"}, {"encoding": "ASCII", "offset": 71043, "string": ":(:D:b:l:}:"}, {"encoding": "ASCII", "offset": 71085, "string": "=#>D>I>T>h>s>"}, {"encoding": "ASCII", "offset": 71143, "string": "2)2B2o2v2"}, {"encoding": "ASCII", "offset": 71169, "string": "3&3=3E3l3"}, {"encoding": "ASCII", "offset": 71199, "string": "484C4H4M4h4r4"}, {"encoding": "ASCII", "offset": 71233, "string": "5!5=5H5M5R5s5"}, {"encoding": "ASCII", "offset": 71259, "string": "6'62676<6Z6}6"}, {"encoding": "ASCII", "offset": 71291, "string": "767H7T7"}, {"encoding": "ASCII", "offset": 71301, "string": "8Q8`8n8"}, {"encoding": "ASCII", "offset": 71333, "string": "9.:^:y:"}, {"encoding": "ASCII", "offset": 71355, "string": "<#<5<G<Y<k<}<"}, {"encoding": "ASCII", "offset": 71383, "string": "=.=@=R="}, {"encoding": "ASCII", "offset": 71433, "string": "4 4/4S4"}, {"encoding": "ASCII", "offset": 71449, "string": "5/5S5n5y5"}, {"encoding": "ASCII", "offset": 71463, "string": "5K6R6Y6`6m6"}, {"encoding": "ASCII", "offset": 71485, "string": "70898Q8c8"}, {"encoding": "ASCII", "offset": 71523, "string": "?)?9?N?e?"}, {"encoding": "ASCII", "offset": 71591, "string": "7%8V8\\8"}, {"encoding": "ASCII", "offset": 71627, "string": "<.<5<K<a<n<s<"}, {"encoding": "ASCII", "offset": 71643, "string": "=:=O=`="}, {"encoding": "ASCII", "offset": 71653, "string": "=<>X>w>"}, {"encoding": "ASCII", "offset": 71733, "string": "5\"6,6z6"}, {"encoding": "ASCII", "offset": 71777, "string": "9?:(;7;V;n;"}, {"encoding": "ASCII", "offset": 71815, "string": "=*=2=O=_=k=z=~>"}, {"encoding": "ASCII", "offset": 71833, "string": ">(?E?Y?d?"}, {"encoding": "ASCII", "offset": 71863, "string": "1K2L3\\3m3u3"}, {"encoding": "ASCII", "offset": 71929, "string": "8E8O8j8"}, {"encoding": "ASCII", "offset": 71959, "string": "<<=W=m="}, {"encoding": "ASCII", "offset": 72031, "string": ";&<k<p<t<x<|<"}, {"encoding": "ASCII", "offset": 72063, "string": "012h2o2t2x2|2"}, {"encoding": "ASCII", "offset": 72081, "string": "3 3$3(3,3"}, {"encoding": "ASCII", "offset": 72100, "string": "`1h1t1x1|1"}, {"encoding": "ASCII", "offset": 72171, "string": "3 3$3(3,3034383<3@3D3H3L3P3T3X3\\3`3d3h3l3p3t3x3|3"}, {"encoding": "ASCII", "offset": 72299, "string": "4 4$4(4,4044484<4@4D4H4L4P4T4X4\\4"}, {"encoding": "ASCII", "offset": 72347, "string": "; ;$;,;0;4;8;<;@;D;H;T;\\;`;d;h;l;"}, {"encoding": "ASCII", "offset": 72391, "string": "= =$=(=,=0=4=8=<=@=D=H=L=P=T=X=\\=`=d="}, {"encoding": "ASCII", "offset": 72507, "string": "< <$<(<,<0<4<8<D<H<L<P<T<X<\\<`<d<h<l<p<t<x<|<"}, {"encoding": "ASCII", "offset": 72617, "string": "=$=,=4=<=D=L=T=\\=d=l=t=|="}, {"encoding": "ASCII", "offset": 72681, "string": ">$>,>4><>D>L>T>\\>d>l>t>|>"}, {"encoding": "ASCII", "offset": 72745, "string": "?$?,?4?<?D?L?T?\\?d?l?t?|?"}, {"encoding": "ASCII", "offset": 72819, "string": "0$0,040<0D0L0T0\\0d0l0t0|0"}, {"encoding": "ASCII", "offset": 72883, "string": "1$1,141<1D1L1T1\\1d1l1t1|1"}, {"encoding": "ASCII", "offset": 72947, "string": "2$2,242<2D2L2T2\\2d2l2t2|2"}, {"encoding": "ASCII", "offset": 73011, "string": "3$3,343<3D3L3T3\\3d3l3t3|3"}, {"encoding": "ASCII", "offset": 73075, "string": "4 >(>0>8>@>H>P>X>`>h>p>x>"}, {"encoding": "ASCII", "offset": 73139, "string": "? ?(?0?8?@?H?P?X?`?h?p?x?"}, {"encoding": "ASCII", "offset": 73211, "string": "0 0(00080@0H0P0X0`0h0p0x0"}, {"encoding": "ASCII", "offset": 73275, "string": "1 1(10181@1H1P1X1`1h1p1x1"}, {"encoding": "ASCII", "offset": 73339, "string": "2 2(20282@2H2P2X2`2h2p2x2"}, {"encoding": "ASCII", "offset": 73403, "string": "3 3(30383@3H3P3X3`3h3p3x3"}, {"encoding": "ASCII", "offset": 73467, "string": "4 4(40484@4H4P4X4`4h4p4x4"}, {"encoding": "ASCII", "offset": 73531, "string": "5 5(50585:?>?B?F?"}, {"encoding": "ASCII", "offset": 73573, "string": "9$9,949<9D9L9T9\\9d9l9t9|9"}, {"encoding": "ASCII", "offset": 73635, "string": ">(>H>d>h>"}, {"encoding": "ASCII", "offset": 73653, "string": "?(?H?h?"}, {"encoding": "ASCII", "offset": 73679, "string": "0,000P0p0"}, {"encoding": "ASCII", "offset": 73729, "string": "60646H6L6P6T6X6\\6`6d6h6l6x6|6"}, {"encoding": "UTF-16LE", "offset": 44486, "string": "@advapi32"}, {"encoding": "UTF-16LE", "offset": 44508, "string": "api-ms-win-core-fibers-l1-1-1"}, {"encoding": "UTF-16LE", "offset": 44568, "string": "api-ms-win-core-synch-l1-2-0"}, {"encoding": "UTF-16LE", "offset": 44628, "string": "kernel32"}, {"encoding": "UTF-16LE", "offset": 46796, "string": "mscoree.dll"}, {"encoding": "UTF-16LE", "offset": 47462, "string": "@api-ms-win-appmodel-runtime-l1-1-1"}, {"encoding": "UTF-16LE", "offset": 47536, "string": "api-ms-win-core-datetime-l1-1-1"}, {"encoding": "UTF-16LE", "offset": 47600, "string": "api-ms-win-core-file-l2-1-1"}, {"encoding": "UTF-16LE", "offset": 47656, "string": "api-ms-win-core-localization-l1-2-1"}, {"encoding": "UTF-16LE", "offset": 47728, "string": "api-ms-win-core-localization-obsolete-l1-2-0"}, {"encoding": "UTF-16LE", "offset": 47824, "string": "api-ms-win-core-processthreads-l1-1-2"}, {"encoding": "UTF-16LE", "offset": 47900, "string": "api-ms-win-core-string-l1-1-0"}, {"encoding": "UTF-16LE", "offset": 47960, "string": "api-ms-win-core-sysinfo-l1-2-1"}, {"encoding": "UTF-16LE", "offset": 48024, "string": "api-ms-win-core-winrt-l1-1-0"}, {"encoding": "UTF-16LE", "offset": 48084, "string": "api-ms-win-core-xstate-l2-1-0"}, {"encoding": "UTF-16LE", "offset": 48144, "string": "api-ms-win-rtcore-ntuser-window-l1-1-0"}, {"encoding": "UTF-16LE", "offset": 48224, "string": "api-ms-win-security-systemfunctions-l1-1-0"}, {"encoding": "UTF-16LE", "offset": 48312, "string": "ext-ms-win-kernel32-package-current-l1-1-0"}, {"encoding": "UTF-16LE", "offset": 48400, "string": "ext-ms-win-ntuser-dialogbox-l1-1-0"}, {"encoding": "UTF-16LE", "offset": 48472, "string": "ext-ms-win-ntuser-windowstation-l1-1-0"}, {"encoding": "UTF-16LE", "offset": 48944, "string": "         (((((                  H"}, {"encoding": "UTF-16LE", "offset": 50612, "string": "Tuesday"}, {"encoding": "UTF-16LE", "offset": 50628, "string": "Wednesday"}, {"encoding": "UTF-16LE", "offset": 50648, "string": "Thursday"}, {"encoding": "UTF-16LE", "offset": 50684, "string": "Saturday"}, {"encoding": "UTF-16LE", "offset": 50800, "string": "January"}, {"encoding": "UTF-16LE", "offset": 50816, "string": "February"}, {"encoding": "UTF-16LE", "offset": 50900, "string": "September"}, {"encoding": "UTF-16LE", "offset": 50920, "string": "October"}, {"encoding": "UTF-16LE", "offset": 50936, "string": "November"}, {"encoding": "UTF-16LE", "offset": 50956, "string": "December"}, {"encoding": "UTF-16LE", "offset": 50992, "string": "MM/dd/yy"}, {"encoding": "UTF-16LE", "offset": 51012, "string": "dddd, MMMM dd, yyyy"}, {"encoding": "UTF-16LE", "offset": 51052, "string": "HH:mm:ss"}, {"encoding": "UTF-16LE", "offset": 54244, "string": "az-AZ-Latn"}, {"encoding": "UTF-16LE", "offset": 54448, "string": "uz-UZ-Latn"}, {"encoding": "UTF-16LE", "offset": 54824, "string": "sr-SP-Latn"}, {"encoding": "UTF-16LE", "offset": 54860, "string": "az-AZ-Cyrl"}, {"encoding": "UTF-16LE", "offset": 54908, "string": "uz-UZ-Cyrl"}, {"encoding": "UTF-16LE", "offset": 55020, "string": "sr-SP-Cyrl"}, {"encoding": "UTF-16LE", "offset": 55244, "string": "bs-BA-Latn"}, {"encoding": "UTF-16LE", "offset": 55332, "string": "sr-BA-Latn"}, {"encoding": "UTF-16LE", "offset": 55408, "string": "sr-BA-Cyrl"}, {"encoding": "UTF-16LE", "offset": 57868, "string": "az-az-cyrl"}, {"encoding": "UTF-16LE", "offset": 57892, "string": "az-az-latn"}, {"encoding": "UTF-16LE", "offset": 57952, "string": "bs-ba-latn"}, {"encoding": "UTF-16LE", "offset": 59340, "string": "sr-ba-cyrl"}, {"encoding": "UTF-16LE", "offset": 59364, "string": "sr-ba-latn"}, {"encoding": "UTF-16LE", "offset": 59388, "string": "sr-sp-cyrl"}, {"encoding": "UTF-16LE", "offset": 59412, "string": "sr-sp-latn"}, {"encoding": "UTF-16LE", "offset": 59584, "string": "uz-uz-cyrl"}, {"encoding": "UTF-16LE", "offset": 59608, "string": "uz-uz-latn"}, {"encoding": "UTF-16LE", "offset": 60424, "string": "CONOUT$"}, {"encoding": "UTF-16LE", "offset": 62952, "string": "haslo.dat"}], "tight_strings": []}}