{
    "Date of compilation": null,
    "Imphash": "1c08e77883ac80e82e71fbb025f7e738",
    "Optional header": {
        "addressof_entrypoint": 5583,
        "baseof_code": 4096,
        "baseof_data": 49152,
        "checksum": 0,
        "computed_checksum": 81714,
        "dll_characteristics": 33088,
        "dll_characteristics_lists": [
            {
                "DYNAMIC_BASE": 64
            },
            {
                "NX_COMPAT": 256
            },
            {
                "TERMINAL_SERVER_AWARE": 32768
            }
        ],
        "file_alignment": 512,
        "imagebase": 4194304,
        "loader_flags": 0,
        "magic": {
            "PE32": 267
        },
        "major_image_version": 0,
        "major_linker_version": 14,
        "major_operating_system_version": 5,
        "major_subsystem_version": 5,
        "minor_image_version": 0,
        "minor_linker_version": 0,
        "minor_operating_system_version": 1,
        "minor_subsystem_version": 1,
        "numberof_rva_and_size": 16,
        "section_alignment": 4096,
        "sizeof_code": 43008,
        "sizeof_headers": 1024,
        "sizeof_heap_commit": 4096,
        "sizeof_heap_reserve": 1048576,
        "sizeof_image": 94208,
        "sizeof_initialized_data": 33280,
        "sizeof_stack_commit": 4096,
        "sizeof_stack_reserve": 1048576,
        "sizeof_uninitialized_data": 0,
        "subsystem": {
            "WINDOWS_GUI": 2
        },
        "win32_version_value": 0
    },
    "Platform": "EXEfile",
    "CPU type": "MACHINE_TYPES.I386",
    "File type": "Unknown",
    "Entrypoint": 4199887,
    "Number of sections": 6,
    "Sections": [
        {
            "Name": ".text",
            "Virtual address": "0x1000",
            "Virtual size": "42695  bytes",
            "Offset": "0x400",
            "Size": "43008  bytes",
            "Entropy": 6.6393
        },
        {
            "Name": ".rdata",
            "Virtual address": "0xc000",
            "Virtual size": "22798  bytes",
            "Offset": "0xac00",
            "Size": "23040  bytes",
            "Entropy": 4.9322
        },
        {
            "Name": ".data",
            "Virtual address": "0x12000",
            "Virtual size": "4812   bytes",
            "Offset": "0x10600",
            "Size": "2048   bytes",
            "Entropy": 2.0167
        },
        {
            "Name": ".gfids",
            "Virtual address": "0x14000",
            "Virtual size": "172    bytes",
            "Offset": "0x10e00",
            "Size": "512    bytes",
            "Entropy": 3.3099
        },
        {
            "Name": ".rsrc",
            "Virtual address": "0x15000",
            "Virtual size": "480    bytes",
            "Offset": "0x11000",
            "Size": "512    bytes",
            "Entropy": 4.8619
        },
        {
            "Name": ".reloc",
            "Virtual address": "0x16000",
            "Virtual size": "3628   bytes",
            "Offset": "0x11200",
            "Size": "4096   bytes",
            "Entropy": 6.5531
        }
    ],
    "Imported functions": [
        "WaitForMultipleObjects",
        "SetThreadPriority",
        "WaitForSingleObject",
        "ExitThread",
        "GetExitCodeThread",
        "Sleep",
        "LocalFileTimeToFileTime",
        "GetLastError",
        "SetEvent",
        "GetCurrentThread",
        "GetCurrentProcess",
        "CreateThread",
        "CreateWaitableTimerA",
        "SetCurrentDirectoryW",
        "GetProcAddress",
        "LocalFree",
        "SystemTimeToFileTime",
        "FreeLibrary",
        "CreateEventA",
        "SetUnhandledExceptionFilter",
        "GetCommandLineW",
        "SetPriorityClass",
        "LoadLibraryW",
        "SetWaitableTimer",
        "CreateFileW",
        "DecodePointer",
        "UnhandledExceptionFilter",
        "TerminateProcess",
        "IsProcessorFeaturePresent",
        "QueryPerformanceCounter",
        "GetCurrentProcessId",
        "GetCurrentThreadId",
        "GetSystemTimeAsFileTime",
        "InitializeSListHead",
        "IsDebuggerPresent",
        "GetStartupInfoW",
        "GetModuleHandleW",
        "RtlUnwind",
        "SetLastError",
        "EnterCriticalSection",
        "LeaveCriticalSection",
        "DeleteCriticalSection",
        "InitializeCriticalSectionAndSpinCount",
        "TlsAlloc",
        "TlsGetValue",
        "TlsSetValue",
        "TlsFree",
        "LoadLibraryExW",
        "GetStdHandle",
        "WriteFile",
        "GetModuleFileNameW",
        "MultiByteToWideChar",
        "WideCharToMultiByte",
        "ExitProcess",
        "GetModuleHandleExW",
        "GetACP",
        "HeapFree",
        "HeapAlloc",
        "CloseHandle",
        "FindClose",
        "FindFirstFileExW",
        "FindNextFileW",
        "IsValidCodePage",
        "GetOEMCP",
        "GetCPInfo",
        "GetCommandLineA",
        "GetEnvironmentStringsW",
        "FreeEnvironmentStringsW",
        "LCMapStringW",
        "SetStdHandle",
        "GetFileType",
        "GetStringTypeW",
        "GetProcessHeap",
        "HeapSize",
        "HeapReAlloc",
        "FlushFileBuffers",
        "GetConsoleCP",
        "GetConsoleMode",
        "SetFilePointerEx",
        "WriteConsoleW",
        "RaiseException",
        "SetServiceStatus",
        "RegisterServiceCtrlHandlerA",
        "StartServiceCtrlDispatcherA",
        "CommandLineToArgvW"
    ],
    "Exported functions": [],
    "Resources": {
        "Name": "No name",
        "Number of childs": 1,
        "Depth": 0,
        "Type": "Directory",
        "Id": "0x0"
    },
    "Resource manager": {
        "Type": "RESOURCE_TYPES.MANIFEST",
        "Language": "RESOURCE_LANGS.ENGLISH",
        "Sub-language": "RESOURCE_SUBLANGS.ENGLISH_US"
    },
    "Libraries": [
        "KERNEL32.dll",
        "ADVAPI32.dll",
        "SHELL32.dll"
    ],
    "Imports Name": [
        "KERNEL32.dll",
        "ADVAPI32.dll",
        "SHELL32.dll"
    ],
    "Imports Function IAT": [
        "0xc010",
        "0xc014",
        "0xc018",
        "0xc01c",
        "0xc020",
        "0xc024",
        "0xc028",
        "0xc02c",
        "0xc030",
        "0xc034",
        "0xc038",
        "0xc03c",
        "0xc040",
        "0xc044",
        "0xc048",
        "0xc04c",
        "0xc050",
        "0xc054",
        "0xc058",
        "0xc05c",
        "0xc060",
        "0xc064",
        "0xc068",
        "0xc06c",
        "0xc070",
        "0xc074",
        "0xc078",
        "0xc07c",
        "0xc080",
        "0xc084",
        "0xc088",
        "0xc08c",
        "0xc090",
        "0xc094",
        "0xc098",
        "0xc09c",
        "0xc0a0",
        "0xc0a4",
        "0xc0a8",
        "0xc0ac",
        "0xc0b0",
        "0xc0b4",
        "0xc0b8",
        "0xc0bc",
        "0xc0c0",
        "0xc0c4",
        "0xc0c8",
        "0xc0cc",
        "0xc0d0",
        "0xc0d4",
        "0xc0d8",
        "0xc0dc",
        "0xc0e0",
        "0xc0e4",
        "0xc0e8",
        "0xc0ec",
        "0xc0f0",
        "0xc0f4",
        "0xc0f8",
        "0xc0fc",
        "0xc100",
        "0xc104",
        "0xc108",
        "0xc10c",
        "0xc110",
        "0xc114",
        "0xc118",
        "0xc11c",
        "0xc120",
        "0xc124",
        "0xc128",
        "0xc12c",
        "0xc130",
        "0xc134",
        "0xc138",
        "0xc13c",
        "0xc140",
        "0xc144",
        "0xc148",
        "0xc14c",
        "0xc150",
        "0xc000",
        "0xc004",
        "0xc008",
        "0xc158"
    ],
    "Imports Function name": [
        "WaitForMultipleObjects",
        "SetThreadPriority",
        "WaitForSingleObject",
        "ExitThread",
        "GetExitCodeThread",
        "Sleep",
        "LocalFileTimeToFileTime",
        "GetLastError",
        "SetEvent",
        "GetCurrentThread",
        "GetCurrentProcess",
        "CreateThread",
        "CreateWaitableTimerA",
        "SetCurrentDirectoryW",
        "GetProcAddress",
        "LocalFree",
        "SystemTimeToFileTime",
        "FreeLibrary",
        "CreateEventA",
        "SetUnhandledExceptionFilter",
        "GetCommandLineW",
        "SetPriorityClass",
        "LoadLibraryW",
        "SetWaitableTimer",
        "CreateFileW",
        "DecodePointer",
        "UnhandledExceptionFilter",
        "TerminateProcess",
        "IsProcessorFeaturePresent",
        "QueryPerformanceCounter",
        "GetCurrentProcessId",
        "GetCurrentThreadId",
        "GetSystemTimeAsFileTime",
        "InitializeSListHead",
        "IsDebuggerPresent",
        "GetStartupInfoW",
        "GetModuleHandleW",
        "RtlUnwind",
        "SetLastError",
        "EnterCriticalSection",
        "LeaveCriticalSection",
        "DeleteCriticalSection",
        "InitializeCriticalSectionAndSpinCount",
        "TlsAlloc",
        "TlsGetValue",
        "TlsSetValue",
        "TlsFree",
        "LoadLibraryExW",
        "GetStdHandle",
        "WriteFile",
        "GetModuleFileNameW",
        "MultiByteToWideChar",
        "WideCharToMultiByte",
        "ExitProcess",
        "GetModuleHandleExW",
        "GetACP",
        "HeapFree",
        "HeapAlloc",
        "CloseHandle",
        "FindClose",
        "FindFirstFileExW",
        "FindNextFileW",
        "IsValidCodePage",
        "GetOEMCP",
        "GetCPInfo",
        "GetCommandLineA",
        "GetEnvironmentStringsW",
        "FreeEnvironmentStringsW",
        "LCMapStringW",
        "SetStdHandle",
        "GetFileType",
        "GetStringTypeW",
        "GetProcessHeap",
        "HeapSize",
        "HeapReAlloc",
        "FlushFileBuffers",
        "GetConsoleCP",
        "GetConsoleMode",
        "SetFilePointerEx",
        "WriteConsoleW",
        "RaiseException",
        "SetServiceStatus",
        "RegisterServiceCtrlHandlerA",
        "StartServiceCtrlDispatcherA",
        "CommandLineToArgvW"
    ],
    "Configuration": {
        "Version": "WIN_VERSION.WIN_8_1",
        "Characteristics": "0x5c",
        "Timedatestamp": null,
        "Major version": 0,
        "Minor version": 0,
        "Security cookie": "0x412004"
    }
}