{
    "type": "file",
    "attributes": {
        "pe_info": {
            "timestamp": 1516035926,
            "imphash": "b6653f361d98719093966fea97159495",
            "machine_type": 332,
            "entry_point": 5654,
            "resource_details": [
                {
                    "lang": "ENGLISH US",
                    "chi2": 3958.6474609375,
                    "filetype": "ASCII text",
                    "entropy": 4.795973777770996,
                    "sha256": "49a60be4b95b6d30da355a0c124af82b35000bce8f24f957d1c09ead47544a1e",
                    "type": "RT_MANIFEST"
                }
            ],
            "resource_langs": {
                "ENGLISH US": 1
            },
            "resource_types": {
                "RT_MANIFEST": 1
            },
            "sections": [
                {
                    "name": ".text",
                    "chi2": 144439.3,
                    "virtual_address": 4096,
                    "flags": "rx",
                    "raw_size": 18944,
                    "entropy": 6.42,
                    "virtual_size": 18562,
                    "md5": "53cac84a1226e9492b17cdffbb73e08b"
                },
                {
                    "name": ".rdata",
                    "chi2": 455099.72,
                    "virtual_address": 24576,
                    "flags": "r",
                    "raw_size": 9216,
                    "entropy": 4.69,
                    "virtual_size": 8857,
                    "md5": "3a5430186303e2816b2aaf92fdfbf193"
                },
                {
                    "name": ".data",
                    "chi2": 386852.78,
                    "virtual_address": 36864,
                    "flags": "rw",
                    "raw_size": 3072,
                    "entropy": 2.68,
                    "virtual_size": 7836,
                    "md5": "3e8eebeb7a2f0ebd7f098be19a5091c6"
                },
                {
                    "name": ".rsrc",
                    "chi2": 5214.0,
                    "virtual_address": 45056,
                    "flags": "r",
                    "raw_size": 512,
                    "entropy": 5.11,
                    "virtual_size": 436,
                    "md5": "276fe64142f25c6f23aa6ceb66b1c307"
                },
                {
                    "name": ".reloc",
                    "chi2": 85117.98,
                    "virtual_address": 49152,
                    "flags": "r",
                    "raw_size": 2560,
                    "entropy": 5.2,
                    "virtual_size": 2224,
                    "md5": "6453f87589f1cff207d98d5dd6f1edff"
                }
            ],
            "exports": [
                "ServiceMain"
            ],
            "compiler_product_versions": [
                "[C++] VS2010 build 30319 count=9",
                "[ASM] VS2010 build 30319 count=8",
                "[ C ] VS2010 build 30319 count=55",
                "[ C ] VS2008 SP1 build 30729 count=1",
                "[IMP] VS2008 SP1 build 30729 count=17",
                "[---] Unmarked objects count=112",
                "id: 175, version: 30319 count=3",
                "[EXP] VS2010 build 30319 count=1",
                "[LNK] VS2010 build 30319 count=1"
            ],
            "rich_pe_header_hash": "a0a3465b1195cdc209b8b4065e36c4ff",
            "import_list": [
                {
                    "library_name": "ADVAPI32.dll",
                    "imported_functions": [
                        "RegisterServiceCtrlHandlerA",
                        "SetServiceStatus"
                    ]
                },
                {
                    "library_name": "KERNEL32.dll",
                    "imported_functions": [
                        "GetLastError",
                        "InitializeCriticalSectionAndSpinCount",
                        "HeapFree",
                        "GetSystemTimeAsFileTime",
                        "EnterCriticalSection",
                        "LCMapStringW",
                        "SetHandleCount",
                        "GetModuleFileNameW",
                        "WaitForSingleObject",
                        "SetEvent",
                        "QueryPerformanceCounter",
                        "IsDebuggerPresent",
                        "HeapAlloc",
                        "TlsAlloc",
                        "GetEnvironmentStringsW",
                        "GetModuleFileNameA",
                        "RtlUnwind",
                        "GetStdHandle",
                        "DeleteCriticalSection",
                        "GetCurrentProcess",
                        "DecodePointer",
                        "GetCurrentProcessId",
                        "lstrcatA",
                        "GetModuleHandleW",
                        "GetCPInfo",
                        "UnhandledExceptionFilter",
                        "InterlockedDecrement",
                        "MultiByteToWideChar",
                        "HeapSize",
                        "FreeEnvironmentStringsW",
                        "GetCommandLineA",
                        "GetProcAddress",
                        "EncodePointer",
                        "GetStartupInfoW",
                        "ExitProcess",
                        "CreateMutexA",
                        "WideCharToMultiByte",
                        "LoadLibraryW",
                        "TlsFree",
                        "GetModuleHandleA",
                        "SetUnhandledExceptionFilter",
                        "WriteFile",
                        "CloseHandle",
                        "IsProcessorFeaturePresent",
                        "GetACP",
                        "HeapReAlloc",
                        "GetStringTypeW",
                        "GetCurrentThreadId",
                        "HeapDestroy",
                        "GetOEMCP",
                        "TerminateProcess",
                        "IsValidCodePage",
                        "HeapCreate",
                        "CreateEventA",
                        "TlsGetValue",
                        "Sleep",
                        "GetFileType",
                        "TlsSetValue",
                        "GetTickCount",
                        "OutputDebugStringA",
                        "InterlockedIncrement",
                        "SetLastError",
                        "LeaveCriticalSection"
                    ]
                },
                {
                    "library_name": "SHLWAPI.dll",
                    "imported_functions": [
                        "StrRChrA"
                    ]
                }
            ]
        },
        "trid": [
            {
                "file_type": "Win32 Executable MS Visual C++ (generic)",
                "probability": 48.8
            },
            {
                "file_type": "Win64 Executable (generic)",
                "probability": 16.4
            },
            {
                "file_type": "Win32 Dynamic Link Library (generic)",
                "probability": 10.2
            },
            {
                "file_type": "Win16 NE executable (generic)",
                "probability": 7.8
            },
            {
                "file_type": "Win32 Executable (generic)",
                "probability": 7.0
            }
        ],
        "meaningful_name": "9abd1767b449110a37f60c2dd41624d3.virus",
        "names": [
            "1c514d9fbd2210b6469174d234daf2cb19d6b098592409164eaa92f9af3b1e8b",
            "9abd1767b449110a37f60c2dd41624d3.virus",
            "Engine.dll"
        ],
        "unique_sources": 5,
        "crowdsourced_yara_results": [
            {
                "ruleset_id": "00087828bc",
                "rule_name": "OpHoneybee_Malware_1",
                "ruleset_name": "apt_op_honeybee",
                "description": "Detects malware from Operation Honeybee",
                "author": "Florian Roth",
                "source": "https://github.com/Neo23x0/signature-base"
            }
        ],
        "last_modification_date": 1710510584,
        "type_description": "Win32 DLL",
        "md5": "9abd1767b449110a37f60c2dd41624d3",
        "last_analysis_stats": {
            "malicious": 43,
            "suspicious": 0,
            "undetected": 22,
            "harmless": 0,
            "timeout": 3,
            "confirmed-timeout": 0,
            "failure": 0,
            "type-unsupported": 6
        },
        "sandbox_verdicts": {
            "DAS-Security Orcas": {
                "category": "malicious",
                "sandbox_name": "DAS-Security Orcas",
                "malware_classification": [
                    "MALWARE"
                ]
            }
        },
        "last_submission_date": 1538689211,
        "first_seen_itw_date": 1516068326,
        "vhash": "134056655d15555028z3fjz1iz1",
        "type_extension": "dll",
        "magic": "PE32 executable for MS Windows (DLL) (GUI) Intel 80386 32-bit",
        "last_analysis_date": 1636451516,
        "tags": [
            "calls-wmi",
            "pedll",
            "detect-debug-environment"
        ],
        "creation_date": 1516035926,
        "sha256": "1c514d9fbd2210b6469174d234daf2cb19d6b098592409164eaa92f9af3b1e8b",
        "size": 35328,
        "first_submission_date": 1515976931,
        "authentihash": "3ec7c557f2e41731f50aeb17a4959d7a2de0f2f2dd9e75f35a2bd98d5fe4f362",
        "times_submitted": 9,
        "last_analysis_results": {
            "Bkav": {
                "method": "blacklist",
                "engine_name": "Bkav",
                "engine_version": "1.3.0.9899",
                "engine_update": "20211109",
                "category": "undetected",
                "result": null
            },
            "Lionic": {
                "method": "blacklist",
                "engine_name": "Lionic",
                "engine_version": "4.2",
                "engine_update": "20211109",
                "category": "malicious",
                "result": "Trojan.Win32.Generic.4!c"
            },
            "Elastic": {
                "method": "blacklist",
                "engine_name": "Elastic",
                "engine_version": "4.0.29",
                "engine_update": "20211005",
                "category": "undetected",
                "result": null
            },
            "MicroWorld-eScan": {
                "method": "blacklist",
                "engine_name": "MicroWorld-eScan",
                "engine_version": "14.0.409.0",
                "engine_update": "20211109",
                "category": "malicious",
                "result": "Gen:Variant.Johnnie.330319"
            },
            "FireEye": {
                "method": "blacklist",
                "engine_name": "FireEye",
                "engine_version": "32.44.1.0",
                "engine_update": "20211109",
                "category": "malicious",
                "result": "Gen:Variant.Johnnie.330319"
            },
            "CAT-QuickHeal": {
                "method": "blacklist",
                "engine_name": "CAT-QuickHeal",
                "engine_version": "14.00",
                "engine_update": "20211109",
                "category": "undetected",
                "result": null
            },
            "McAfee": {
                "method": "blacklist",
                "engine_name": "McAfee",
                "engine_version": "6.0.6.653",
                "engine_update": "20211109",
                "category": "malicious",
                "result": "Trojan-FPFU!9ABD1767B449"
            },
            "Cylance": {
                "method": "blacklist",
                "engine_name": "Cylance",
                "engine_version": "2.3.1.101",
                "engine_update": "20211109",
                "category": "malicious",
                "result": "Unsafe"
            },
            "VIPRE": {
                "method": "blacklist",
                "engine_name": "VIPRE",
                "engine_version": "96824",
                "engine_update": "20211109",
                "category": "malicious",
                "result": "Trojan.Win32.Generic!BT"
            },
            "CrowdStrike": {
                "method": "blacklist",
                "engine_name": "CrowdStrike",
                "engine_version": "1.0",
                "engine_update": "20210203",
                "category": "malicious",
                "result": "win/malicious_confidence_100% (W)"
            },
            "BitDefender": {
                "method": "blacklist",
                "engine_name": "BitDefender",
                "engine_version": "7.2",
                "engine_update": "20211109",
                "category": "malicious",
                "result": "Gen:Variant.Johnnie.330319"
            },
            "K7GW": {
                "method": "blacklist",
                "engine_name": "K7GW",
                "engine_version": "11.226.39230",
                "engine_update": "20211109",
                "category": "malicious",
                "result": "Trojan ( 0052960b1 )"
            },
            "K7AntiVirus": {
                "method": "blacklist",
                "engine_name": "K7AntiVirus",
                "engine_version": "11.226.39230",
                "engine_update": "20211109",
                "category": "malicious",
                "result": "Trojan ( 0052960b1 )"
            },
            "BitDefenderTheta": {
                "method": "blacklist",
                "engine_name": "BitDefenderTheta",
                "engine_version": "7.2.37796.0",
                "engine_update": "20211104",
                "category": "malicious",
                "result": "Gen:NN.ZedlaF.34266.cu4@ayxiQeii"
            },
            "Cyren": {
                "method": "blacklist",
                "engine_name": "Cyren",
                "engine_version": "6.3.0.2",
                "engine_update": "20211109",
                "category": "undetected",
                "result": null
            },
            "Symantec": {
                "method": "blacklist",
                "engine_name": "Symantec",
                "engine_version": "1.16.0.0",
                "engine_update": "20211109",
                "category": "malicious",
                "result": "Trojan Horse"
            },
            "ESET-NOD32": {
                "method": "blacklist",
                "engine_name": "ESET-NOD32",
                "engine_version": "24261",
                "engine_update": "20211109",
                "category": "malicious",
                "result": "a variant of Win32/Agent.TAD"
            },
            "Baidu": {
                "method": "blacklist",
                "engine_name": "Baidu",
                "engine_version": "1.0.0.2",
                "engine_update": "20190318",
                "category": "undetected",
                "result": null
            },
            "APEX": {
                "method": "blacklist",
                "engine_name": "APEX",
                "engine_version": "6.227",
                "engine_update": "20211107",
                "category": "undetected",
                "result": null
            },
            "Paloalto": {
                "method": "blacklist",
                "engine_name": "Paloalto",
                "engine_version": "1.0",
                "engine_update": "20211109",
                "category": "malicious",
                "result": "generic.ml"
            },
            "Cynet": {
                "method": "blacklist",
                "engine_name": "Cynet",
                "engine_version": "4.0.0.27",
                "engine_update": "20211109",
                "category": "undetected",
                "result": null
            },
            "Kaspersky": {
                "method": "blacklist",
                "engine_name": "Kaspersky",
                "engine_version": "21.0.1.45",
                "engine_update": "20211109",
                "category": "malicious",
                "result": "Backdoor.Win32.Syscon.e"
            },
            "Alibaba": {
                "method": "blacklist",
                "engine_name": "Alibaba",
                "engine_version": "0.3.0.5",
                "engine_update": "20190527",
                "category": "malicious",
                "result": "Backdoor:Win32/Syscon.97c9bcf4"
            },
            "NANO-Antivirus": {
                "method": "blacklist",
                "engine_name": "NANO-Antivirus",
                "engine_version": "1.0.146.25409",
                "engine_update": "20211109",
                "category": "malicious",
                "result": "Trojan.Win32.Syscon.ezmjcc"
            },
            "ViRobot": {
                "method": "blacklist",
                "engine_name": "ViRobot",
                "engine_version": "2014.3.20.0",
                "engine_update": "20211109",
                "category": "malicious",
                "result": "Trojan.Win32.Z.Ursu.35328"
            },
            "Rising": {
                "method": "blacklist",
                "engine_name": "Rising",
                "engine_version": "25.0.0.26",
                "engine_update": "20211109",
                "category": "malicious",
                "result": "Trojan.Generic@ML.89 (RDML:4c6ZMx3dad4bkhyaCq37qQ)"
            },
            "Ad-Aware": {
                "method": "blacklist",
                "engine_name": "Ad-Aware",
                "engine_version": "3.0.21.193",
                "engine_update": "20211109",
                "category": "malicious",
                "result": "Gen:Variant.Johnnie.330319"
            },
            "Comodo": {
                "method": "blacklist",
                "engine_name": "Comodo",
                "engine_version": "34044",
                "engine_update": "20211102",
                "category": "undetected",
                "result": null
            },
            "F-Secure": {
                "method": "blacklist",
                "engine_name": "F-Secure",
                "engine_version": "12.0.86.52",
                "engine_update": "20211109",
                "category": "undetected",
                "result": null
            },
            "DrWeb": {
                "method": "blacklist",
                "engine_name": "DrWeb",
                "engine_version": "7.0.52.8270",
                "engine_update": "20211109",
                "category": "undetected",
                "result": null
            },
            "Zillya": {
                "method": "blacklist",
                "engine_name": "Zillya",
                "engine_version": "2.0.0.4491",
                "engine_update": "20211109",
                "category": "malicious",
                "result": "Backdoor.Syscon.Win32.6"
            },
            "TrendMicro": {
                "method": "blacklist",
                "engine_name": "TrendMicro",
                "engine_version": "11.0.0.1006",
                "engine_update": "20211109",
                "category": "malicious",
                "result": "TROJ_GEN.R002C0OG921"
            },
            "McAfee-GW-Edition": {
                "method": "blacklist",
                "engine_name": "McAfee-GW-Edition",
                "engine_version": "v2019.1.2+3728",
                "engine_update": "20211109",
                "category": "malicious",
                "result": "Trojan-FPFU!9ABD1767B449"
            },
            "CMC": {
                "method": "blacklist",
                "engine_name": "CMC",
                "engine_version": "2.10.2019.1",
                "engine_update": "20211026",
                "category": "undetected",
                "result": null
            },
            "Emsisoft": {
                "method": "blacklist",
                "engine_name": "Emsisoft",
                "engine_version": "2021.5.0.7597",
                "engine_update": "20211109",
                "category": "malicious",
                "result": "Gen:Variant.Johnnie.330319 (B)"
            },
            "Ikarus": {
                "method": "blacklist",
                "engine_name": "Ikarus",
                "engine_version": "0.1.5.2",
                "engine_update": "20211109",
                "category": "malicious",
                "result": "Trojan.Win32.Agent"
            },
            "Jiangmin": {
                "method": "blacklist",
                "engine_name": "Jiangmin",
                "engine_version": "16.0.100",
                "engine_update": "20211108",
                "category": "malicious",
                "result": "Backdoor.Syscon.e"
            },
            "eGambit": {
                "method": "blacklist",
                "engine_name": "eGambit",
                "engine_version": null,
                "engine_update": "20211109",
                "category": "undetected",
                "result": null
            },
            "Avira": {
                "method": "blacklist",
                "engine_name": "Avira",
                "engine_version": "8.3.3.12",
                "engine_update": "20211109",
                "category": "undetected",
                "result": null
            },
            "Antiy-AVL": {
                "method": "blacklist",
                "engine_name": "Antiy-AVL",
                "engine_version": "3.0.0.1",
                "engine_update": "20211109",
                "category": "malicious",
                "result": "Trojan/Generic.ASSuf.22BC2"
            },
            "Kingsoft": {
                "method": "blacklist",
                "engine_name": "Kingsoft",
                "engine_version": "2017.9.26.565",
                "engine_update": "20211109",
                "category": "malicious",
                "result": "Win32.Hack.Syscon.e.(kcloud)"
            },
            "Microsoft": {
                "method": "blacklist",
                "engine_name": "Microsoft",
                "engine_version": "1.1.18700.4",
                "engine_update": "20211109",
                "category": "malicious",
                "result": "Worm:Win32/Gamarue!ml"
            },
            "Gridinsoft": {
                "method": "blacklist",
                "engine_name": "Gridinsoft",
                "engine_version": "1.0.61.160",
                "engine_update": "20211109",
                "category": "undetected",
                "result": null
            },
            "Arcabit": {
                "method": "blacklist",
                "engine_name": "Arcabit",
                "engine_version": "1.0.0.888",
                "engine_update": "20211109",
                "category": "undetected",
                "result": null
            },
            "SUPERAntiSpyware": {
                "method": "blacklist",
                "engine_name": "SUPERAntiSpyware",
                "engine_version": "5.6.0.1032",
                "engine_update": "20211106",
                "category": "undetected",
                "result": null
            },
            "ZoneAlarm": {
                "method": "blacklist",
                "engine_name": "ZoneAlarm",
                "engine_version": "1.0",
                "engine_update": "20211102",
                "category": "undetected",
                "result": null
            },
            "GData": {
                "method": "blacklist",
                "engine_name": "GData",
                "engine_version": "A:25.31296B:27.25089",
                "engine_update": "20211109",
                "category": "malicious",
                "result": "Gen:Variant.Johnnie.330319"
            },
            "TACHYON": {
                "method": "blacklist",
                "engine_name": "TACHYON",
                "engine_version": "2021-11-09.01",
                "engine_update": "20211109",
                "category": "undetected",
                "result": null
            },
            "AhnLab-V3": {
                "method": "blacklist",
                "engine_name": "AhnLab-V3",
                "engine_version": "3.21.1.10219",
                "engine_update": "20211109",
                "category": "malicious",
                "result": "Trojan/Win32.Syscon.R221647"
            },
            "Acronis": {
                "method": "blacklist",
                "engine_name": "Acronis",
                "engine_version": "1.1.1.82",
                "engine_update": "20210512",
                "category": "undetected",
                "result": null
            },
            "VBA32": {
                "method": "blacklist",
                "engine_name": "VBA32",
                "engine_version": "5.0.0",
                "engine_update": "20211109",
                "category": "malicious",
                "result": "Backdoor.Syscon"
            },
            "ALYac": {
                "method": "blacklist",
                "engine_name": "ALYac",
                "engine_version": "1.1.3.1",
                "engine_update": "20211109",
                "category": "malicious",
                "result": "Backdoor.Syscon.A"
            },
            "MAX": {
                "method": "blacklist",
                "engine_name": "MAX",
                "engine_version": "2019.9.16.1",
                "engine_update": "20211109",
                "category": "malicious",
                "result": "malware (ai score=100)"
            },
            "Malwarebytes": {
                "method": "blacklist",
                "engine_name": "Malwarebytes",
                "engine_version": "4.2.2.27",
                "engine_update": "20211109",
                "category": "malicious",
                "result": "Backdoor.Syscon"
            },
            "Panda": {
                "method": "blacklist",
                "engine_name": "Panda",
                "engine_version": "4.6.4.2",
                "engine_update": "20211109",
                "category": "malicious",
                "result": "Trj/GdSda.A"
            },
            "Zoner": {
                "method": "blacklist",
                "engine_name": "Zoner",
                "engine_version": "2.2.2.0",
                "engine_update": "20211108",
                "category": "undetected",
                "result": null
            },
            "TrendMicro-HouseCall": {
                "method": "blacklist",
                "engine_name": "TrendMicro-HouseCall",
                "engine_version": "10.0.0.1040",
                "engine_update": "20211109",
                "category": "malicious",
                "result": "TROJ_GEN.R002C0OG921"
            },
            "Tencent": {
                "method": "blacklist",
                "engine_name": "Tencent",
                "engine_version": "1.0.0.1",
                "engine_update": "20211109",
                "category": "malicious",
                "result": "Win32.Backdoor.Syscon.Hwmv"
            },
            "Yandex": {
                "method": "blacklist",
                "engine_name": "Yandex",
                "engine_version": "5.5.2.24",
                "engine_update": "20211109",
                "category": "malicious",
                "result": "Backdoor.Syscon!2wme+/z7PdQ"
            },
            "SentinelOne": {
                "method": "blacklist",
                "engine_name": "SentinelOne",
                "engine_version": "6.3.0.2",
                "engine_update": "20211028",
                "category": "undetected",
                "result": null
            },
            "MaxSecure": {
                "method": "blacklist",
                "engine_name": "MaxSecure",
                "engine_version": "1.0.0.1",
                "engine_update": "20211108",
                "category": "undetected",
                "result": null
            },
            "Fortinet": {
                "method": "blacklist",
                "engine_name": "Fortinet",
                "engine_version": "6.2.142.0",
                "engine_update": "20211109",
                "category": "malicious",
                "result": "W32/Syscon.E!tr"
            },
            "Webroot": {
                "method": "blacklist",
                "engine_name": "Webroot",
                "engine_version": "1.0.0.403",
                "engine_update": "20211109",
                "category": "malicious",
                "result": "W32.Trojan.Gen"
            },
            "AVG": {
                "method": "blacklist",
                "engine_name": "AVG",
                "engine_version": "21.1.5827.0",
                "engine_update": "20211109",
                "category": "malicious",
                "result": "Win32:Malware-gen"
            },
            "Avast": {
                "method": "blacklist",
                "engine_name": "Avast",
                "engine_version": "21.1.5827.0",
                "engine_update": "20211109",
                "category": "malicious",
                "result": "Win32:Malware-gen"
            },
            "Sangfor": {
                "method": "blacklist",
                "engine_name": "Sangfor",
                "engine_version": "2.9.0.0",
                "engine_update": "20211103",
                "category": "timeout",
                "result": null
            },
            "Sophos": {
                "method": "blacklist",
                "engine_name": "Sophos",
                "engine_version": "1.4.1.0",
                "engine_update": "20211109",
                "category": "timeout",
                "result": null
            },
            "ClamAV": {
                "method": "blacklist",
                "engine_name": "ClamAV",
                "engine_version": "0.104.1.0",
                "engine_update": "20211108",
                "category": "timeout",
                "result": null
            },
            "Avast-Mobile": {
                "method": "blacklist",
                "engine_name": "Avast-Mobile",
                "engine_version": "211109-08",
                "engine_update": "20211109",
                "category": "type-unsupported",
                "result": null
            },
            "SymantecMobileInsight": {
                "method": "blacklist",
                "engine_name": "SymantecMobileInsight",
                "engine_version": "2.0",
                "engine_update": "20210126",
                "category": "type-unsupported",
                "result": null
            },
            "BitDefenderFalx": {
                "method": "blacklist",
                "engine_name": "BitDefenderFalx",
                "engine_version": "2.0.936",
                "engine_update": "20210610",
                "category": "type-unsupported",
                "result": null
            },
            "Trapmine": {
                "method": "blacklist",
                "engine_name": "Trapmine",
                "engine_version": "3.5.0.1023",
                "engine_update": "20200727",
                "category": "type-unsupported",
                "result": null
            },
            "Trustlook": {
                "method": "blacklist",
                "engine_name": "Trustlook",
                "engine_version": "1.0",
                "engine_update": "20211109",
                "category": "type-unsupported",
                "result": null
            },
            "Cybereason": {
                "method": "blacklist",
                "engine_name": "Cybereason",
                "engine_version": "1.2.449",
                "engine_update": "20210330",
                "category": "type-unsupported",
                "result": null
            }
        },
        "sha1": "f684e15dd2e84bac49ea9b89f9b2646dc32a2477",
        "reputation": 0,
        "total_votes": {
            "harmless": 0,
            "malicious": 0
        },
        "type_tags": [
            "executable",
            "windows",
            "win32",
            "pe",
            "pedll"
        ],
        "type_tag": "pedll",
        "ssdeep": "384:A1LhIqJC2x6fodP45mEXNUYBYSqZpt7R5DNZhw4lVB+lnu6EDHSujCQEeSoNNvxE:A11zkaWvqDtHZZhfvGnTEDnE6vxzCHG",
        "tlsh": "T1BBF2290172928473E26E5A3424F596A25DBF7C416BF0408F7F9A16BE5FB06C0DA78327"
    },
    "id": "1c514d9fbd2210b6469174d234daf2cb19d6b098592409164eaa92f9af3b1e8b"
}