{
    "SourceFile": "C:/Users/ricewater/Documents/MITREandCrowdstrikeApr2024Samples/1c514d9fbd2210b6469174d234daf2cb19d6b098592409164eaa92f9af3b1e8b/1c514d9fbd2210b6469174d234daf2cb19d6b098592409164eaa92f9af3b1e8b",
    "ExifToolVersion": 12.4,
    "FileName": "1c514d9fbd2210b6469174d234daf2cb19d6b098592409164eaa92f9af3b1e8b",
    "Directory": "C:/Users/ricewater/Documents/MITREandCrowdstrikeApr2024Samples/1c514d9fbd2210b6469174d234daf2cb19d6b098592409164eaa92f9af3b1e8b",
    "FileSize": "34 KiB",
    "FileModifyDate": "2024:04:02 20:53:59+02:00",
    "FileAccessDate": "2024:04:04 06:47:35+02:00",
    "FileCreateDate": "2024:04:03 17:50:59+02:00",
    "FilePermissions": "-rw-rw-rw-",
    "FileType": "Win32 DLL",
    "FileTypeExtension": "dll",
    "MIMEType": "application/octet-stream",
    "MachineType": "Intel 386 or later, and compatibles",
    "TimeStamp": "2018:01:15 18:05:26+01:00",
    "ImageFileCharacteristics": "Executable, 32-bit, DLL",
    "PEType": "PE32",
    "LinkerVersion": 10.0,
    "CodeSize": 18944,
    "InitializedDataSize": 15360,
    "UninitializedDataSize": 0,
    "EntryPoint": "0x1616",
    "OSVersion": 5.1,
    "ImageVersion": 0.0,
    "SubsystemVersion": 5.1,
    "Subsystem": "Windows GUI"
}