{"analysis": {"enable_decoded_strings": false, "enable_stack_strings": false, "enable_static_strings": true, "enable_tight_strings": false, "functions": {"analyzed_decoded_strings": 0, "analyzed_stack_strings": 0, "analyzed_tight_strings": 0, "decoding_function_scores": {}, "discovered": 0, "library": 0}}, "metadata": {"file_path": "C:\\Users\\ricewater\\Documents\\MITREandCrowdstrikeApr2024Samples\\1c514d9fbd2210b6469174d234daf2cb19d6b098592409164eaa92f9af3b1e8b\\1c514d9fbd2210b6469174d234daf2cb19d6b098592409164eaa92f9af3b1e8b", "imagebase": 0, "min_length": 7, "runtime": {"decoded_strings": 0.0, "find_features": 0.0, "stack_strings": 0.0, "start_date": "2024-04-04T06:47:34.899780Z", "static_strings": 0.0, "tight_strings": 0.0, "total": 0.0, "vivisect": 0.0}, "version": "v2.2.0-0-g783dd8f"}, "strings": {"decoded_strings": [], "stack_strings": [], "static_strings": [{"encoding": "ASCII", "offset": 77, "string": "!This program cannot be run in DOS mode."}, {"encoding": "ASCII", "offset": 519, "string": "`.rdata"}, {"encoding": "ASCII", "offset": 639, "string": "@.reloc"}, {"encoding": "ASCII", "offset": 6298, "string": "< tK<\ttG"}, {"encoding": "ASCII", "offset": 14255, "string": "URPQQh0D"}, {"encoding": "ASCII", "offset": 16392, "string": "t\"SS9] u"}, {"encoding": "ASCII", "offset": 19001, "string": "UQPXY]Y["}, {"encoding": "ASCII", "offset": 20356, "string": "FlsFree"}, {"encoding": "ASCII", "offset": 20364, "string": "FlsSetValue"}, {"encoding": "ASCII", "offset": 20376, "string": "FlsGetValue"}, {"encoding": "ASCII", "offset": 20388, "string": "FlsAlloc"}, {"encoding": "ASCII", "offset": 20400, "string": "CorExitProcess"}, {"encoding": "ASCII", "offset": 21148, "string": "HH:mm:ss"}, {"encoding": "ASCII", "offset": 21160, "string": "dddd, MMMM dd, yyyy"}, {"encoding": "ASCII", "offset": 21180, "string": "MM/dd/yy"}, {"encoding": "ASCII", "offset": 21200, "string": "December"}, {"encoding": "ASCII", "offset": 21212, "string": "November"}, {"encoding": "ASCII", "offset": 21224, "string": "October"}, {"encoding": "ASCII", "offset": 21232, "string": "September"}, {"encoding": "ASCII", "offset": 21284, "string": "February"}, {"encoding": "ASCII", "offset": 21296, "string": "January"}, {"encoding": "ASCII", "offset": 21352, "string": "Saturday"}, {"encoding": "ASCII", "offset": 21372, "string": "Thursday"}, {"encoding": "ASCII", "offset": 21384, "string": "Wednesday"}, {"encoding": "ASCII", "offset": 21396, "string": "Tuesday"}, {"encoding": "ASCII", "offset": 25440, "string": " !\"#$%&'()*+,-./0123456789:;<=>?@abcdefghijklmnopqrstuvwxyz[\\]^_`abcdefghijklmnopqrstuvwxyz{|}~"}, {"encoding": "ASCII", "offset": 25824, "string": " !\"#$%&'()*+,-./0123456789:;<=>?@ABCDEFGHIJKLMNOPQRSTUVWXYZ[\\]^_`ABCDEFGHIJKLMNOPQRSTUVWXYZ{|}~"}, {"encoding": "ASCII", "offset": 26048, "string": "GetProcessWindowStation"}, {"encoding": "ASCII", "offset": 26072, "string": "GetUserObjectInformationW"}, {"encoding": "ASCII", "offset": 26100, "string": "GetLastActivePopup"}, {"encoding": "ASCII", "offset": 26120, "string": "GetActiveWindow"}, {"encoding": "ASCII", "offset": 26136, "string": "MessageBoxW"}, {"encoding": "ASCII", "offset": 26172, "string": "[sub_100024D4]"}, {"encoding": "ASCII", "offset": 26192, "string": "cmd /c taskkill /im cliconfg.exe /f /t && del /f /q NTWDBLIB.DLL"}, {"encoding": "ASCII", "offset": 26260, "string": "ComSysAppMutex"}, {"encoding": "ASCII", "offset": 26276, "string": "\\ipnet.ini"}, {"encoding": "ASCII", "offset": 26288, "string": "[ServiceMain]"}, {"encoding": "ASCII", "offset": 26304, "string": "[sub_10001000]"}, {"encoding": "ASCII", "offset": 26320, "string": "kernel32.dll"}, {"encoding": "ASCII", "offset": 26336, "string": "WinExec"}, {"encoding": "ASCII", "offset": 26344, "string": "GetComputerNameA"}, {"encoding": "ASCII", "offset": 26364, "string": "CreateThread"}, {"encoding": "ASCII", "offset": 26380, "string": "GetTempPathA"}, {"encoding": "ASCII", "offset": 26396, "string": "GetSystemDirectoryA"}, {"encoding": "ASCII", "offset": 26416, "string": "CreateToolhelp32Snapshot"}, {"encoding": "ASCII", "offset": 26444, "string": "Process32First"}, {"encoding": "ASCII", "offset": 26460, "string": "Process32Next"}, {"encoding": "ASCII", "offset": 26476, "string": "[ThreadFunc]"}, {"encoding": "ASCII", "offset": 26492, "string": "[DLL_PROCESS_ATTACH]"}, {"encoding": "ASCII", "offset": 26616, "string": "D:\\Task\\MiMul\\FTPCom_vs10\\Release\\Engine.pdb"}, {"encoding": "ASCII", "offset": 27490, "string": "WaitForSingleObject"}, {"encoding": "ASCII", "offset": 27512, "string": "SetEvent"}, {"encoding": "ASCII", "offset": 27524, "string": "WriteFile"}, {"encoding": "ASCII", "offset": 27536, "string": "WideCharToMultiByte"}, {"encoding": "ASCII", "offset": 27566, "string": "CreateEventA"}, {"encoding": "ASCII", "offset": 27582, "string": "lstrcatA"}, {"encoding": "ASCII", "offset": 27594, "string": "MultiByteToWideChar"}, {"encoding": "ASCII", "offset": 27616, "string": "GetLastError"}, {"encoding": "ASCII", "offset": 27632, "string": "GetProcAddress"}, {"encoding": "ASCII", "offset": 27650, "string": "GetModuleFileNameA"}, {"encoding": "ASCII", "offset": 27672, "string": "GetModuleHandleA"}, {"encoding": "ASCII", "offset": 27692, "string": "CreateMutexA"}, {"encoding": "ASCII", "offset": 27708, "string": "OutputDebugStringA"}, {"encoding": "ASCII", "offset": 27730, "string": "CloseHandle"}, {"encoding": "ASCII", "offset": 27742, "string": "KERNEL32.dll"}, {"encoding": "ASCII", "offset": 27758, "string": "RegisterServiceCtrlHandlerA"}, {"encoding": "ASCII", "offset": 27788, "string": "SetServiceStatus"}, {"encoding": "ASCII", "offset": 27806, "string": "ADVAPI32.dll"}, {"encoding": "ASCII", "offset": 27822, "string": "StrRChrA"}, {"encoding": "ASCII", "offset": 27832, "string": "SHLWAPI.dll"}, {"encoding": "ASCII", "offset": 27846, "string": "GetCurrentThreadId"}, {"encoding": "ASCII", "offset": 27868, "string": "DecodePointer"}, {"encoding": "ASCII", "offset": 27884, "string": "GetCommandLineA"}, {"encoding": "ASCII", "offset": 27902, "string": "TerminateProcess"}, {"encoding": "ASCII", "offset": 27922, "string": "GetCurrentProcess"}, {"encoding": "ASCII", "offset": 27942, "string": "UnhandledExceptionFilter"}, {"encoding": "ASCII", "offset": 27970, "string": "SetUnhandledExceptionFilter"}, {"encoding": "ASCII", "offset": 28000, "string": "IsDebuggerPresent"}, {"encoding": "ASCII", "offset": 28020, "string": "EncodePointer"}, {"encoding": "ASCII", "offset": 28036, "string": "TlsAlloc"}, {"encoding": "ASCII", "offset": 28048, "string": "TlsGetValue"}, {"encoding": "ASCII", "offset": 28062, "string": "TlsSetValue"}, {"encoding": "ASCII", "offset": 28076, "string": "TlsFree"}, {"encoding": "ASCII", "offset": 28086, "string": "InterlockedIncrement"}, {"encoding": "ASCII", "offset": 28110, "string": "GetModuleHandleW"}, {"encoding": "ASCII", "offset": 28130, "string": "SetLastError"}, {"encoding": "ASCII", "offset": 28146, "string": "InterlockedDecrement"}, {"encoding": "ASCII", "offset": 28170, "string": "HeapFree"}, {"encoding": "ASCII", "offset": 28182, "string": "ExitProcess"}, {"encoding": "ASCII", "offset": 28196, "string": "SetHandleCount"}, {"encoding": "ASCII", "offset": 28214, "string": "GetStdHandle"}, {"encoding": "ASCII", "offset": 28230, "string": "InitializeCriticalSectionAndSpinCount"}, {"encoding": "ASCII", "offset": 28270, "string": "GetFileType"}, {"encoding": "ASCII", "offset": 28284, "string": "GetStartupInfoW"}, {"encoding": "ASCII", "offset": 28302, "string": "DeleteCriticalSection"}, {"encoding": "ASCII", "offset": 28326, "string": "FreeEnvironmentStringsW"}, {"encoding": "ASCII", "offset": 28352, "string": "GetEnvironmentStringsW"}, {"encoding": "ASCII", "offset": 28378, "string": "HeapCreate"}, {"encoding": "ASCII", "offset": 28392, "string": "HeapDestroy"}, {"encoding": "ASCII", "offset": 28406, "string": "QueryPerformanceCounter"}, {"encoding": "ASCII", "offset": 28432, "string": "GetTickCount"}, {"encoding": "ASCII", "offset": 28448, "string": "GetCurrentProcessId"}, {"encoding": "ASCII", "offset": 28470, "string": "GetSystemTimeAsFileTime"}, {"encoding": "ASCII", "offset": 28496, "string": "LeaveCriticalSection"}, {"encoding": "ASCII", "offset": 28520, "string": "EnterCriticalSection"}, {"encoding": "ASCII", "offset": 28544, "string": "GetCPInfo"}, {"encoding": "ASCII", "offset": 28566, "string": "GetOEMCP"}, {"encoding": "ASCII", "offset": 28578, "string": "IsValidCodePage"}, {"encoding": "ASCII", "offset": 28596, "string": "HeapAlloc"}, {"encoding": "ASCII", "offset": 28608, "string": "HeapReAlloc"}, {"encoding": "ASCII", "offset": 28622, "string": "LoadLibraryW"}, {"encoding": "ASCII", "offset": 28638, "string": "GetModuleFileNameW"}, {"encoding": "ASCII", "offset": 28660, "string": "RtlUnwind"}, {"encoding": "ASCII", "offset": 28672, "string": "LCMapStringW"}, {"encoding": "ASCII", "offset": 28688, "string": "GetStringTypeW"}, {"encoding": "ASCII", "offset": 28706, "string": "HeapSize"}, {"encoding": "ASCII", "offset": 28718, "string": "IsProcessorFeaturePresent"}, {"encoding": "ASCII", "offset": 28802, "string": "Engine.dll"}, {"encoding": "ASCII", "offset": 28813, "string": "ServiceMain"}, {"encoding": "ASCII", "offset": 30270, "string": "                          "}, {"encoding": "ASCII", "offset": 30494, "string": "abcdefghijklmnopqrstuvwxyz"}, {"encoding": "ASCII", "offset": 30526, "string": "ABCDEFGHIJKLMNOPQRSTUVWXYZ"}, {"encoding": "ASCII", "offset": 30786, "string": "                          "}, {"encoding": "ASCII", "offset": 31017, "string": "abcdefghijklmnopqrstuvwxyz"}, {"encoding": "ASCII", "offset": 31049, "string": "ABCDEFGHIJKLMNOPQRSTUVWXYZ"}, {"encoding": "ASCII", "offset": 32016, "string": "KXU/yP=B29tLzidqNRuf-SbVInw0oCrmWZk6OpFc7A5GTD1QxaJ3H8h4jMeEsYglv"}, {"encoding": "ASCII", "offset": 32084, "string": "TO EVERYONE"}, {"encoding": "ASCII", "offset": 32096, "string": "COMSysApp"}, {"encoding": "ASCII", "offset": 32344, "string": "<assembly xmlns=\"urn:schemas-microsoft-com:asm.v1\" manifestVersion=\"1.0\">"}, {"encoding": "ASCII", "offset": 32419, "string": "  <trustInfo xmlns=\"urn:schemas-microsoft-com:asm.v3\">"}, {"encoding": "ASCII", "offset": 32475, "string": "    <security>"}, {"encoding": "ASCII", "offset": 32491, "string": "      <requestedPrivileges>"}, {"encoding": "ASCII", "offset": 32520, "string": "        <requestedExecutionLevel level=\"asInvoker\" uiAccess=\"false\"></requestedExecutionLevel>"}, {"encoding": "ASCII", "offset": 32616, "string": "      </requestedPrivileges>"}, {"encoding": "ASCII", "offset": 32646, "string": "    </security>"}, {"encoding": "ASCII", "offset": 32663, "string": "  </trustInfo>"}, {"encoding": "ASCII", "offset": 32679, "string": "</assembly>PAPADDINGXXPADDINGPADDINGXXPADDINGPADDINGXXPADDINGPADDINGXXPADDINGPADDINGXXPAD"}, {"encoding": "ASCII", "offset": 32783, "string": "0#0-070=0C0M0U0_0e0j0p0v0|0"}, {"encoding": "ASCII", "offset": 32839, "string": "1#1)14191>1C1J1T1^1d1j1t1z1"}, {"encoding": "ASCII", "offset": 32909, "string": "2%2/272=2C2I2O2Y2c2q2z2"}, {"encoding": "ASCII", "offset": 32975, "string": "3&3,33393@3F3M3S3Z3`3g3m3u3"}, {"encoding": "ASCII", "offset": 33019, "string": "4:4R4Z4c4"}, {"encoding": "ASCII", "offset": 33037, "string": "4#5?5W5"}, {"encoding": "ASCII", "offset": 33047, "string": "5E6K6Q6W6]6c6j6q6x6"}, {"encoding": "ASCII", "offset": 33105, "string": "72797C7J7V7\\7h7n7w7}7"}, {"encoding": "ASCII", "offset": 33179, "string": "9?:O:U:a:g:w:}:"}, {"encoding": "ASCII", "offset": 33229, "string": ";$;);.;4;8;>;C;I;N;];s;y;"}, {"encoding": "ASCII", "offset": 33281, "string": "<3<9<K<u<~<"}, {"encoding": "ASCII", "offset": 33303, "string": "=$=@=F=O=V=x="}, {"encoding": "ASCII", "offset": 33325, "string": ">*>4>9>U>_>u>"}, {"encoding": "ASCII", "offset": 33355, "string": "?=?D?^?e?"}, {"encoding": "ASCII", "offset": 33377, "string": "050;0e0"}, {"encoding": "ASCII", "offset": 33393, "string": "1B1Z1x1"}, {"encoding": "ASCII", "offset": 33407, "string": "2/252J2j2"}, {"encoding": "ASCII", "offset": 33425, "string": "2,373A3R3]3"}, {"encoding": "ASCII", "offset": 33437, "string": "5.565<5A5G5"}, {"encoding": "ASCII", "offset": 33455, "string": "5I6U6d6i6"}, {"encoding": "ASCII", "offset": 33481, "string": "6R7,848L8g8"}, {"encoding": "ASCII", "offset": 33493, "string": "8B:e:r:~:"}, {"encoding": "ASCII", "offset": 33523, "string": ";+;1;T;[;t;"}, {"encoding": "ASCII", "offset": 33563, "string": ">2?L?]?"}, {"encoding": "ASCII", "offset": 33589, "string": "132@2J2X2a2k2"}, {"encoding": "ASCII", "offset": 33609, "string": "2&313;3T3^3q3"}, {"encoding": "ASCII", "offset": 33647, "string": "696A6I6`6y6"}, {"encoding": "ASCII", "offset": 33673, "string": "7\"7:7V7y7"}, {"encoding": "ASCII", "offset": 33689, "string": "7U8[8e8"}, {"encoding": "ASCII", "offset": 33729, "string": "9;:@:z:"}, {"encoding": "ASCII", "offset": 33775, "string": "=U=b=h="}, {"encoding": "ASCII", "offset": 33793, "string": ">)>L>Q>V>m>"}, {"encoding": "ASCII", "offset": 33851, "string": "021?1T1"}, {"encoding": "ASCII", "offset": 33889, "string": "909B9T9f9x9"}, {"encoding": "ASCII", "offset": 33949, "string": "?-?4?8?<?@?D?H?L?P?"}, {"encoding": "ASCII", "offset": 33991, "string": "080?0D0H0L0m0"}, {"encoding": "ASCII", "offset": 34023, "string": "061<1@1D1H1"}, {"encoding": "ASCII", "offset": 34055, "string": "2%2+252>2I2N2W2a2l2"}, {"encoding": "ASCII", "offset": 34112, "string": " 1$1(1`1d1L>T>\\>d>l>t>|>"}, {"encoding": "ASCII", "offset": 34197, "string": ";8;X;x;"}, {"encoding": "ASCII", "offset": 34307, "string": "2 2024282<2@2D2H2L2P2T2X2\\2`2d2h2l2p2t2x2|2"}, {"encoding": "ASCII", "offset": 34395, "string": "283H3X3h3x3"}, {"encoding": "ASCII", "offset": 34419, "string": "7P:T:X:\\:`:d:h:l:p:t:"}, {"encoding": "UTF-16LE", "offset": 20328, "string": "KERNEL32.DLL"}, {"encoding": "UTF-16LE", "offset": 20416, "string": "mscoree.dll"}, {"encoding": "UTF-16LE", "offset": 20600, "string": "HH:mm:ss"}, {"encoding": "UTF-16LE", "offset": 20620, "string": "dddd, MMMM dd, yyyy"}, {"encoding": "UTF-16LE", "offset": 20660, "string": "MM/dd/yy"}, {"encoding": "UTF-16LE", "offset": 20696, "string": "December"}, {"encoding": "UTF-16LE", "offset": 20716, "string": "November"}, {"encoding": "UTF-16LE", "offset": 20736, "string": "October"}, {"encoding": "UTF-16LE", "offset": 20752, "string": "September"}, {"encoding": "UTF-16LE", "offset": 20836, "string": "February"}, {"encoding": "UTF-16LE", "offset": 20856, "string": "January"}, {"encoding": "UTF-16LE", "offset": 20968, "string": "Saturday"}, {"encoding": "UTF-16LE", "offset": 21004, "string": "Thursday"}, {"encoding": "UTF-16LE", "offset": 21024, "string": "Wednesday"}, {"encoding": "UTF-16LE", "offset": 21044, "string": "Tuesday"}, {"encoding": "UTF-16LE", "offset": 21446, "string": "nruntime error "}, {"encoding": "UTF-16LE", "offset": 21488, "string": "TLOSS error"}, {"encoding": "UTF-16LE", "offset": 21516, "string": "SING error"}, {"encoding": "UTF-16LE", "offset": 21544, "string": "DOMAIN error"}, {"encoding": "UTF-16LE", "offset": 21590, "string": "- Attempt to use MSIL code from this assembly during native code initialization"}, {"encoding": "UTF-16LE", "offset": 21750, "string": "This indicates a bug in your application. It is most likely the result of calling an MSIL-compiled (/clr) function from a native constructor or from DllMain."}, {"encoding": "UTF-16LE", "offset": 22086, "string": "- not enough space for locale information"}, {"encoding": "UTF-16LE", "offset": 22190, "string": "- Attempt to initialize the CRT more than once."}, {"encoding": "UTF-16LE", "offset": 22286, "string": "This indicates a bug in your application."}, {"encoding": "UTF-16LE", "offset": 22390, "string": "- CRT not initialized"}, {"encoding": "UTF-16LE", "offset": 22454, "string": "- unable to initialize heap"}, {"encoding": "UTF-16LE", "offset": 22534, "string": "- not enough space for lowio initialization"}, {"encoding": "UTF-16LE", "offset": 22646, "string": "- not enough space for stdio initialization"}, {"encoding": "UTF-16LE", "offset": 22758, "string": "- pure virtual function call"}, {"encoding": "UTF-16LE", "offset": 22838, "string": "- not enough space for _onexit/atexit table"}, {"encoding": "UTF-16LE", "offset": 22950, "string": "- unable to open console device"}, {"encoding": "UTF-16LE", "offset": 23038, "string": "- unexpected heap error"}, {"encoding": "UTF-16LE", "offset": 23110, "string": "- unexpected multithread lock error"}, {"encoding": "UTF-16LE", "offset": 23206, "string": "- not enough space for thread data"}, {"encoding": "UTF-16LE", "offset": 23294, "string": "- abort() has been called"}, {"encoding": "UTF-16LE", "offset": 23366, "string": "- not enough space for environment"}, {"encoding": "UTF-16LE", "offset": 23454, "string": "- not enough space for arguments"}, {"encoding": "UTF-16LE", "offset": 23542, "string": "- floating point support not loaded"}, {"encoding": "UTF-16LE", "offset": 23800, "string": "Microsoft Visual C++ Runtime Library"}, {"encoding": "UTF-16LE", "offset": 23892, "string": "<program name unknown>"}, {"encoding": "UTF-16LE", "offset": 23940, "string": "Runtime Error!"}, {"encoding": "UTF-16LE", "offset": 23972, "string": "Program: "}, {"encoding": "UTF-16LE", "offset": 24248, "string": "         (((((                  H"}, {"encoding": "UTF-16LE", "offset": 24762, "string": "         h((((                  H"}, {"encoding": "UTF-16LE", "offset": 25016, "string": "                                 H"}, {"encoding": "UTF-16LE", "offset": 26146, "string": "WUSER32.DLL"}], "tight_strings": []}}