{
    "Date of compilation": "Jan 15 2018 at 17:05:26",
    "Imphash": "55493567813958c24e6f33f809d0ef60",
    "Optional header": {
        "addressof_entrypoint": 5654,
        "baseof_code": 4096,
        "baseof_data": 24576,
        "checksum": 67369,
        "computed_checksum": 67369,
        "dll_characteristics": 320,
        "dll_characteristics_lists": [
            {
                "DYNAMIC_BASE": 64
            },
            {
                "NX_COMPAT": 256
            }
        ],
        "file_alignment": 512,
        "imagebase": 268435456,
        "loader_flags": 0,
        "magic": {
            "PE32": 267
        },
        "major_image_version": 0,
        "major_linker_version": 10,
        "major_operating_system_version": 5,
        "major_subsystem_version": 5,
        "minor_image_version": 0,
        "minor_linker_version": 0,
        "minor_operating_system_version": 1,
        "minor_subsystem_version": 1,
        "numberof_rva_and_size": 16,
        "section_alignment": 4096,
        "sizeof_code": 18944,
        "sizeof_headers": 1024,
        "sizeof_heap_commit": 4096,
        "sizeof_heap_reserve": 1048576,
        "sizeof_image": 53248,
        "sizeof_initialized_data": 15360,
        "sizeof_stack_commit": 4096,
        "sizeof_stack_reserve": 1048576,
        "sizeof_uninitialized_data": 0,
        "subsystem": {
            "WINDOWS_GUI": 2
        },
        "win32_version_value": 0
    },
    "Platform": "DLLfile",
    "CPU type": "MACHINE_TYPES.I386",
    "File type": "Unknown",
    "Entrypoint": 268441110,
    "Number of sections": 5,
    "Sections": [
        {
            "Name": ".text",
            "Virtual address": "0x1000",
            "Virtual size": "18562  bytes",
            "Offset": "0x400",
            "Size": "18944  bytes",
            "Entropy": 6.4883
        },
        {
            "Name": ".rdata",
            "Virtual address": "0x6000",
            "Virtual size": "8857   bytes",
            "Offset": "0x4e00",
            "Size": "9216   bytes",
            "Entropy": 4.8306
        },
        {
            "Name": ".data",
            "Virtual address": "0x9000",
            "Virtual size": "7836   bytes",
            "Offset": "0x7200",
            "Size": "3072   bytes",
            "Entropy": 2.6774
        },
        {
            "Name": ".rsrc",
            "Virtual address": "0xb000",
            "Virtual size": "436    bytes",
            "Offset": "0x7e00",
            "Size": "512    bytes",
            "Entropy": 4.8788
        },
        {
            "Name": ".reloc",
            "Virtual address": "0xc000",
            "Virtual size": "2224   bytes",
            "Offset": "0x8000",
            "Size": "2560   bytes",
            "Entropy": 5.7306
        }
    ],
    "Imported functions": [
        "Sleep",
        "CreateEventA",
        "lstrcatA",
        "MultiByteToWideChar",
        "GetLastError",
        "GetProcAddress",
        "WideCharToMultiByte",
        "GetModuleHandleA",
        "CreateMutexA",
        "OutputDebugStringA",
        "CloseHandle",
        "HeapSize",
        "GetStringTypeW",
        "LCMapStringW",
        "WriteFile",
        "SetEvent",
        "WaitForSingleObject",
        "GetModuleFileNameA",
        "RtlUnwind",
        "GetModuleFileNameW",
        "LoadLibraryW",
        "HeapReAlloc",
        "HeapAlloc",
        "IsValidCodePage",
        "GetOEMCP",
        "GetACP",
        "GetCPInfo",
        "EnterCriticalSection",
        "IsProcessorFeaturePresent",
        "LeaveCriticalSection",
        "GetSystemTimeAsFileTime",
        "GetCurrentProcessId",
        "GetTickCount",
        "QueryPerformanceCounter",
        "GetCurrentThreadId",
        "DecodePointer",
        "GetCommandLineA",
        "TerminateProcess",
        "GetCurrentProcess",
        "UnhandledExceptionFilter",
        "SetUnhandledExceptionFilter",
        "IsDebuggerPresent",
        "EncodePointer",
        "TlsAlloc",
        "TlsGetValue",
        "TlsSetValue",
        "TlsFree",
        "InterlockedIncrement",
        "GetModuleHandleW",
        "SetLastError",
        "InterlockedDecrement",
        "HeapFree",
        "ExitProcess",
        "SetHandleCount",
        "GetStdHandle",
        "InitializeCriticalSectionAndSpinCount",
        "GetFileType",
        "GetStartupInfoW",
        "DeleteCriticalSection",
        "FreeEnvironmentStringsW",
        "GetEnvironmentStringsW",
        "HeapCreate",
        "HeapDestroy",
        "SetServiceStatus",
        "RegisterServiceCtrlHandlerA",
        "StrRChrA"
    ],
    "Exported functions": [
        "ServiceMain"
    ],
    "Resources": {
        "Name": "No name",
        "Number of childs": 1,
        "Depth": 0,
        "Type": "Directory",
        "Id": "0x0"
    },
    "Resource manager": {
        "Type": "RESOURCE_TYPES.MANIFEST",
        "Language": "RESOURCE_LANGS.ENGLISH",
        "Sub-language": "RESOURCE_SUBLANGS.ENGLISH_US"
    },
    "Libraries": [
        "KERNEL32.dll",
        "ADVAPI32.dll",
        "SHLWAPI.dll"
    ],
    "Imports Name": [
        "KERNEL32.dll",
        "ADVAPI32.dll",
        "SHLWAPI.dll"
    ],
    "Imports Function IAT": [
        "0x600c",
        "0x6010",
        "0x6014",
        "0x6018",
        "0x601c",
        "0x6020",
        "0x6024",
        "0x6028",
        "0x602c",
        "0x6030",
        "0x6034",
        "0x6038",
        "0x603c",
        "0x6040",
        "0x6044",
        "0x6048",
        "0x604c",
        "0x6050",
        "0x6054",
        "0x6058",
        "0x605c",
        "0x6060",
        "0x6064",
        "0x6068",
        "0x606c",
        "0x6070",
        "0x6074",
        "0x6078",
        "0x607c",
        "0x6080",
        "0x6084",
        "0x6088",
        "0x608c",
        "0x6090",
        "0x6094",
        "0x6098",
        "0x609c",
        "0x60a0",
        "0x60a4",
        "0x60a8",
        "0x60ac",
        "0x60b0",
        "0x60b4",
        "0x60b8",
        "0x60bc",
        "0x60c0",
        "0x60c4",
        "0x60c8",
        "0x60cc",
        "0x60d0",
        "0x60d4",
        "0x60d8",
        "0x60dc",
        "0x60e0",
        "0x60e4",
        "0x60e8",
        "0x60ec",
        "0x60f0",
        "0x60f4",
        "0x60f8",
        "0x60fc",
        "0x6100",
        "0x6104",
        "0x6000",
        "0x6004",
        "0x610c"
    ],
    "Imports Function name": [
        "Sleep",
        "CreateEventA",
        "lstrcatA",
        "MultiByteToWideChar",
        "GetLastError",
        "GetProcAddress",
        "WideCharToMultiByte",
        "GetModuleHandleA",
        "CreateMutexA",
        "OutputDebugStringA",
        "CloseHandle",
        "HeapSize",
        "GetStringTypeW",
        "LCMapStringW",
        "WriteFile",
        "SetEvent",
        "WaitForSingleObject",
        "GetModuleFileNameA",
        "RtlUnwind",
        "GetModuleFileNameW",
        "LoadLibraryW",
        "HeapReAlloc",
        "HeapAlloc",
        "IsValidCodePage",
        "GetOEMCP",
        "GetACP",
        "GetCPInfo",
        "EnterCriticalSection",
        "IsProcessorFeaturePresent",
        "LeaveCriticalSection",
        "GetSystemTimeAsFileTime",
        "GetCurrentProcessId",
        "GetTickCount",
        "QueryPerformanceCounter",
        "GetCurrentThreadId",
        "DecodePointer",
        "GetCommandLineA",
        "TerminateProcess",
        "GetCurrentProcess",
        "UnhandledExceptionFilter",
        "SetUnhandledExceptionFilter",
        "IsDebuggerPresent",
        "EncodePointer",
        "TlsAlloc",
        "TlsGetValue",
        "TlsSetValue",
        "TlsFree",
        "InterlockedIncrement",
        "GetModuleHandleW",
        "SetLastError",
        "InterlockedDecrement",
        "HeapFree",
        "ExitProcess",
        "SetHandleCount",
        "GetStdHandle",
        "InitializeCriticalSectionAndSpinCount",
        "GetFileType",
        "GetStartupInfoW",
        "DeleteCriticalSection",
        "FreeEnvironmentStringsW",
        "GetEnvironmentStringsW",
        "HeapCreate",
        "HeapDestroy",
        "SetServiceStatus",
        "RegisterServiceCtrlHandlerA",
        "StrRChrA"
    ],
    "Configuration": {
        "Version": "WIN_VERSION.SEH",
        "Characteristics": "0x48",
        "Timedatestamp": null,
        "Major version": 0,
        "Minor version": 0,
        "Security cookie": "0x10009000"
    }
}