{
    "type": "file",
    "attributes": {
        "creation_date": 1593650373,
        "authentihash": "a7f4988c3211e86a624349934285a370085829739f3e83afc5f2764e80fc5f51",
        "times_submitted": 5,
        "crowdsourced_yara_results": [
            {
                "ruleset_id": "00c291ca7f",
                "rule_name": "INDICATOR_EXE_Packed_VMProtect",
                "ruleset_name": "indicator_packed",
                "description": "Detects executables packed with VMProtect.",
                "author": "ditekSHen",
                "source": "https://github.com/ditekshen/detection"
            }
        ],
        "first_submission_date": 1596568160,
        "names": [
            "zlib",
            "zlibwapi.dll",
            "1e5ca25dab653acfb4f356f0aca42f66",
            "dttcodexgigas.7c1c1cf26c2b8f3eb96fdd65b01d053a47f1099a"
        ],
        "magic": "PE32+ executable (DLL) (GUI) x86-64, for MS Windows",
        "type_tags": [
            "executable",
            "windows",
            "win32",
            "pe",
            "pedll"
        ],
        "md5": "1e5ca25dab653acfb4f356f0aca42f66",
        "detectiteasy": {
            "filetype": "PE64",
            "values": [
                {
                    "version": "10.00.40219",
                    "type": "Linker",
                    "name": "Microsoft Linker"
                },
                {
                    "version": "2010 SP1",
                    "type": "Compiler",
                    "name": "Microsoft Visual C/C++"
                },
                {
                    "info": "LTCG/C++",
                    "version": "16.00.40219",
                    "type": "Compiler",
                    "name": "Microsoft Visual C/C++"
                },
                {
                    "version": "2010",
                    "type": "Tool",
                    "name": "Visual Studio"
                },
                {
                    "version": "3.2.0-3.5.0",
                    "type": "Protector",
                    "name": "VMProtect"
                }
            ]
        },
        "sha256": "22167aff08db3bc3db144c03845e97f1f07d6081ac856864266083616da30281",
        "size": 5772800,
        "reputation": 0,
        "last_analysis_results": {
            "Bkav": {
                "method": "blacklist",
                "engine_name": "Bkav",
                "engine_version": "2.0.0.1",
                "engine_update": "20240114",
                "category": "malicious",
                "result": "W64.AIDetectMalware"
            },
            "Lionic": {
                "method": "blacklist",
                "engine_name": "Lionic",
                "engine_version": "7.5",
                "engine_update": "20240114",
                "category": "malicious",
                "result": "Trojan.Win32.NukeSped.b!c"
            },
            "tehtris": {
                "method": "blacklist",
                "engine_name": "tehtris",
                "engine_version": "v0.1.4-109-g76614fd",
                "engine_update": "20240114",
                "category": "undetected",
                "result": null
            },
            "MicroWorld-eScan": {
                "method": "blacklist",
                "engine_name": "MicroWorld-eScan",
                "engine_version": "14.0.409.0",
                "engine_update": "20240114",
                "category": "malicious",
                "result": "Gen:Variant.Bulz.48991"
            },
            "ClamAV": {
                "method": "blacklist",
                "engine_name": "ClamAV",
                "engine_version": "1.2.1.0",
                "engine_update": "20240114",
                "category": "malicious",
                "result": "Win.Malware.Agent-9377203-0"
            },
            "CMC": {
                "method": "blacklist",
                "engine_name": "CMC",
                "engine_version": "2.4.2022.1",
                "engine_update": "20240106",
                "category": "undetected",
                "result": null
            },
            "CAT-QuickHeal": {
                "method": "blacklist",
                "engine_name": "CAT-QuickHeal",
                "engine_version": "22.00",
                "engine_update": "20240114",
                "category": "undetected",
                "result": null
            },
            "Skyhigh": {
                "method": "blacklist",
                "engine_name": "Skyhigh",
                "engine_version": "v2021.2.0+4045",
                "engine_update": "20240114",
                "category": "malicious",
                "result": "BehavesLike.Win64.Generic.tc"
            },
            "McAfee": {
                "method": "blacklist",
                "engine_name": "McAfee",
                "engine_version": "6.0.6.653",
                "engine_update": "20240114",
                "category": "malicious",
                "result": "Artemis!1E5CA25DAB65"
            },
            "Malwarebytes": {
                "method": "blacklist",
                "engine_name": "Malwarebytes",
                "engine_version": "4.5.5.54",
                "engine_update": "20240114",
                "category": "undetected",
                "result": null
            },
            "VIPRE": {
                "method": "blacklist",
                "engine_name": "VIPRE",
                "engine_version": "6.0.0.35",
                "engine_update": "20240114",
                "category": "malicious",
                "result": "Gen:Variant.Bulz.48991"
            },
            "Sangfor": {
                "method": "blacklist",
                "engine_name": "Sangfor",
                "engine_version": "2.23.0.0",
                "engine_update": "20240106",
                "category": "malicious",
                "result": "Trojan.Win32.Lazarus.IOC"
            },
            "CrowdStrike": {
                "method": "blacklist",
                "engine_name": "CrowdStrike",
                "engine_version": "1.0",
                "engine_update": "20231026",
                "category": "malicious",
                "result": "win/malicious_confidence_100% (W)"
            },
            "Alibaba": {
                "method": "blacklist",
                "engine_name": "Alibaba",
                "engine_version": "0.3.0.5",
                "engine_update": "20190527",
                "category": "malicious",
                "result": "TrojanDropper:Win64/NukeSped.a68388ad"
            },
            "K7GW": {
                "method": "blacklist",
                "engine_name": "K7GW",
                "engine_version": "12.135.50735",
                "engine_update": "20240114",
                "category": "malicious",
                "result": "Trojan ( 0056c7a71 )"
            },
            "K7AntiVirus": {
                "method": "blacklist",
                "engine_name": "K7AntiVirus",
                "engine_version": "12.135.50735",
                "engine_update": "20240114",
                "category": "malicious",
                "result": "Trojan ( 0056c7a71 )"
            },
            "Baidu": {
                "method": "blacklist",
                "engine_name": "Baidu",
                "engine_version": "1.0.0.2",
                "engine_update": "20190318",
                "category": "undetected",
                "result": null
            },
            "VirIT": {
                "method": "blacklist",
                "engine_name": "VirIT",
                "engine_version": "9.5.617",
                "engine_update": "20240112",
                "category": "undetected",
                "result": null
            },
            "Symantec": {
                "method": "blacklist",
                "engine_name": "Symantec",
                "engine_version": "1.21.0.0",
                "engine_update": "20240114",
                "category": "malicious",
                "result": "Trojan.Gen.MBT"
            },
            "Elastic": {
                "method": "blacklist",
                "engine_name": "Elastic",
                "engine_version": "4.0.123",
                "engine_update": "20240109",
                "category": "malicious",
                "result": "malicious (high confidence)"
            },
            "ESET-NOD32": {
                "method": "blacklist",
                "engine_name": "ESET-NOD32",
                "engine_version": "28568",
                "engine_update": "20240114",
                "category": "malicious",
                "result": "Win64/NukeSped.DR"
            },
            "Zoner": {
                "method": "blacklist",
                "engine_name": "Zoner",
                "engine_version": "2.2.2.0",
                "engine_update": "20240114",
                "category": "undetected",
                "result": null
            },
            "APEX": {
                "method": "blacklist",
                "engine_name": "APEX",
                "engine_version": "6.489",
                "engine_update": "20240113",
                "category": "undetected",
                "result": null
            },
            "Paloalto": {
                "method": "blacklist",
                "engine_name": "Paloalto",
                "engine_version": "0.9.0.1003",
                "engine_update": "20240114",
                "category": "undetected",
                "result": null
            },
            "Cynet": {
                "method": "blacklist",
                "engine_name": "Cynet",
                "engine_version": "4.0.0.28",
                "engine_update": "20240114",
                "category": "malicious",
                "result": "Malicious (score: 100)"
            },
            "Kaspersky": {
                "method": "blacklist",
                "engine_name": "Kaspersky",
                "engine_version": "22.0.1.28",
                "engine_update": "20240114",
                "category": "malicious",
                "result": "Trojan-Dropper.Win64.Agent.aeh"
            },
            "BitDefender": {
                "method": "blacklist",
                "engine_name": "BitDefender",
                "engine_version": "7.2",
                "engine_update": "20240114",
                "category": "malicious",
                "result": "Gen:Variant.Bulz.48991"
            },
            "NANO-Antivirus": {
                "method": "blacklist",
                "engine_name": "NANO-Antivirus",
                "engine_version": "1.0.146.25796",
                "engine_update": "20240114",
                "category": "malicious",
                "result": "Trojan.Win64.NukeSped.hrvyrw"
            },
            "SUPERAntiSpyware": {
                "method": "blacklist",
                "engine_name": "SUPERAntiSpyware",
                "engine_version": "5.6.0.1032",
                "engine_update": "20240114",
                "category": "undetected",
                "result": null
            },
            "Tencent": {
                "method": "blacklist",
                "engine_name": "Tencent",
                "engine_version": "1.0.0.1",
                "engine_update": "20240114",
                "category": "malicious",
                "result": "Win64.Trojan-Dropper.Agent.Etgl"
            },
            "Sophos": {
                "method": "blacklist",
                "engine_name": "Sophos",
                "engine_version": "2.4.3.0",
                "engine_update": "20240114",
                "category": "malicious",
                "result": "Mal/Generic-S"
            },
            "F-Secure": {
                "method": "blacklist",
                "engine_name": "F-Secure",
                "engine_version": "18.10.1547.307",
                "engine_update": "20240114",
                "category": "malicious",
                "result": "Trojan.TR/NukeSped.ibtfv"
            },
            "DrWeb": {
                "method": "blacklist",
                "engine_name": "DrWeb",
                "engine_version": "7.0.61.8090",
                "engine_update": "20240114",
                "category": "malicious",
                "result": "Trojan.Siggen19.2216"
            },
            "Zillya": {
                "method": "blacklist",
                "engine_name": "Zillya",
                "engine_version": "2.0.0.5033",
                "engine_update": "20240112",
                "category": "malicious",
                "result": "Trojan.NukeSped.Win64.122"
            },
            "TrendMicro": {
                "method": "blacklist",
                "engine_name": "TrendMicro",
                "engine_version": "11.0.0.1006",
                "engine_update": "20240114",
                "category": "malicious",
                "result": "TROJ_GEN.R002C0GFD23"
            },
            "Emsisoft": {
                "method": "blacklist",
                "engine_name": "Emsisoft",
                "engine_version": "2022.6.0.32461",
                "engine_update": "20240114",
                "category": "malicious",
                "result": "Gen:Variant.Bulz.48991 (B)"
            },
            "Ikarus": {
                "method": "blacklist",
                "engine_name": "Ikarus",
                "engine_version": "6.2.4.0",
                "engine_update": "20240114",
                "category": "malicious",
                "result": "Trojan.Win64.Nukesped"
            },
            "GData": {
                "method": "blacklist",
                "engine_name": "GData",
                "engine_version": "A:25.37163B:27.34564",
                "engine_update": "20240114",
                "category": "malicious",
                "result": "Gen:Variant.Bulz.48991"
            },
            "Jiangmin": {
                "method": "blacklist",
                "engine_name": "Jiangmin",
                "engine_version": "16.0.100",
                "engine_update": "20240113",
                "category": "malicious",
                "result": "Trojan.Bulz.oz"
            },
            "Webroot": {
                "method": "blacklist",
                "engine_name": "Webroot",
                "engine_version": "1.0.0.403",
                "engine_update": "20240114",
                "category": "undetected",
                "result": null
            },
            "Google": {
                "method": "blacklist",
                "engine_name": "Google",
                "engine_version": "1705246232",
                "engine_update": "20240114",
                "category": "malicious",
                "result": "Detected"
            },
            "Avira": {
                "method": "blacklist",
                "engine_name": "Avira",
                "engine_version": "8.3.3.16",
                "engine_update": "20240114",
                "category": "malicious",
                "result": "TR/NukeSped.ibtfv"
            },
            "Antiy-AVL": {
                "method": "blacklist",
                "engine_name": "Antiy-AVL",
                "engine_version": "3.0",
                "engine_update": "20240114",
                "category": "malicious",
                "result": "Trojan[APT]/Win32.Lazarus"
            },
            "Kingsoft": {
                "method": "blacklist",
                "engine_name": "Kingsoft",
                "engine_version": "None",
                "engine_update": "20230906",
                "category": "malicious",
                "result": "Win32.Troj.Unknown.a"
            },
            "Gridinsoft": {
                "method": "blacklist",
                "engine_name": "Gridinsoft",
                "engine_version": "1.0.154.174",
                "engine_update": "20240114",
                "category": "undetected",
                "result": null
            },
            "Xcitium": {
                "method": "blacklist",
                "engine_name": "Xcitium",
                "engine_version": "36346",
                "engine_update": "20240114",
                "category": "undetected",
                "result": null
            },
            "Arcabit": {
                "method": "blacklist",
                "engine_name": "Arcabit",
                "engine_version": "2022.0.0.18",
                "engine_update": "20240114",
                "category": "malicious",
                "result": "Trojan.Bulz.DBF5F"
            },
            "ViRobot": {
                "method": "blacklist",
                "engine_name": "ViRobot",
                "engine_version": "2014.3.20.0",
                "engine_update": "20240114",
                "category": "malicious",
                "result": "Trojan.Win64.S.Agent.5772800"
            },
            "ZoneAlarm": {
                "method": "blacklist",
                "engine_name": "ZoneAlarm",
                "engine_version": "1.0",
                "engine_update": "20240114",
                "category": "malicious",
                "result": "Trojan-Dropper.Win64.Agent.aeh"
            },
            "Microsoft": {
                "method": "blacklist",
                "engine_name": "Microsoft",
                "engine_version": "1.1.23110.2",
                "engine_update": "20240114",
                "category": "undetected",
                "result": null
            },
            "Varist": {
                "method": "blacklist",
                "engine_name": "Varist",
                "engine_version": "6.5.1.2",
                "engine_update": "20240114",
                "category": "malicious",
                "result": "W64/ABTrojan.RUDR-4001"
            },
            "AhnLab-V3": {
                "method": "blacklist",
                "engine_name": "AhnLab-V3",
                "engine_version": "3.25.0.10459",
                "engine_update": "20240114",
                "category": "malicious",
                "result": "Trojan/Win64.Nukesped.R347828"
            },
            "Acronis": {
                "method": "blacklist",
                "engine_name": "Acronis",
                "engine_version": "1.2.0.121",
                "engine_update": "20230828",
                "category": "undetected",
                "result": null
            },
            "BitDefenderTheta": {
                "method": "blacklist",
                "engine_name": "BitDefenderTheta",
                "engine_version": "7.2.37796.0",
                "engine_update": "20240103",
                "category": "undetected",
                "result": null
            },
            "ALYac": {
                "method": "blacklist",
                "engine_name": "ALYac",
                "engine_version": "2.0.0.7",
                "engine_update": "20240114",
                "category": "malicious",
                "result": "Trojan.Nukesped.A"
            },
            "TACHYON": {
                "method": "blacklist",
                "engine_name": "TACHYON",
                "engine_version": "2024-01-14.02",
                "engine_update": "20240114",
                "category": "undetected",
                "result": null
            },
            "DeepInstinct": {
                "method": "blacklist",
                "engine_name": "DeepInstinct",
                "engine_version": "5.0.0.8",
                "engine_update": "20240114",
                "category": "malicious",
                "result": "MALICIOUS"
            },
            "VBA32": {
                "method": "blacklist",
                "engine_name": "VBA32",
                "engine_version": "5.0.0",
                "engine_update": "20240112",
                "category": "undetected",
                "result": null
            },
            "Cylance": {
                "method": "blacklist",
                "engine_name": "Cylance",
                "engine_version": "2.0.0.0",
                "engine_update": "20240103",
                "category": "malicious",
                "result": "unsafe"
            },
            "TrendMicro-HouseCall": {
                "method": "blacklist",
                "engine_name": "TrendMicro-HouseCall",
                "engine_version": "10.0.0.1040",
                "engine_update": "20240114",
                "category": "malicious",
                "result": "TROJ_GEN.R002C0GFD23"
            },
            "Rising": {
                "method": "blacklist",
                "engine_name": "Rising",
                "engine_version": "25.0.0.27",
                "engine_update": "20240114",
                "category": "malicious",
                "result": "Trojan.NukeSped!8.3184 (TFE:4:YopzwLFpDBV)"
            },
            "Yandex": {
                "method": "blacklist",
                "engine_name": "Yandex",
                "engine_version": "5.5.2.24",
                "engine_update": "20240114",
                "category": "undetected",
                "result": null
            },
            "SentinelOne": {
                "method": "blacklist",
                "engine_name": "SentinelOne",
                "engine_version": "23.4.2.3",
                "engine_update": "20231119",
                "category": "malicious",
                "result": "Static AI - Suspicious PE"
            },
            "MaxSecure": {
                "method": "blacklist",
                "engine_name": "MaxSecure",
                "engine_version": "1.0.0.1",
                "engine_update": "20240113",
                "category": "undetected",
                "result": null
            },
            "Fortinet": {
                "method": "blacklist",
                "engine_name": "Fortinet",
                "engine_version": "None",
                "engine_update": "20240114",
                "category": "malicious",
                "result": "W64/NukeSped.DR!tr"
            },
            "Panda": {
                "method": "blacklist",
                "engine_name": "Panda",
                "engine_version": "4.6.4.2",
                "engine_update": "20240114",
                "category": "malicious",
                "result": "Trj/CI.A"
            },
            "Avast": {
                "method": "blacklist",
                "engine_name": "Avast",
                "engine_version": "23.9.8494.0",
                "engine_update": "20240114",
                "category": "timeout",
                "result": null
            },
            "AVG": {
                "method": "blacklist",
                "engine_name": "AVG",
                "engine_version": "23.9.8494.0",
                "engine_update": "20240114",
                "category": "timeout",
                "result": null
            },
            "Trustlook": {
                "method": "blacklist",
                "engine_name": "Trustlook",
                "engine_version": "1.0",
                "engine_update": "20240114",
                "category": "type-unsupported",
                "result": null
            },
            "SymantecMobileInsight": {
                "method": "blacklist",
                "engine_name": "SymantecMobileInsight",
                "engine_version": "2.0",
                "engine_update": "20240103",
                "category": "type-unsupported",
                "result": null
            },
            "BitDefenderFalx": {
                "method": "blacklist",
                "engine_name": "BitDefenderFalx",
                "engine_version": "2.0.936",
                "engine_update": "20240108",
                "category": "type-unsupported",
                "result": null
            },
            "Avast-Mobile": {
                "method": "blacklist",
                "engine_name": "Avast-Mobile",
                "engine_version": "240114-00",
                "engine_update": "20240114",
                "category": "type-unsupported",
                "result": null
            },
            "Cybereason": {
                "method": "blacklist",
                "engine_name": "Cybereason",
                "engine_version": "1.2.449",
                "engine_update": "20231102",
                "category": "type-unsupported",
                "result": null
            }
        },
        "unique_sources": 5,
        "total_votes": {
            "harmless": 0,
            "malicious": 0
        },
        "last_modification_date": 1710519482,
        "type_extension": "dll",
        "type_tag": "pedll",
        "last_analysis_date": 1705249324,
        "vhash": "156086050d05070775151bz17z17z13z1dz84",
        "pe_info": {
            "timestamp": 1593650373,
            "imphash": "faf1805229fcf711f581ffe35a31ca5a",
            "machine_type": 34404,
            "entry_point": 8216160,
            "resource_details": [
                {
                    "lang": "FRENCH",
                    "chi2": 64559.2,
                    "filetype": "unknown",
                    "entropy": 3.4676852226257324,
                    "sha256": "da920afeb5f33a799cee4097967131e2493c390a83771ee59fdeb61405af3b49",
                    "type": "RT_VERSION"
                }
            ],
            "resource_langs": {
                "FRENCH": 1
            },
            "resource_types": {
                "RT_VERSION": 1
            },
            "sections": [
                {
                    "name": ".text",
                    "chi2": -1.0,
                    "virtual_address": 4096,
                    "flags": "rx",
                    "raw_size": 0,
                    "entropy": 0.0,
                    "virtual_size": 123496,
                    "md5": "d41d8cd98f00b204e9800998ecf8427e"
                },
                {
                    "name": ".rdata",
                    "chi2": -1.0,
                    "virtual_address": 131072,
                    "flags": "r",
                    "raw_size": 0,
                    "entropy": 0.0,
                    "virtual_size": 40647,
                    "md5": "d41d8cd98f00b204e9800998ecf8427e"
                },
                {
                    "name": ".data",
                    "chi2": -1.0,
                    "virtual_address": 172032,
                    "flags": "rw",
                    "raw_size": 0,
                    "entropy": 0.0,
                    "virtual_size": 219176,
                    "md5": "d41d8cd98f00b204e9800998ecf8427e"
                },
                {
                    "name": ".pdata",
                    "chi2": -1.0,
                    "virtual_address": 393216,
                    "flags": "r",
                    "raw_size": 0,
                    "entropy": 0.0,
                    "virtual_size": 7140,
                    "md5": "d41d8cd98f00b204e9800998ecf8427e"
                },
                {
                    "name": ".vmp0",
                    "chi2": -1.0,
                    "virtual_address": 401408,
                    "flags": "rx",
                    "raw_size": 0,
                    "entropy": 0.0,
                    "virtual_size": 3541267,
                    "md5": "d41d8cd98f00b204e9800998ecf8427e"
                },
                {
                    "name": ".vmp1",
                    "chi2": 1261477.0,
                    "virtual_address": 3944448,
                    "flags": "rx",
                    "raw_size": 5770240,
                    "entropy": 7.9,
                    "virtual_size": 5769792,
                    "md5": "0409b1b61d7c338075f30a1cf8592255"
                },
                {
                    "name": ".reloc",
                    "chi2": 93363.0,
                    "virtual_address": 9715712,
                    "flags": "r",
                    "raw_size": 512,
                    "entropy": 1.43,
                    "virtual_size": 144,
                    "md5": "895f310d51a20d3659184f9cc9426e03"
                },
                {
                    "name": ".rsrc",
                    "chi2": 101544.5,
                    "virtual_address": 9719808,
                    "flags": "r",
                    "raw_size": 1024,
                    "entropy": 3.08,
                    "virtual_size": 912,
                    "md5": "04055062ec5090bf60d8faa105c88d7a"
                }
            ],
            "exports": [
                "BZ2_bzInit",
                "BZ2_bzZip",
                "BZ2_bzZipW",
                "adler32",
                "adler32_combine",
                "adler32_z",
                "compress",
                "compress2",
                "compressBound",
                "crc32",
                "crc32_combine",
                "crc32_z",
                "deflate",
                "deflateBound",
                "deflateCopy",
                "deflateEnd",
                "deflateGetDictionary",
                "deflateInit2_",
                "deflateInit_",
                "deflateParams",
                "deflatePending",
                "deflatePrime",
                "deflateReset",
                "deflateResetKeep",
                "deflateSetDictionary",
                "deflateSetHeader",
                "deflateTune",
                "fill_win32_filefunc",
                "fill_win32_filefunc64",
                "fill_win32_filefunc64A",
                "fill_win32_filefunc64W",
                "get_crc_table",
                "gzbuffer",
                "gzclearerr",
                "gzclose",
                "gzclose_r",
                "gzclose_w",
                "gzdirect",
                "gzdopen",
                "gzeof",
                "gzerror",
                "gzflush",
                "gzfread",
                "gzfwrite",
                "gzgetc",
                "gzgetc_",
                "gzgets",
                "gzoffset",
                "gzopen",
                "gzopen_w",
                "gzprintf",
                "gzputc",
                "gzputs",
                "gzread",
                "gzrewind",
                "gzseek",
                "gzsetparams",
                "gztell",
                "gzungetc",
                "gzvprintf",
                "gzwrite",
                "inflate",
                "inflateBack",
                "inflateBackEnd",
                "inflateBackInit_",
                "inflateCodesUsed",
                "inflateCopy",
                "inflateEnd",
                "inflateGetDictionary",
                "inflateGetHeader",
                "inflateInit2_",
                "inflateInit_",
                "inflateMark",
                "inflatePrime",
                "inflateReset",
                "inflateReset2",
                "inflateResetKeep",
                "inflateSetDictionary",
                "inflateSync",
                "inflateSyncPoint",
                "inflateUndermine",
                "inflateValidate",
                "uncompress",
                "uncompress2",
                "unzClose",
                "unzCloseCurrentFile",
                "unzGetCurrentFileInfo",
                "unzGetCurrentFileInfo64",
                "unzGetCurrentFileZStreamPos64",
                "unzGetFilePos",
                "unzGetFilePos64",
                "unzGetGlobalComment",
                "unzGetGlobalInfo",
                "unzGetGlobalInfo64",
                "unzGetLocalExtrafield",
                "unzGoToFilePos",
                "unzGoToFilePos64",
                "unzGoToFirstFile",
                "unzGoToNextFile",
                "unzLocateFile",
                "unzOpen",
                "unzOpen2",
                "unzOpen2_64",
                "unzOpen64",
                "unzOpenCurrentFile",
                "unzOpenCurrentFile2",
                "unzOpenCurrentFile3",
                "unzOpenCurrentFilePassword",
                "unzReadCurrentFile",
                "unzStringFileNameCompare",
                "unzeof",
                "unztell",
                "unztell64",
                "zError",
                "zipClose",
                "zipCloseFileInZip",
                "zipCloseFileInZipRaw",
                "zipCloseFileInZipRaw64",
                "zipOpen",
                "zipOpen2",
                "zipOpen2_64",
                "zipOpen64",
                "zipOpenNewFileInZip",
                "zipOpenNewFileInZip2",
                "zipOpenNewFileInZip2_64",
                "zipOpenNewFileInZip3",
                "zipOpenNewFileInZip3_64",
                "zipOpenNewFileInZip4_64",
                "zipOpenNewFileInZip64",
                "zipWriteInFileInZip",
                "zlibCompileFlags",
                "zlibVersion"
            ],
            "compiler_product_versions": [
                "[C++] VS2010 SP1 build 40219 count=30",
                "[ C ] VS2010 SP1 build 40219 count=111",
                "[ C ] VS2008 SP1 build 30729 count=2",
                "[IMP] VS2008 SP1 build 30729 count=7",
                "[---] Unmarked objects count=98",
                "[ASM] VS2010 SP1 build 40219 count=11",
                "[EXP] VS2010 SP1 build 40219 count=1",
                "[RES] VS2010 SP1 build 40219 count=1",
                "[LNK] VS2010 SP1 build 40219 count=1",
                "id: 0x98, version: 20115 count=5",
                "id: 0x87, version: 30729 count=1",
                "id: 0xaf, version: 40219 count=23"
            ],
            "rich_pe_header_hash": "ee5f3c06324e029322fa05134969bc32",
            "import_list": [
                {
                    "library_name": "SHELL32.dll",
                    "imported_functions": [
                        "CommandLineToArgvW"
                    ]
                },
                {
                    "library_name": "KERNEL32.dll",
                    "imported_functions": [
                        "ExitProcess",
                        "FlsSetValue",
                        "FreeLibrary",
                        "GetModuleFileNameW",
                        "GetModuleHandleA",
                        "GetProcAddress",
                        "GetProcessAffinityMask",
                        "GetVersion",
                        "LoadLibraryA",
                        "LocalAlloc",
                        "LocalFree",
                        "SetProcessAffinityMask",
                        "SetThreadAffinityMask",
                        "Sleep"
                    ]
                },
                {
                    "library_name": "ole32.dll",
                    "imported_functions": [
                        "CoCreateInstance"
                    ]
                },
                {
                    "library_name": "USER32.dll",
                    "imported_functions": [
                        "GetProcessWindowStation",
                        "GetUserObjectInformationW"
                    ]
                },
                {
                    "library_name": "WTSAPI32.dll",
                    "imported_functions": [
                        "WTSSendMessageW"
                    ]
                }
            ]
        },
        "sha1": "7c1c1cf26c2b8f3eb96fdd65b01d053a47f1099a",
        "signature_info": {
            "product": "ZLib.DLL",
            "description": "zlib data compression and ZIP file I/O library",
            "file version": "1.2.11",
            "original name": "zlibwapi.dll",
            "comments": "DLL support by Alessandro Iacopetti & Gilles Vollant",
            "internal name": "zlib",
            "copyright": "(C) 1995-2017 Jean-loup Gailly & Mark Adler"
        },
        "meaningful_name": "zlibwapi.dll",
        "trid": [
            {
                "file_type": "Win16 NE executable (generic)",
                "probability": 45.5
            },
            {
                "file_type": "OS/2 Executable (generic)",
                "probability": 18.3
            },
            {
                "file_type": "Generic Win/DOS Executable",
                "probability": 18.0
            },
            {
                "file_type": "DOS Executable Generic",
                "probability": 18.0
            }
        ],
        "tlsh": "T17046126D2244339CC02E88309523FE49B5A5D93E52E5D5EAB1C7AFD07B9F412EA05F0B",
        "tags": [
            "64bits",
            "assembly",
            "pedll"
        ],
        "sandbox_verdicts": {
            "C2AE": {
                "category": "undetected",
                "sandbox_name": "C2AE",
                "malware_classification": [
                    "UNKNOWN_VERDICT"
                ]
            },
            "DAS-Security Orcas": {
                "category": "harmless",
                "sandbox_name": "DAS-Security Orcas",
                "malware_classification": [
                    "CLEAN"
                ]
            }
        },
        "type_description": "Win32 DLL",
        "last_submission_date": 1686792301,
        "last_analysis_stats": {
            "malicious": 46,
            "suspicious": 0,
            "undetected": 20,
            "harmless": 0,
            "timeout": 2,
            "confirmed-timeout": 0,
            "failure": 0,
            "type-unsupported": 5
        },
        "ssdeep": "98304:Z4oZOihnC5wkwHrslexq1erZo9kDgUM7Jl1XdQyt+4OHKNWVgRF6fK16k8:Z5hC6xHrPxqiIsgUM7J2ytVO2Ai6"
    },
    "id": "22167aff08db3bc3db144c03845e97f1f07d6081ac856864266083616da30281"
}