{
    "SourceFile": "C:/Users/ricewater/Documents/MITREandCrowdstrikeApr2024Samples/22167aff08db3bc3db144c03845e97f1f07d6081ac856864266083616da30281/22167aff08db3bc3db144c03845e97f1f07d6081ac856864266083616da30281",
    "ExifToolVersion": 12.4,
    "FileName": "22167aff08db3bc3db144c03845e97f1f07d6081ac856864266083616da30281",
    "Directory": "C:/Users/ricewater/Documents/MITREandCrowdstrikeApr2024Samples/22167aff08db3bc3db144c03845e97f1f07d6081ac856864266083616da30281",
    "FileSize": "5.5 MiB",
    "FileModifyDate": "2024:04:02 20:53:59+02:00",
    "FileAccessDate": "2024:04:04 06:48:06+02:00",
    "FileCreateDate": "2024:04:03 17:50:59+02:00",
    "FilePermissions": "-rw-rw-rw-",
    "FileType": "Win64 DLL",
    "FileTypeExtension": "dll",
    "MIMEType": "application/octet-stream",
    "MachineType": "AMD AMD64",
    "TimeStamp": "2020:07:02 02:39:33+02:00",
    "ImageFileCharacteristics": "Executable, Large address aware, DLL",
    "PEType": "PE32+",
    "LinkerVersion": 10.0,
    "CodeSize": 123904,
    "InitializedDataSize": 270848,
    "UninitializedDataSize": 0,
    "EntryPoint": "0x7d5e60",
    "OSVersion": 5.2,
    "ImageVersion": 1.2,
    "SubsystemVersion": 5.2,
    "Subsystem": "Windows GUI",
    "FileVersionNumber": "1.2.11.0",
    "ProductVersionNumber": "1.2.11.0",
    "FileFlagsMask": "0x003f",
    "FileFlags": "(none)",
    "FileOS": "Windows 32-bit",
    "ObjectFileType": "Dynamic link library",
    "FileSubtype": 0,
    "LanguageCode": "English (U.S.)",
    "CharacterSet": "Windows, Latin1",
    "FileDescription": "zlib data compression and ZIP file I/O library",
    "FileVersion": "1.2.11",
    "InternalName": "zlib",
    "OriginalFileName": "zlibwapi.dll",
    "ProductName": "ZLib.DLL",
    "Comments": "DLL support by Alessandro Iacopetti & Gilles Vollant",
    "LegalCopyright": "(C) 1995-2017 Jean-loup Gailly & Mark Adler"
}