{
    "Date of compilation": "Jul 02 2020 at 00:39:33",
    "Imphash": "e10c60eda2fa73cdcfad1de165e132cc",
    "Optional header": {
        "addressof_entrypoint": 8216160,
        "baseof_code": 4096,
        "baseof_data": 0,
        "checksum": 0,
        "computed_checksum": 5818315,
        "dll_characteristics": 320,
        "dll_characteristics_lists": [
            {
                "DYNAMIC_BASE": 64
            },
            {
                "NX_COMPAT": 256
            }
        ],
        "file_alignment": 512,
        "imagebase": 6442450944,
        "loader_flags": 0,
        "magic": {
            "PE32_PLUS": 523
        },
        "major_image_version": 1,
        "major_linker_version": 10,
        "major_operating_system_version": 5,
        "major_subsystem_version": 5,
        "minor_image_version": 2,
        "minor_linker_version": 0,
        "minor_operating_system_version": 2,
        "minor_subsystem_version": 2,
        "numberof_rva_and_size": 16,
        "section_alignment": 4096,
        "sizeof_code": 123904,
        "sizeof_headers": 1024,
        "sizeof_heap_commit": 4096,
        "sizeof_heap_reserve": 1048576,
        "sizeof_image": 9723904,
        "sizeof_initialized_data": 270848,
        "sizeof_stack_commit": 4096,
        "sizeof_stack_reserve": 1048576,
        "sizeof_uninitialized_data": 0,
        "subsystem": {
            "WINDOWS_GUI": 2
        },
        "win32_version_value": 0
    },
    "Platform": "DLLfile",
    "CPU type": "MACHINE_TYPES.AMD64",
    "File type": "Unknown",
    "Entrypoint": 6450667104,
    "Number of sections": 8,
    "Sections": [
        {
            "Name": ".text",
            "Virtual address": "0x1000",
            "Virtual size": "123496 bytes",
            "Offset": "0x0",
            "Size": "0      bytes",
            "Entropy": 0.0
        },
        {
            "Name": ".rdata",
            "Virtual address": "0x20000",
            "Virtual size": "40647  bytes",
            "Offset": "0x0",
            "Size": "0      bytes",
            "Entropy": 0.0
        },
        {
            "Name": ".data",
            "Virtual address": "0x2a000",
            "Virtual size": "219176 bytes",
            "Offset": "0x0",
            "Size": "0      bytes",
            "Entropy": 0.0
        },
        {
            "Name": ".pdata",
            "Virtual address": "0x60000",
            "Virtual size": "7140   bytes",
            "Offset": "0x0",
            "Size": "0      bytes",
            "Entropy": 0.0
        },
        {
            "Name": ".vmp0",
            "Virtual address": "0x62000",
            "Virtual size": "3541267 bytes",
            "Offset": "0x0",
            "Size": "0      bytes",
            "Entropy": 0.0
        },
        {
            "Name": ".vmp1",
            "Virtual address": "0x3c3000",
            "Virtual size": "5769792 bytes",
            "Offset": "0x400",
            "Size": "5770240 bytes",
            "Entropy": 7.9002
        },
        {
            "Name": ".reloc",
            "Virtual address": "0x944000",
            "Virtual size": "144    bytes",
            "Offset": "0x581000",
            "Size": "512    bytes",
            "Entropy": 3.8765
        },
        {
            "Name": ".rsrc",
            "Virtual address": "0x945000",
            "Virtual size": "912    bytes",
            "Offset": "0x581200",
            "Size": "1024   bytes",
            "Entropy": 3.3646
        }
    ],
    "Imported functions": [
        "GetVersion",
        "CommandLineToArgvW",
        "CoCreateInstance",
        "WTSSendMessageW",
        "FlsSetValue",
        "GetProcessWindowStation",
        "LocalAlloc",
        "LocalFree",
        "GetModuleFileNameW",
        "GetProcessAffinityMask",
        "SetProcessAffinityMask",
        "SetThreadAffinityMask",
        "Sleep",
        "ExitProcess",
        "FreeLibrary",
        "LoadLibraryA",
        "GetModuleHandleA",
        "GetProcAddress",
        "GetProcessWindowStation",
        "GetUserObjectInformationW"
    ],
    "Exported functions": [
        "adler32",
        "compress",
        "crc32",
        "deflate",
        "deflateCopy",
        "deflateEnd",
        "deflateInit2_",
        "deflateInit_",
        "deflateParams",
        "deflateReset",
        "deflateSetDictionary",
        "gzclose",
        "gzdopen",
        "gzerror",
        "gzflush",
        "gzopen",
        "gzread",
        "gzwrite",
        "inflate",
        "inflateEnd",
        "inflateInit2_",
        "inflateInit_",
        "inflateReset",
        "inflateSetDictionary",
        "inflateSync",
        "uncompress",
        "zlibVersion",
        "gzprintf",
        "gzputc",
        "gzgetc",
        "gzseek",
        "gzrewind",
        "gztell",
        "gzeof",
        "gzsetparams",
        "zError",
        "inflateSyncPoint",
        "get_crc_table",
        "compress2",
        "gzputs",
        "gzgets",
        "inflateCopy",
        "inflateBackInit_",
        "inflateBack",
        "inflateBackEnd",
        "compressBound",
        "deflateBound",
        "gzclearerr",
        "gzungetc",
        "zlibCompileFlags",
        "deflatePrime",
        "deflatePending",
        "BZ2_bzInit",
        "BZ2_bzZipW",
        "BZ2_bzZip",
        "unzOpen",
        "unzClose",
        "unzGetGlobalInfo",
        "unzGetCurrentFileInfo",
        "unzGoToFirstFile",
        "unzGoToNextFile",
        "unzOpenCurrentFile",
        "unzReadCurrentFile",
        "unzOpenCurrentFile3",
        "unztell",
        "unzeof",
        "unzCloseCurrentFile",
        "unzGetGlobalComment",
        "unzStringFileNameCompare",
        "unzLocateFile",
        "unzGetLocalExtrafield",
        "unzOpen2",
        "unzOpenCurrentFile2",
        "unzOpenCurrentFilePassword",
        "zipOpen",
        "zipOpenNewFileInZip",
        "zipWriteInFileInZip",
        "zipCloseFileInZip",
        "zipClose",
        "zipOpenNewFileInZip2",
        "zipCloseFileInZipRaw",
        "zipOpen2",
        "zipOpenNewFileInZip3",
        "unzGetFilePos",
        "unzGoToFilePos",
        "fill_win32_filefunc",
        "fill_win32_filefunc64",
        "fill_win32_filefunc64A",
        "fill_win32_filefunc64W",
        "unzOpen64",
        "unzOpen2_64",
        "unzGetGlobalInfo64",
        "unzGetCurrentFileInfo64",
        "unzGetCurrentFileZStreamPos64",
        "unztell64",
        "unzGetFilePos64",
        "unzGoToFilePos64",
        "zipOpen64",
        "zipOpen2_64",
        "zipOpenNewFileInZip64",
        "zipOpenNewFileInZip2_64",
        "zipOpenNewFileInZip3_64",
        "zipOpenNewFileInZip4_64",
        "zipCloseFileInZipRaw64",
        "adler32_combine",
        "crc32_combine",
        "deflateSetHeader",
        "deflateTune",
        "gzbuffer",
        "gzclose_r",
        "gzclose_w",
        "gzdirect",
        "gzoffset",
        "inflateGetHeader",
        "inflateMark",
        "inflatePrime",
        "inflateReset2",
        "inflateUndermine",
        "gzgetc_",
        "inflateResetKeep",
        "deflateResetKeep",
        "gzopen_w",
        "inflateGetDictionary",
        "gzvprintf",
        "inflateCodesUsed",
        "inflateValidate",
        "uncompress2",
        "gzfread",
        "gzfwrite",
        "deflateGetDictionary",
        "adler32_z",
        "crc32_z"
    ],
    "Resources": {
        "Name": "No name",
        "Number of childs": 1,
        "Depth": 0,
        "Type": "Directory",
        "Id": "0x0"
    },
    "Resource manager": {
        "Type": "RESOURCE_TYPES.VERSION",
        "Language": "RESOURCE_LANGS.FRENCH",
        "Sub-language": "RESOURCE_SUBLANGS.FRENCH"
    },
    "Libraries": [
        "KERNEL32.dll",
        "SHELL32.dll",
        "ole32.dll",
        "WTSAPI32.dll",
        "KERNEL32.dll",
        "USER32.dll",
        "KERNEL32.dll",
        "USER32.dll"
    ],
    "Imports Name": [
        "KERNEL32.dll",
        "SHELL32.dll",
        "ole32.dll",
        "WTSAPI32.dll",
        "KERNEL32.dll",
        "USER32.dll",
        "KERNEL32.dll",
        "USER32.dll"
    ],
    "Imports Function IAT": [
        "0x7cc000",
        "0x7cc010",
        "0x7cc020",
        "0x7cc030",
        "0x7cc040",
        "0x7cc050",
        "0x7cc060",
        "0x7cc068",
        "0x7cc070",
        "0x7cc078",
        "0x7cc080",
        "0x7cc088",
        "0x7cc090",
        "0x7cc098",
        "0x7cc0a0",
        "0x7cc0a8",
        "0x7cc0b0",
        "0x7cc0b8",
        "0x7cc0c8",
        "0x7cc0d0"
    ],
    "Imports Function name": [
        "GetVersion",
        "CommandLineToArgvW",
        "CoCreateInstance",
        "WTSSendMessageW",
        "FlsSetValue",
        "GetProcessWindowStation",
        "LocalAlloc",
        "LocalFree",
        "GetModuleFileNameW",
        "GetProcessAffinityMask",
        "SetProcessAffinityMask",
        "SetThreadAffinityMask",
        "Sleep",
        "ExitProcess",
        "FreeLibrary",
        "LoadLibraryA",
        "GetModuleHandleA",
        "GetProcAddress",
        "GetProcessWindowStation",
        "GetUserObjectInformationW"
    ]
}