{
    "type": "file",
    "attributes": {
        "tags": [
            "open-file",
            "create-dir",
            "handle-file",
            "exe-pattern",
            "create-file",
            "docx",
            "macros",
            "run-dll",
            "environ",
            "write-file",
            "hide-app",
            "create-ole"
        ],
        "last_analysis_results": {
            "Bkav": {
                "method": "blacklist",
                "engine_name": "Bkav",
                "engine_version": "2.0.0.1",
                "engine_update": "20240111",
                "category": "undetected",
                "result": null
            },
            "Lionic": {
                "method": "blacklist",
                "engine_name": "Lionic",
                "engine_version": "7.5",
                "engine_update": "20240111",
                "category": "malicious",
                "result": "Trojan.MSWord.Chartres.4!c"
            },
            "Elastic": {
                "method": "blacklist",
                "engine_name": "Elastic",
                "engine_version": "4.0.123",
                "engine_update": "20240109",
                "category": "malicious",
                "result": "malicious (high confidence)"
            },
            "DrWeb": {
                "method": "blacklist",
                "engine_name": "DrWeb",
                "engine_version": "7.0.61.8090",
                "engine_update": "20240110",
                "category": "malicious",
                "result": "W97M.MulDrop.286"
            },
            "MicroWorld-eScan": {
                "method": "blacklist",
                "engine_name": "MicroWorld-eScan",
                "engine_version": "14.0.409.0",
                "engine_update": "20240111",
                "category": "malicious",
                "result": "VB:Trojan.Valyria.7020"
            },
            "ClamAV": {
                "method": "blacklist",
                "engine_name": "ClamAV",
                "engine_version": "1.2.1.0",
                "engine_update": "20240110",
                "category": "malicious",
                "result": "Doc.Trojan.OperationNorthStar-9210655-1"
            },
            "CMC": {
                "method": "blacklist",
                "engine_name": "CMC",
                "engine_version": "2.4.2022.1",
                "engine_update": "20240106",
                "category": "undetected",
                "result": null
            },
            "CAT-QuickHeal": {
                "method": "blacklist",
                "engine_name": "CAT-QuickHeal",
                "engine_version": "22.00",
                "engine_update": "20240111",
                "category": "malicious",
                "result": "OLE.Downloader.37525.GC"
            },
            "Skyhigh": {
                "method": "blacklist",
                "engine_name": "Skyhigh",
                "engine_version": "v2021.2.0+4045",
                "engine_update": "20240111",
                "category": "malicious",
                "result": "W97M/Downloader.cxu"
            },
            "McAfee": {
                "method": "blacklist",
                "engine_name": "McAfee",
                "engine_version": "6.0.6.653",
                "engine_update": "20240111",
                "category": "malicious",
                "result": "W97M/Downloader.cxu"
            },
            "Malwarebytes": {
                "method": "blacklist",
                "engine_name": "Malwarebytes",
                "engine_version": "4.5.5.54",
                "engine_update": "20240110",
                "category": "undetected",
                "result": null
            },
            "Zillya": {
                "method": "blacklist",
                "engine_name": "Zillya",
                "engine_version": "2.0.0.5031",
                "engine_update": "20240110",
                "category": "undetected",
                "result": null
            },
            "Sangfor": {
                "method": "blacklist",
                "engine_name": "Sangfor",
                "engine_version": "2.23.0.0",
                "engine_update": "20240106",
                "category": "malicious",
                "result": "Malware.Generic-Macro.Save.3b11ac22"
            },
            "Trustlook": {
                "method": "blacklist",
                "engine_name": "Trustlook",
                "engine_version": "1.0",
                "engine_update": "20240111",
                "category": "undetected",
                "result": null
            },
            "Alibaba": {
                "method": "blacklist",
                "engine_name": "Alibaba",
                "engine_version": "0.3.0.5",
                "engine_update": "20190527",
                "category": "malicious",
                "result": "TrojanDownloader:VBA/Obfuscation.A"
            },
            "K7GW": {
                "method": "blacklist",
                "engine_name": "K7GW",
                "engine_version": "12.135.50701",
                "engine_update": "20240111",
                "category": "malicious",
                "result": "Trojan ( 0001140e1 )"
            },
            "K7AntiVirus": {
                "method": "blacklist",
                "engine_name": "K7AntiVirus",
                "engine_version": "12.135.50701",
                "engine_update": "20240111",
                "category": "malicious",
                "result": "Trojan ( 0001140e1 )"
            },
            "Arcabit": {
                "method": "blacklist",
                "engine_name": "Arcabit",
                "engine_version": "2022.0.0.18",
                "engine_update": "20240111",
                "category": "malicious",
                "result": "HEUR.VBA.Trojan.d"
            },
            "BitDefenderTheta": {
                "method": "blacklist",
                "engine_name": "BitDefenderTheta",
                "engine_version": "7.2.37796.0",
                "engine_update": "20240103",
                "category": "undetected",
                "result": null
            },
            "VirIT": {
                "method": "blacklist",
                "engine_name": "VirIT",
                "engine_version": "9.5.615",
                "engine_update": "20240110",
                "category": "undetected",
                "result": null
            },
            "Symantec": {
                "method": "blacklist",
                "engine_name": "Symantec",
                "engine_version": "1.21.0.0",
                "engine_update": "20240111",
                "category": "malicious",
                "result": "Scr.Malcode!gen"
            },
            "ESET-NOD32": {
                "method": "blacklist",
                "engine_name": "ESET-NOD32",
                "engine_version": "28551",
                "engine_update": "20240111",
                "category": "malicious",
                "result": "VBA/TrojanDropper.Agent.BBV"
            },
            "TrendMicro-HouseCall": {
                "method": "blacklist",
                "engine_name": "TrendMicro-HouseCall",
                "engine_version": "10.0.0.1040",
                "engine_update": "20240110",
                "category": "malicious",
                "result": "Trojan.X97M.NSTARLITE.A"
            },
            "Avast": {
                "method": "blacklist",
                "engine_name": "Avast",
                "engine_version": "23.9.8494.0",
                "engine_update": "20240111",
                "category": "malicious",
                "result": "Script:SNH-gen [Drp]"
            },
            "Cynet": {
                "method": "blacklist",
                "engine_name": "Cynet",
                "engine_version": "4.0.0.28",
                "engine_update": "20240111",
                "category": "malicious",
                "result": "Malicious (score: 99)"
            },
            "Kaspersky": {
                "method": "blacklist",
                "engine_name": "Kaspersky",
                "engine_version": "22.0.1.28",
                "engine_update": "20240111",
                "category": "malicious",
                "result": "UDS:DangerousObject.Multi.Generic"
            },
            "BitDefender": {
                "method": "blacklist",
                "engine_name": "BitDefender",
                "engine_version": "7.2",
                "engine_update": "20240111",
                "category": "malicious",
                "result": "VB:Trojan.Valyria.7020"
            },
            "NANO-Antivirus": {
                "method": "blacklist",
                "engine_name": "NANO-Antivirus",
                "engine_version": "1.0.146.25796",
                "engine_update": "20240111",
                "category": "undetected",
                "result": null
            },
            "SUPERAntiSpyware": {
                "method": "blacklist",
                "engine_name": "SUPERAntiSpyware",
                "engine_version": "5.6.0.1032",
                "engine_update": "20240111",
                "category": "undetected",
                "result": null
            },
            "Tencent": {
                "method": "blacklist",
                "engine_name": "Tencent",
                "engine_version": "1.0.0.1",
                "engine_update": "20240111",
                "category": "malicious",
                "result": "Trojan.MsOffice.MacroS.11027010"
            },
            "Emsisoft": {
                "method": "blacklist",
                "engine_name": "Emsisoft",
                "engine_version": "2022.6.0.32461",
                "engine_update": "20240111",
                "category": "malicious",
                "result": "VB:Trojan.Valyria.7020 (B)"
            },
            "F-Secure": {
                "method": "blacklist",
                "engine_name": "F-Secure",
                "engine_version": "18.10.1547.307",
                "engine_update": "20240111",
                "category": "malicious",
                "result": "Heuristic.HEUR/Macro.Downloader.MRACV.Gen"
            },
            "Baidu": {
                "method": "blacklist",
                "engine_name": "Baidu",
                "engine_version": "1.0.0.2",
                "engine_update": "20190318",
                "category": "undetected",
                "result": null
            },
            "VIPRE": {
                "method": "blacklist",
                "engine_name": "VIPRE",
                "engine_version": "6.0.0.35",
                "engine_update": "20240109",
                "category": "malicious",
                "result": "VB:Trojan.Valyria.7020"
            },
            "TrendMicro": {
                "method": "blacklist",
                "engine_name": "TrendMicro",
                "engine_version": "11.0.0.1006",
                "engine_update": "20240111",
                "category": "malicious",
                "result": "Trojan.X97M.NSTARLITE.A"
            },
            "Sophos": {
                "method": "blacklist",
                "engine_name": "Sophos",
                "engine_version": "2.4.3.0",
                "engine_update": "20240111",
                "category": "malicious",
                "result": "Troj/DocDrp-VU"
            },
            "Ikarus": {
                "method": "blacklist",
                "engine_name": "Ikarus",
                "engine_version": "6.2.4.0",
                "engine_update": "20240111",
                "category": "malicious",
                "result": "Trojan-Dropper.VBA.Agent"
            },
            "Avast-Mobile": {
                "method": "blacklist",
                "engine_name": "Avast-Mobile",
                "engine_version": "240110-00",
                "engine_update": "20240110",
                "category": "undetected",
                "result": null
            },
            "Jiangmin": {
                "method": "blacklist",
                "engine_name": "Jiangmin",
                "engine_version": "16.0.100",
                "engine_update": "20240111",
                "category": "undetected",
                "result": null
            },
            "Google": {
                "method": "blacklist",
                "engine_name": "Google",
                "engine_version": "1704965444",
                "engine_update": "20240111",
                "category": "malicious",
                "result": "Detected"
            },
            "Avira": {
                "method": "blacklist",
                "engine_name": "Avira",
                "engine_version": "8.3.3.16",
                "engine_update": "20240111",
                "category": "malicious",
                "result": "HEUR/Macro.Downloader.MRACV.Gen"
            },
            "Antiy-AVL": {
                "method": "blacklist",
                "engine_name": "Antiy-AVL",
                "engine_version": "3.0",
                "engine_update": "20240111",
                "category": "malicious",
                "result": "Trojan[APT]/MSOffice.Lazarus"
            },
            "Kingsoft": {
                "method": "blacklist",
                "engine_name": "Kingsoft",
                "engine_version": "None",
                "engine_update": "20230906",
                "category": "undetected",
                "result": null
            },
            "Gridinsoft": {
                "method": "blacklist",
                "engine_name": "Gridinsoft",
                "engine_version": "1.0.154.174",
                "engine_update": "20240111",
                "category": "malicious",
                "result": "Susp.U.Encoded.sd!yf"
            },
            "Xcitium": {
                "method": "blacklist",
                "engine_name": "Xcitium",
                "engine_version": "36335",
                "engine_update": "20240110",
                "category": "undetected",
                "result": null
            },
            "Microsoft": {
                "method": "blacklist",
                "engine_name": "Microsoft",
                "engine_version": "1.1.23110.2",
                "engine_update": "20240111",
                "category": "malicious",
                "result": "TrojanDropper:O97M/Obfuse.RK!MTB"
            },
            "ViRobot": {
                "method": "blacklist",
                "engine_name": "ViRobot",
                "engine_version": "2014.3.20.0",
                "engine_update": "20240110",
                "category": "malicious",
                "result": "W97M.S.Agent.1700999"
            },
            "ZoneAlarm": {
                "method": "blacklist",
                "engine_name": "ZoneAlarm",
                "engine_version": "1.0",
                "engine_update": "20240110",
                "category": "malicious",
                "result": "HEUR:Trojan.MSOffice.Agent.gen"
            },
            "GData": {
                "method": "blacklist",
                "engine_name": "GData",
                "engine_version": "A:25.37143B:27.34525",
                "engine_update": "20240111",
                "category": "malicious",
                "result": "VB:Trojan.Valyria.7020"
            },
            "Varist": {
                "method": "blacklist",
                "engine_name": "Varist",
                "engine_version": "6.5.1.2",
                "engine_update": "20240110",
                "category": "malicious",
                "result": "PP97M/Chartres.A.gen!Eldorado"
            },
            "AhnLab-V3": {
                "method": "blacklist",
                "engine_name": "AhnLab-V3",
                "engine_version": "3.25.0.10459",
                "engine_update": "20240111",
                "category": "malicious",
                "result": "Dropper/Doc.Generic"
            },
            "Acronis": {
                "method": "blacklist",
                "engine_name": "Acronis",
                "engine_version": "1.2.0.121",
                "engine_update": "20230828",
                "category": "malicious",
                "result": "suspicious"
            },
            "VBA32": {
                "method": "blacklist",
                "engine_name": "VBA32",
                "engine_version": "5.0.0",
                "engine_update": "20240110",
                "category": "undetected",
                "result": null
            },
            "TACHYON": {
                "method": "blacklist",
                "engine_name": "TACHYON",
                "engine_version": "2024-01-11.02",
                "engine_update": "20240111",
                "category": "malicious",
                "result": "Suspicious/WOX.DRP.Gen"
            },
            "Zoner": {
                "method": "blacklist",
                "engine_name": "Zoner",
                "engine_version": "2.2.2.0",
                "engine_update": "20240110",
                "category": "undetected",
                "result": null
            },
            "Rising": {
                "method": "blacklist",
                "engine_name": "Rising",
                "engine_version": "25.0.0.27",
                "engine_update": "20240111",
                "category": "malicious",
                "result": "Dropper.[Lazarus]Agent/VBA!1.C602 (CLASSIC)"
            },
            "Yandex": {
                "method": "blacklist",
                "engine_name": "Yandex",
                "engine_version": "5.5.2.24",
                "engine_update": "20240110",
                "category": "undetected",
                "result": null
            },
            "SentinelOne": {
                "method": "blacklist",
                "engine_name": "SentinelOne",
                "engine_version": "23.4.2.3",
                "engine_update": "20231119",
                "category": "malicious",
                "result": "Static AI - Malicious OPENXML"
            },
            "MaxSecure": {
                "method": "blacklist",
                "engine_name": "MaxSecure",
                "engine_version": "1.0.0.1",
                "engine_update": "20240118",
                "category": "undetected",
                "result": null
            },
            "Fortinet": {
                "method": "blacklist",
                "engine_name": "Fortinet",
                "engine_version": "None",
                "engine_update": "20240111",
                "category": "malicious",
                "result": "VBA/Agent.CF12!tr"
            },
            "AVG": {
                "method": "blacklist",
                "engine_name": "AVG",
                "engine_version": "23.9.8494.0",
                "engine_update": "20240111",
                "category": "malicious",
                "result": "Script:SNH-gen [Drp]"
            },
            "Panda": {
                "method": "blacklist",
                "engine_name": "Panda",
                "engine_version": "4.6.4.2",
                "engine_update": "20240110",
                "category": "undetected",
                "result": null
            },
            "SymantecMobileInsight": {
                "method": "blacklist",
                "engine_name": "SymantecMobileInsight",
                "engine_version": "2.0",
                "engine_update": "20240103",
                "category": "type-unsupported",
                "result": null
            },
            "BitDefenderFalx": {
                "method": "blacklist",
                "engine_name": "BitDefenderFalx",
                "engine_version": "2.0.936",
                "engine_update": "20240108",
                "category": "type-unsupported",
                "result": null
            },
            "tehtris": {
                "method": "blacklist",
                "engine_name": "tehtris",
                "engine_version": "v0.1.4-109-g76614fd",
                "engine_update": "20240111",
                "category": "type-unsupported",
                "result": null
            },
            "DeepInstinct": {
                "method": "blacklist",
                "engine_name": "DeepInstinct",
                "engine_version": "3.1.0.15",
                "engine_update": "20240109",
                "category": "type-unsupported",
                "result": null
            },
            "APEX": {
                "method": "blacklist",
                "engine_name": "APEX",
                "engine_version": "6.488",
                "engine_update": "20240110",
                "category": "type-unsupported",
                "result": null
            },
            "Paloalto": {
                "method": "blacklist",
                "engine_name": "Paloalto",
                "engine_version": "0.9.0.1003",
                "engine_update": "20240111",
                "category": "type-unsupported",
                "result": null
            },
            "Webroot": {
                "method": "blacklist",
                "engine_name": "Webroot",
                "engine_version": "1.0.0.403",
                "engine_update": "20240111",
                "category": "type-unsupported",
                "result": null
            },
            "Cylance": {
                "method": "blacklist",
                "engine_name": "Cylance",
                "engine_version": "2.0.0.0",
                "engine_update": "20240103",
                "category": "type-unsupported",
                "result": null
            },
            "CrowdStrike": {
                "method": "blacklist",
                "engine_name": "CrowdStrike",
                "engine_version": "1.0",
                "engine_update": "20231026",
                "category": "type-unsupported",
                "result": null
            },
            "Cybereason": {
                "method": "blacklist",
                "engine_name": "Cybereason",
                "engine_version": "1.2.449",
                "engine_update": "20231102",
                "category": "type-unsupported",
                "result": null
            }
        },
        "ssdeep": "49152:6ju65Pb4Egt6z+JXY7H65xzJ8fX8Gm2yzBzSQmPniUsPJ:H65PsEgt6z+Vz2/8yyzBzS/iUsPJ",
        "last_analysis_stats": {
            "malicious": 43,
            "suspicious": 0,
            "undetected": 19,
            "harmless": 0,
            "timeout": 0,
            "confirmed-timeout": 0,
            "failure": 0,
            "type-unsupported": 10
        },
        "names": [
            "1b0c82e71a53300c969da61b085c8ce623202722cf3fa2d79160dac16642303f.zip",
            "1b0c82e71a53300c969da61b085c8ce623202722cf3fa2d79160dac16642303f",
            "65df11dea0c1d0f0304b376787e65ccb",
            "43.dotm"
        ],
        "sha1": "c0d6bd29daa7d80b07e339fc48868639123e75a1",
        "crowdsourced_yara_results": [
            {
                "ruleset_id": "01234b2177",
                "rule_name": "Office_Document_with_VBA_Project",
                "ruleset_name": "Office_Document_with_VBA_Project",
                "description": "This signature detects an office document with an embedded VBA project. While this is fairly common it is sometimes used for malicious intent.",
                "author": "InQuest Labs",
                "source": "https://github.com/InQuest/yara-rules-vt"
            }
        ],
        "last_modification_date": 1708686836,
        "type_description": "Office Open XML Document",
        "reputation": 0,
        "type_tag": "docx",
        "last_analysis_date": 1704968873,
        "md5": "65df11dea0c1d0f0304b376787e65ccb",
        "tlsh": "T1E37533C6E609D6F2EA0A54B1F4D924F06A056ED076F4F4C0CA78E3A291391F16363FD9",
        "type_tags": [
            "document",
            "msoffice",
            "text",
            "word",
            "docx"
        ],
        "first_submission_date": 1587743175,
        "magic": "Microsoft Word 2007+",
        "meaningful_name": "1b0c82e71a53300c969da61b085c8ce623202722cf3fa2d79160dac16642303f.zip",
        "sha256": "1b0c82e71a53300c969da61b085c8ce623202722cf3fa2d79160dac16642303f",
        "vhash": "120902ed52c17ed071a91f34cc4c988d",
        "total_votes": {
            "harmless": 0,
            "malicious": 0
        },
        "times_submitted": 10,
        "bundle_info": {
            "highest_datetime": "1980-01-01 00:00:00",
            "lowest_datetime": "1980-01-01 00:00:00",
            "num_children": 14,
            "extensions": {
                "xml": 10,
                "bin": 1
            },
            "file_types": {
                "XML": 13,
                "Microsoft Office": 1
            },
            "type": "DOCX",
            "uncompressed_size": 3174056
        },
        "sandbox_verdicts": {
            "VMRay": {
                "category": "malicious",
                "sandbox_name": "VMRay",
                "malware_classification": [
                    "MALWARE"
                ]
            },
            "DAS-Security Orcas": {
                "category": "harmless",
                "sandbox_name": "DAS-Security Orcas",
                "malware_classification": [
                    "CLEAN"
                ]
            },
            "DOCGuard": {
                "category": "malicious",
                "sandbox_name": "DOCGuard",
                "malware_classification": [
                    "MALWARE"
                ]
            },
            "Lastline": {
                "category": "malicious",
                "sandbox_name": "Lastline",
                "malware_classification": [
                    "MALWARE"
                ]
            }
        },
        "unique_sources": 4,
        "type_extension": "docx",
        "size": 1700999,
        "last_submission_date": 1704968873,
        "creation_date": 1586803320,
        "trid": [
            {
                "file_type": "Word Microsoft Office Open XML Format document (with Macro)",
                "probability": 53.0
            },
            {
                "file_type": "Word Microsoft Office Open XML Format document",
                "probability": 23.9
            },
            {
                "file_type": "Open Packaging Conventions container",
                "probability": 17.8
            },
            {
                "file_type": "ZIP compressed archive",
                "probability": 4.0
            },
            {
                "file_type": "PrintFox/Pagefox bitmap (640x800)",
                "probability": 1.0
            }
        ]
    },
    "id": "1b0c82e71a53300c969da61b085c8ce623202722cf3fa2d79160dac16642303f"
}