{
    "SourceFile": "C:/Users/ricewater/Documents/MITREandCrowdstrikeApr2024Samples/1b0c82e71a53300c969da61b085c8ce623202722cf3fa2d79160dac16642303f/1b0c82e71a53300c969da61b085c8ce623202722cf3fa2d79160dac16642303f",
    "ExifToolVersion": 12.4,
    "FileName": "1b0c82e71a53300c969da61b085c8ce623202722cf3fa2d79160dac16642303f",
    "Directory": "C:/Users/ricewater/Documents/MITREandCrowdstrikeApr2024Samples/1b0c82e71a53300c969da61b085c8ce623202722cf3fa2d79160dac16642303f",
    "FileSize": "1661 KiB",
    "FileModifyDate": "2024:04:02 20:53:59+02:00",
    "FileAccessDate": "2024:04:04 06:47:23+02:00",
    "FileCreateDate": "2024:04:03 17:50:59+02:00",
    "FilePermissions": "-rw-rw-rw-",
    "FileType": "DOTM",
    "FileTypeExtension": "dotm",
    "MIMEType": "application/vnd.ms-word.template.macroEnabledTemplate",
    "ZipRequiredVersion": 20,
    "ZipBitFlag": "0x0006",
    "ZipCompression": "Deflated",
    "ZipModifyDate": "1980:01:01 00:00:00",
    "ZipCRC": "0x7cbe937c",
    "ZipCompressedSize": 396,
    "ZipUncompressedSize": 1461,
    "ZipFileName": "[Content_Types].xml",
    "Template": "43.dotm",
    "TotalEditTime": "1 minute",
    "Pages": 1,
    "Words": 0,
    "Characters": 0,
    "Application": "Microsoft Office Word",
    "DocSecurity": "None",
    "Lines": 0,
    "Paragraphs": 0,
    "ScaleCrop": "No",
    "HeadingPairs": [
        "Title",
        1
    ],
    "TitlesOfParts": "",
    "Company": "",
    "LinksUpToDate": "No",
    "CharactersWithSpaces": 0,
    "SharedDoc": "No",
    "HyperlinksChanged": "No",
    "AppVersion": 16.0,
    "Title": "",
    "Subject": "",
    "Creator": "User",
    "Keywords": "",
    "Description": "",
    "LastModifiedBy": "User",
    "RevisionNumber": 10,
    "CreateDate": "2020:04:13 18:42:00Z",
    "ModifyDate": "2020:04:24 05:36:00Z"
}