{"analysis": {"enable_decoded_strings": false, "enable_stack_strings": false, "enable_static_strings": true, "enable_tight_strings": false, "functions": {"analyzed_decoded_strings": 0, "analyzed_stack_strings": 0, "analyzed_tight_strings": 0, "decoding_function_scores": {}, "discovered": 0, "library": 0}}, "metadata": {"file_path": "C:\\Users\\ricewater\\Documents\\MITREandCrowdstrikeApr2024Samples\\1b0c82e71a53300c969da61b085c8ce623202722cf3fa2d79160dac16642303f\\1b0c82e71a53300c969da61b085c8ce623202722cf3fa2d79160dac16642303f", "imagebase": 0, "min_length": 7, "runtime": {"decoded_strings": 0.0, "find_features": 0.0, "stack_strings": 0.0, "start_date": "2024-04-04T06:47:23.421386Z", "static_strings": 0.0937, "tight_strings": 0.0, "total": 0.0937, "vivisect": 0.0}, "version": "v2.2.0-0-g783dd8f"}, "strings": {"decoded_strings": [], "stack_strings": [], "static_strings": [{"encoding": "ASCII", "offset": 30, "string": "[Content_Types].xml "}, {"encoding": "ASCII", "offset": 995, "string": "_rels/.rels "}, {"encoding": "ASCII", "offset": 1795, "string": "word/_rels/document.xml.rels "}, {"encoding": "ASCII", "offset": 2395, "string": "word/document.xml"}, {"encoding": "ASCII", "offset": 2989, "string": "word/vbaProject.bin"}, {"encoding": "ASCII", "offset": 5879, "string": "J\tsU+)T"}, {"encoding": "ASCII", "offset": 5889, "string": "e)J*+X<"}, {"encoding": "ASCII", "offset": 6206, "string": "zmBz~r^\\C"}, {"encoding": "ASCII", "offset": 6909, "string": "KlrsTdbsT"}, {"encoding": "ASCII", "offset": 9296, "string": "(/.5[L%"}, {"encoding": "ASCII", "offset": 17027, "string": "a8F`$FA<=f"}, {"encoding": "ASCII", "offset": 17293, "string": "=v`'va7~"}, {"encoding": "ASCII", "offset": 18028, "string": "6TBMzuD"}, {"encoding": "ASCII", "offset": 20334, "string": "Pczk=HX"}, {"encoding": "ASCII", "offset": 22518, "string": "|J|^H5^0"}, {"encoding": "ASCII", "offset": 25570, "string": "(he+:C+H1"}, {"encoding": "ASCII", "offset": 28125, "string": "?p~BV}0"}, {"encoding": "ASCII", "offset": 36552, "string": "r| _X2U"}, {"encoding": "ASCII", "offset": 37124, "string": "Gi*x>RX"}, {"encoding": "ASCII", "offset": 40963, "string": "9m^-_v_/"}, {"encoding": "ASCII", "offset": 53368, "string": "=p>'qpJq"}, {"encoding": "ASCII", "offset": 53808, "string": "ww]@o`I8"}, {"encoding": "ASCII", "offset": 55187, "string": ">|){v?f"}, {"encoding": "ASCII", "offset": 57976, "string": "ux=2GP<]"}, {"encoding": "ASCII", "offset": 59341, "string": "l;^?|z}"}, {"encoding": "ASCII", "offset": 59680, "string": "Zj</9jP"}, {"encoding": "ASCII", "offset": 61495, "string": "7ExJgtf0"}, {"encoding": "ASCII", "offset": 72004, "string": "S<s2'yg"}, {"encoding": "ASCII", "offset": 72222, "string": "j3YuKK^"}, {"encoding": "ASCII", "offset": 72377, "string": "[42~a4>3]+"}, {"encoding": "ASCII", "offset": 78320, "string": "<_9,GAl"}, {"encoding": "ASCII", "offset": 78995, "string": "G}^/QoY"}, {"encoding": "ASCII", "offset": 80558, "string": ";85)NW\t"}, {"encoding": "ASCII", "offset": 81486, "string": "[5O\tcgE"}, {"encoding": "ASCII", "offset": 82631, "string": "Y-pfC/[L"}, {"encoding": "ASCII", "offset": 84122, "string": "$Lz:[>B"}, {"encoding": "ASCII", "offset": 84426, "string": "_g~2)U2"}, {"encoding": "ASCII", "offset": 86885, "string": "2?4ky>y"}, {"encoding": "ASCII", "offset": 86932, "string": "kw~c?;n\t"}, {"encoding": "ASCII", "offset": 87670, "string": "M_fzq,X"}, {"encoding": "ASCII", "offset": 95778, "string": "<L\tco+Z"}, {"encoding": "ASCII", "offset": 100192, "string": "&D}~-';"}, {"encoding": "ASCII", "offset": 101616, "string": "/O[w3@|R"}, {"encoding": "ASCII", "offset": 103153, "string": "Jx~iOwp"}, {"encoding": "ASCII", "offset": 105018, "string": "g3IY^4-"}, {"encoding": "ASCII", "offset": 109899, "string": "C0xH[oS"}, {"encoding": "ASCII", "offset": 118767, "string": "p.)^S<nj"}, {"encoding": "ASCII", "offset": 119834, "string": "\\6\\?^Cob"}, {"encoding": "ASCII", "offset": 123390, "string": "a7O;E=Z"}, {"encoding": "ASCII", "offset": 124668, "string": "9ase'e|"}, {"encoding": "ASCII", "offset": 144824, "string": "i6':/2)"}, {"encoding": "ASCII", "offset": 144936, "string": "R,kn2D}@#?"}, {"encoding": "ASCII", "offset": 147272, "string": "*'?\\k/>"}, {"encoding": "ASCII", "offset": 153089, "string": "k3V}F1J"}, {"encoding": "ASCII", "offset": 154752, "string": "a\t=y13/+"}, {"encoding": "ASCII", "offset": 154824, "string": "{b|E;uR"}, {"encoding": "ASCII", "offset": 172096, "string": " ie_Ztf"}, {"encoding": "ASCII", "offset": 178162, "string": "f>\"!Tz^v"}, {"encoding": "ASCII", "offset": 180976, "string": "kS}Ss}s"}, {"encoding": "ASCII", "offset": 184106, "string": "%?/U'!>/"}, {"encoding": "ASCII", "offset": 189614, "string": "Y<_Gq<s"}, {"encoding": "ASCII", "offset": 189832, "string": "P/w_(6IW"}, {"encoding": "ASCII", "offset": 192851, "string": "i~Gov=X;"}, {"encoding": "ASCII", "offset": 196589, "string": "!Zxw>u+"}, {"encoding": "ASCII", "offset": 197717, "string": "G8-y>^K"}, {"encoding": "ASCII", "offset": 198186, "string": "\tR])N|+P/"}, {"encoding": "ASCII", "offset": 210158, "string": "P|M;}?x|"}, {"encoding": "ASCII", "offset": 210851, "string": "^;`=,\t/"}, {"encoding": "ASCII", "offset": 213594, "string": "?VuxGz6"}, {"encoding": "ASCII", "offset": 216782, "string": "j@}4 |C"}, {"encoding": "ASCII", "offset": 217474, "string": "Oc>=b?j="}, {"encoding": "ASCII", "offset": 217794, "string": "g}*cc9@_'6"}, {"encoding": "ASCII", "offset": 227443, "string": "z)4]?M3"}, {"encoding": "ASCII", "offset": 228672, "string": "|wHyQV5"}, {"encoding": "ASCII", "offset": 235751, "string": "|~7p24'G9"}, {"encoding": "ASCII", "offset": 236606, "string": "ynZGx~Qy"}, {"encoding": "ASCII", "offset": 239062, "string": "0_Pm\"_y{"}, {"encoding": "ASCII", "offset": 240664, "string": "~vsW=O4"}, {"encoding": "ASCII", "offset": 242430, "string": "8|9W^I6"}, {"encoding": "ASCII", "offset": 242469, "string": "9CM{!9r"}, {"encoding": "ASCII", "offset": 248487, "string": "W`v%A|b"}, {"encoding": "ASCII", "offset": 249017, "string": "W:O_x2?jd"}, {"encoding": "ASCII", "offset": 249373, "string": "{O?P_f~shj"}, {"encoding": "ASCII", "offset": 250606, "string": "zE@>E5^^"}, {"encoding": "ASCII", "offset": 250775, "string": "VUPBo}Ey"}, {"encoding": "ASCII", "offset": 256117, "string": "y\\:]*otv"}, {"encoding": "ASCII", "offset": 256220, "string": "_4(y~xKy|"}, {"encoding": "ASCII", "offset": 256373, "string": ">L~ExL3"}, {"encoding": "ASCII", "offset": 256385, "string": "oV(KR<G>)x"}, {"encoding": "ASCII", "offset": 257888, "string": "_<s>NxI"}, {"encoding": "ASCII", "offset": 264350, "string": "#?si?\\:"}, {"encoding": "ASCII", "offset": 269990, "string": "o6Xc~&s$"}, {"encoding": "ASCII", "offset": 270803, "string": "KZ_2Z/Q0"}, {"encoding": "ASCII", "offset": 272126, "string": "QievL;Q"}, {"encoding": "ASCII", "offset": 275936, "string": "?u+\\1=Ms"}, {"encoding": "ASCII", "offset": 279785, "string": "-y qN<1"}, {"encoding": "ASCII", "offset": 284591, "string": "qT@IhCC7"}, {"encoding": "ASCII", "offset": 288692, "string": "GIVO+:?"}, {"encoding": "ASCII", "offset": 300776, "string": "8k;\\vzn"}, {"encoding": "ASCII", "offset": 303379, "string": "=oN~6)1"}, {"encoding": "ASCII", "offset": 306893, "string": "~toy'|zY"}, {"encoding": "ASCII", "offset": 311597, "string": "?*_*:/v"}, {"encoding": "ASCII", "offset": 312392, "string": "bBXx1=_&/"}, {"encoding": "ASCII", "offset": 312462, "string": "bYMNzMu"}, {"encoding": "ASCII", "offset": 319060, "string": "7M)~%EH"}, {"encoding": "ASCII", "offset": 322526, "string": "SE)=Sw`"}, {"encoding": "ASCII", "offset": 322829, "string": "m@o({>?"}, {"encoding": "ASCII", "offset": 324331, "string": "T/Ljxf2^&"}, {"encoding": "ASCII", "offset": 325329, "string": "sx>+E5pt<t:"}, {"encoding": "ASCII", "offset": 327434, "string": "eO;Xo&^p"}, {"encoding": "ASCII", "offset": 327708, "string": "y8?M=-1/5"}, {"encoding": "ASCII", "offset": 338088, "string": "W>|YFZP<"}, {"encoding": "ASCII", "offset": 341589, "string": "tf]sg`OM"}, {"encoding": "ASCII", "offset": 349476, "string": "~6)Z=O)q"}, {"encoding": "ASCII", "offset": 356334, "string": "^s__6\\?[;"}, {"encoding": "ASCII", "offset": 367901, "string": "jH9UFywd"}, {"encoding": "ASCII", "offset": 376315, "string": "6<(f|^c~"}, {"encoding": "ASCII", "offset": 377643, "string": "t}K:WE."}, {"encoding": "ASCII", "offset": 386304, "string": "u.gF{qzJwC="}, {"encoding": "ASCII", "offset": 391480, "string": "^<g}4m/"}, {"encoding": "ASCII", "offset": 394596, "string": "7b~]M:z"}, {"encoding": "ASCII", "offset": 395915, "string": "zEw,E<]"}, {"encoding": "ASCII", "offset": 398645, "string": "?E]|fY`"}, {"encoding": "ASCII", "offset": 405302, "string": "Q<C=~*u"}, {"encoding": "ASCII", "offset": 406170, "string": "R>W@/Lw"}, {"encoding": "ASCII", "offset": 406305, "string": "5~--^?V"}, {"encoding": "ASCII", "offset": 408200, "string": "~_3Kfd?"}, {"encoding": "ASCII", "offset": 410301, "string": "NzlV|_a?Xo"}, {"encoding": "ASCII", "offset": 410327, "string": "pu-KQ$#"}, {"encoding": "ASCII", "offset": 410468, "string": "IX9ytYf"}, {"encoding": "ASCII", "offset": 422847, "string": "A{.Li_3"}, {"encoding": "ASCII", "offset": 425549, "string": "<Oep3~*6"}, {"encoding": "ASCII", "offset": 429300, "string": "7IQ-ez6"}, {"encoding": "ASCII", "offset": 433010, "string": "Iz([)1_m"}, {"encoding": "ASCII", "offset": 439581, "string": "U48Z<L{-"}, {"encoding": "ASCII", "offset": 442391, "string": "yLE;>lou_"}, {"encoding": "ASCII", "offset": 443000, "string": "s}/gzP;5"}, {"encoding": "ASCII", "offset": 450590, "string": "y7K]6U=@"}, {"encoding": "ASCII", "offset": 462917, "string": "}`=F+\th"}, {"encoding": "ASCII", "offset": 463322, "string": "{l?JG3?W"}, {"encoding": "ASCII", "offset": 463761, "string": "+~i5y|7$"}, {"encoding": "ASCII", "offset": 464830, "string": "?BGxf~I"}, {"encoding": "ASCII", "offset": 467871, "string": ":N}Z?IjM>"}, {"encoding": "ASCII", "offset": 468436, "string": "oX?g>=\""}, {"encoding": "ASCII", "offset": 468719, "string": "<_p?)~IK!~"}, {"encoding": "ASCII", "offset": 469188, "string": "p=Ea^yv"}, {"encoding": "ASCII", "offset": 469921, "string": "om\tweAg"}, {"encoding": "ASCII", "offset": 475036, "string": "m3{IQ_%"}, {"encoding": "ASCII", "offset": 482575, "string": "KNYo=f=*"}, {"encoding": "ASCII", "offset": 483053, "string": "oNk+rR+L"}, {"encoding": "ASCII", "offset": 487002, "string": "`Nv9;V\"]"}, {"encoding": "ASCII", "offset": 487723, "string": "~2/eDxa"}, {"encoding": "ASCII", "offset": 489423, "string": "x|2zA_(0"}, {"encoding": "ASCII", "offset": 490020, "string": "xZ_Kqh\t"}, {"encoding": "ASCII", "offset": 495099, "string": "=9iRY#_x"}, {"encoding": "ASCII", "offset": 505975, "string": "?~,/S^_"}, {"encoding": "ASCII", "offset": 506161, "string": "EM$_5PjK8"}, {"encoding": "ASCII", "offset": 508313, "string": "62ns}>:"}, {"encoding": "ASCII", "offset": 510499, "string": "O%(>;J7"}, {"encoding": "ASCII", "offset": 513690, "string": "g8U%r&Y"}, {"encoding": "ASCII", "offset": 514175, "string": "c>Sb<gN"}, {"encoding": "ASCII", "offset": 514316, "string": "Or'[\t-r"}, {"encoding": "ASCII", "offset": 514900, "string": "r|Zx3!6"}, {"encoding": "ASCII", "offset": 532266, "string": "2<? Oym0_"}, {"encoding": "ASCII", "offset": 535821, "string": "8/<O0Fn"}, {"encoding": "ASCII", "offset": 544909, "string": "R:1~Dx^"}, {"encoding": "ASCII", "offset": 550434, "string": "}m\t>f^U"}, {"encoding": "ASCII", "offset": 553609, "string": "jik7/T;"}, {"encoding": "ASCII", "offset": 559897, "string": "}wMQoS>]"}, {"encoding": "ASCII", "offset": 562521, "string": "S>x IXx?"}, {"encoding": "ASCII", "offset": 563948, "string": "'+s?B9V"}, {"encoding": "ASCII", "offset": 567103, "string": "~m0_]lP"}, {"encoding": "ASCII", "offset": 567446, "string": "3}Ol(>M"}, {"encoding": "ASCII", "offset": 568123, "string": "}N`Oi=q.w+"}, {"encoding": "ASCII", "offset": 570418, "string": ";feUc}C"}, {"encoding": "ASCII", "offset": 574900, "string": "Nq5nhwBo]"}, {"encoding": "ASCII", "offset": 574940, "string": "Q<!47p("}, {"encoding": "ASCII", "offset": 578014, "string": "%+:_3U_d^="}, {"encoding": "ASCII", "offset": 581457, "string": "3E~0A_6"}, {"encoding": "ASCII", "offset": 583691, "string": "wLotdfz"}, {"encoding": "ASCII", "offset": 597965, "string": "Onek[q?|"}, {"encoding": "ASCII", "offset": 606744, "string": "qMxjYFU"}, {"encoding": "ASCII", "offset": 616102, "string": "\"Va}w;O"}, {"encoding": "ASCII", "offset": 618432, "string": "CQ;hUC_hr"}, {"encoding": "ASCII", "offset": 618552, "string": "kk26zDt"}, {"encoding": "ASCII", "offset": 619644, "string": "s*|`lPwu"}, {"encoding": "ASCII", "offset": 619745, "string": "<tvV2>$"}, {"encoding": "ASCII", "offset": 640210, "string": "Qyud-X-}"}, {"encoding": "ASCII", "offset": 642834, "string": "q\\ZCqM{kF"}, {"encoding": "ASCII", "offset": 653172, "string": "Y=xRT\">&7i"}, {"encoding": "ASCII", "offset": 655570, "string": "^Omf?o(.%"}, {"encoding": "ASCII", "offset": 656981, "string": "]QQNBgt"}, {"encoding": "ASCII", "offset": 662892, "string": "\tAO-WbN1"}, {"encoding": "ASCII", "offset": 665475, "string": "5~>T_(}T"}, {"encoding": "ASCII", "offset": 669228, "string": "Krz~Tou"}, {"encoding": "ASCII", "offset": 674585, "string": "$p2aqm/"}, {"encoding": "ASCII", "offset": 675173, "string": "'Zd/]TC"}, {"encoding": "ASCII", "offset": 676411, "string": "K3_\t>Oi"}, {"encoding": "ASCII", "offset": 679152, "string": "M/iv@?t"}, {"encoding": "ASCII", "offset": 679876, "string": "Rm-.I]O"}, {"encoding": "ASCII", "offset": 679947, "string": "F?&R8/+"}, {"encoding": "ASCII", "offset": 686387, "string": "~e8O<oe"}, {"encoding": "ASCII", "offset": 687226, "string": "lC=4UYt"}, {"encoding": "ASCII", "offset": 691934, "string": "7=4#~H=*7"}, {"encoding": "ASCII", "offset": 698461, "string": "-(d_/E}O"}, {"encoding": "ASCII", "offset": 698741, "string": "n.r^<gs"}, {"encoding": "ASCII", "offset": 717570, "string": "B|A=hz_X"}, {"encoding": "ASCII", "offset": 719442, "string": "Ox$|5)C"}, {"encoding": "ASCII", "offset": 727384, "string": "=i{`~8}"}, {"encoding": "ASCII", "offset": 733241, "string": "=Y9f6/j"}, {"encoding": "ASCII", "offset": 734363, "string": "F=TafBw"}, {"encoding": "ASCII", "offset": 736942, "string": "Hl~hdN["}, {"encoding": "ASCII", "offset": 746670, "string": "Wh|q>k_4"}, {"encoding": "ASCII", "offset": 750419, "string": "'G=XRfO"}, {"encoding": "ASCII", "offset": 752217, "string": "oUnp=Ik"}, {"encoding": "ASCII", "offset": 753342, "string": "3eroYQ^"}, {"encoding": "ASCII", "offset": 753697, "string": "V~3`,h.DV"}, {"encoding": "ASCII", "offset": 754746, "string": "yHV~q3|"}, {"encoding": "ASCII", "offset": 763730, "string": "}t[r}pk"}, {"encoding": "ASCII", "offset": 769293, "string": "nTp?UR,"}, {"encoding": "ASCII", "offset": 777627, "string": "G`}'oEkS"}, {"encoding": "ASCII", "offset": 781704, "string": "L>]@{:0"}, {"encoding": "ASCII", "offset": 782133, "string": "<j6/QSI_"}, {"encoding": "ASCII", "offset": 784913, "string": "EQ[~27("}, {"encoding": "ASCII", "offset": 787216, "string": ">D/bY]+W%"}, {"encoding": "ASCII", "offset": 791232, "string": "_@<jA>0"}, {"encoding": "ASCII", "offset": 799293, "string": "Y?(EUD~?"}, {"encoding": "ASCII", "offset": 799525, "string": ".I1:I?F=b_"}, {"encoding": "ASCII", "offset": 806733, "string": "oW?:{>}~)"}, {"encoding": "ASCII", "offset": 807298, "string": "Shvj]2_"}, {"encoding": "ASCII", "offset": 813596, "string": "{k)_n\\I"}, {"encoding": "ASCII", "offset": 817995, "string": "/N:~jl~"}, {"encoding": "ASCII", "offset": 825614, "string": "yL\t~<#$m"}, {"encoding": "ASCII", "offset": 836727, "string": "7o\\\"[%[\t"}, {"encoding": "ASCII", "offset": 838847, "string": "=O1u)<)"}, {"encoding": "ASCII", "offset": 839117, "string": "Muhoi'G"}, {"encoding": "ASCII", "offset": 840411, "string": "{n{g$fhG9uh"}, {"encoding": "ASCII", "offset": 840560, "string": "uPWsm7O"}, {"encoding": "ASCII", "offset": 840747, "string": "eO'^[T^"}, {"encoding": "ASCII", "offset": 842352, "string": "{'Qx5^'"}, {"encoding": "ASCII", "offset": 843011, "string": "vIk]x=j"}, {"encoding": "ASCII", "offset": 853805, "string": "Qn\"s0K#6"}, {"encoding": "ASCII", "offset": 856058, "string": "SUs?H_l}mfXw"}, {"encoding": "ASCII", "offset": 857899, "string": "qa^A1P:9"}, {"encoding": "ASCII", "offset": 866367, "string": "Kk;|1J7"}, {"encoding": "ASCII", "offset": 866898, "string": "?P96nTr"}, {"encoding": "ASCII", "offset": 873228, "string": "/Gasra{y&"}, {"encoding": "ASCII", "offset": 873559, "string": "M8/dQ'ze^T<"}, {"encoding": "ASCII", "offset": 873984, "string": "SD20q2K"}, {"encoding": "ASCII", "offset": 875244, "string": "7zf;~RM"}, {"encoding": "ASCII", "offset": 876264, "string": "qZ0.N,Y"}, {"encoding": "ASCII", "offset": 877165, "string": "+[LsY<%"}, {"encoding": "ASCII", "offset": 877569, "string": "9L_~~l^FK"}, {"encoding": "ASCII", "offset": 879026, "string": "b SoAs?"}, {"encoding": "ASCII", "offset": 880117, "string": "0}|&;ri"}, {"encoding": "ASCII", "offset": 882801, "string": "u!x6LH_A_"}, {"encoding": "ASCII", "offset": 886604, "string": "Y?OW?Fok"}, {"encoding": "ASCII", "offset": 888380, "string": "62^2?FfT"}, {"encoding": "ASCII", "offset": 893496, "string": "W<Mv&^cv"}, {"encoding": "ASCII", "offset": 896456, "string": "Hm}9|Ub"}, {"encoding": "ASCII", "offset": 915249, "string": "?-v62? "}, {"encoding": "ASCII", "offset": 918217, "string": "It=USO\""}, {"encoding": "ASCII", "offset": 921694, "string": "]2:_@VO"}, {"encoding": "ASCII", "offset": 924672, "string": "3':m$bn\\"}, {"encoding": "ASCII", "offset": 928023, "string": "a^79_us"}, {"encoding": "ASCII", "offset": 931846, "string": "W[g)pVo"}, {"encoding": "ASCII", "offset": 941288, "string": "du7`n<g~"}, {"encoding": "ASCII", "offset": 943886, "string": "N<=i`_w"}, {"encoding": "ASCII", "offset": 944040, "string": "s9`_x/$y"}, {"encoding": "ASCII", "offset": 966826, "string": "?\to'K|3B"}, {"encoding": "ASCII", "offset": 967423, "string": "?RKx{|E"}, {"encoding": "ASCII", "offset": 975765, "string": "zq]bFAc"}, {"encoding": "ASCII", "offset": 985063, "string": "UmYWAiM"}, {"encoding": "ASCII", "offset": 990182, "string": "sRb\tC\\["}, {"encoding": "ASCII", "offset": 990508, "string": ";gE|WX?"}, {"encoding": "ASCII", "offset": 1007956, "string": "<?fXouO}^"}, {"encoding": "ASCII", "offset": 1009710, "string": "=kgddlS"}, {"encoding": "ASCII", "offset": 1010409, "string": "wQ-=1{b"}, {"encoding": "ASCII", "offset": 1020934, "string": "MrsP*nUWGipr\"?"}, {"encoding": "ASCII", "offset": 1027967, "string": "f&2m1o>)~"}, {"encoding": "ASCII", "offset": 1030706, "string": "0?B<C<!l"}, {"encoding": "ASCII", "offset": 1036692, "string": "+pl:nL."}, {"encoding": "ASCII", "offset": 1040271, "string": "lA_s^?9]o"}, {"encoding": "ASCII", "offset": 1046877, "string": "zw[g/m}4/Rh"}, {"encoding": "ASCII", "offset": 1049276, "string": "UeQP6^J"}, {"encoding": "ASCII", "offset": 1049949, "string": "9_M<VT31"}, {"encoding": "ASCII", "offset": 1054630, "string": "?1x-e7A"}, {"encoding": "ASCII", "offset": 1055656, "string": ";|Q3ox\\"}, {"encoding": "ASCII", "offset": 1057274, "string": "Tn~i=\"]OJ"}, {"encoding": "ASCII", "offset": 1057538, "string": "S_cgOt=%K"}, {"encoding": "ASCII", "offset": 1059924, "string": "2X{[_dy"}, {"encoding": "ASCII", "offset": 1060013, "string": "|x?FkW#"}, {"encoding": "ASCII", "offset": 1060102, "string": "&(fb/E7W"}, {"encoding": "ASCII", "offset": 1065261, "string": "$;+Oi){"}, {"encoding": "ASCII", "offset": 1070324, "string": "y]I8JyR"}, {"encoding": "ASCII", "offset": 1071652, "string": "0M@5P`Z"}, {"encoding": "ASCII", "offset": 1076440, "string": "#U}Z9/N"}, {"encoding": "ASCII", "offset": 1078418, "string": "-;b^0yS"}, {"encoding": "ASCII", "offset": 1080902, "string": "uQOWv]$"}, {"encoding": "ASCII", "offset": 1083281, "string": "|t.7-z#c"}, {"encoding": "ASCII", "offset": 1088359, "string": "%V/\")nI7MXOa"}, {"encoding": "ASCII", "offset": 1088673, "string": "/%|{UsqO"}, {"encoding": "ASCII", "offset": 1094234, "string": "'EO;uRg"}, {"encoding": "ASCII", "offset": 1094863, "string": "ne:#\\ec"}, {"encoding": "ASCII", "offset": 1095783, "string": "i`)'zp?"}, {"encoding": "ASCII", "offset": 1096090, "string": "|AQn=7F"}, {"encoding": "ASCII", "offset": 1097512, "string": "~G{I>9%"}, {"encoding": "ASCII", "offset": 1099668, "string": "9\"#o4P&"}, {"encoding": "ASCII", "offset": 1100374, "string": "e>oe}m3"}, {"encoding": "ASCII", "offset": 1109866, "string": "7tPq\"?/"}, {"encoding": "ASCII", "offset": 1113855, "string": ">)\\Um=q"}, {"encoding": "ASCII", "offset": 1115243, "string": "SLs%)zSL>"}, {"encoding": "ASCII", "offset": 1131653, "string": "KZW;gvM"}, {"encoding": "ASCII", "offset": 1133167, "string": "_!%{ -^"}, {"encoding": "ASCII", "offset": 1133494, "string": "7x)P/l]"}, {"encoding": "ASCII", "offset": 1135772, "string": "U}~V\\{c"}, {"encoding": "ASCII", "offset": 1140736, "string": "L~`)YO'U"}, {"encoding": "ASCII", "offset": 1144609, "string": "^4|>\t}h"}, {"encoding": "ASCII", "offset": 1149371, "string": "?3&=y^mC"}, {"encoding": "ASCII", "offset": 1159927, "string": "$CzKs\t>f"}, {"encoding": "ASCII", "offset": 1160509, "string": "'{7uG}<"}, {"encoding": "ASCII", "offset": 1165968, "string": "H~/>Q<y"}, {"encoding": "ASCII", "offset": 1166739, "string": "~,)VHTe"}, {"encoding": "ASCII", "offset": 1167637, "string": "t_E<H:_"}, {"encoding": "ASCII", "offset": 1182660, "string": "sr_&| +?"}, {"encoding": "ASCII", "offset": 1186432, "string": "XQ|B}eA"}, {"encoding": "ASCII", "offset": 1193049, "string": "o/^^P<6#"}, {"encoding": "ASCII", "offset": 1194006, "string": "@S%X=rY"}, {"encoding": "ASCII", "offset": 1196652, "string": "p!6C.KE"}, {"encoding": "ASCII", "offset": 1202476, "string": "?_FoWpub"}, {"encoding": "ASCII", "offset": 1208463, "string": "qRv*Nz;O;"}, {"encoding": "ASCII", "offset": 1212255, "string": "?UW;y[oS"}, {"encoding": "ASCII", "offset": 1214362, "string": "|`GB_(h"}, {"encoding": "ASCII", "offset": 1215834, "string": "}I0^*JC"}, {"encoding": "ASCII", "offset": 1217979, "string": ",]SoO)/"}, {"encoding": "ASCII", "offset": 1219214, "string": "b{)=[r}"}, {"encoding": "ASCII", "offset": 1222631, "string": ";o\\_q<`"}, {"encoding": "ASCII", "offset": 1225343, "string": "Kp>p=yz"}, {"encoding": "ASCII", "offset": 1225615, "string": "@=cDwMq"}, {"encoding": "ASCII", "offset": 1227545, "string": "0=hud!_"}, {"encoding": "ASCII", "offset": 1230084, "string": "4b=ww>$"}, {"encoding": "ASCII", "offset": 1230607, "string": "=-ZC{sl"}, {"encoding": "ASCII", "offset": 1231909, "string": "C}%{^R.I"}, {"encoding": "ASCII", "offset": 1240617, "string": "u73s$[\\t&"}, {"encoding": "ASCII", "offset": 1243066, "string": "&]g5<)>"}, {"encoding": "ASCII", "offset": 1250064, "string": "#_'?ZQL"}, {"encoding": "ASCII", "offset": 1252993, "string": "_AO}_VS"}, {"encoding": "ASCII", "offset": 1260260, "string": "t~6[K/r"}, {"encoding": "ASCII", "offset": 1268198, "string": ">@O^q=/"}, {"encoding": "ASCII", "offset": 1268591, "string": "_Bo,J?h"}, {"encoding": "ASCII", "offset": 1269155, "string": "|eqoG*:"}, {"encoding": "ASCII", "offset": 1269772, "string": "^O[ud}b"}, {"encoding": "ASCII", "offset": 1271568, "string": "AE~\"rF<"}, {"encoding": "ASCII", "offset": 1274379, "string": ")~R#?UX"}, {"encoding": "ASCII", "offset": 1279269, "string": "W6^sI0/"}, {"encoding": "ASCII", "offset": 1281529, "string": "I?oc-iM"}, {"encoding": "ASCII", "offset": 1282587, "string": "s]66]l8"}, {"encoding": "ASCII", "offset": 1294225, "string": "}3^E}Og"}, {"encoding": "ASCII", "offset": 1297750, "string": "fuCx/QG"}, {"encoding": "ASCII", "offset": 1298522, "string": "7Op}$G}"}, {"encoding": "ASCII", "offset": 1302959, "string": "oc5;i%y"}, {"encoding": "ASCII", "offset": 1307094, "string": "=b>#9~1"}, {"encoding": "ASCII", "offset": 1308962, "string": "`aQ<B/O"}, {"encoding": "ASCII", "offset": 1312341, "string": "{'z?.fJ"}, {"encoding": "ASCII", "offset": 1320351, "string": "-e&5yPm"}, {"encoding": "ASCII", "offset": 1326635, "string": ">B}$r^'U"}, {"encoding": "ASCII", "offset": 1327933, "string": "Fiw {My"}, {"encoding": "ASCII", "offset": 1332126, "string": "l`_dn<|"}, {"encoding": "ASCII", "offset": 1332748, "string": ")B:?'{>"}, {"encoding": "ASCII", "offset": 1338414, "string": "|bZTmZ$"}, {"encoding": "ASCII", "offset": 1345337, "string": "<z>~@uU"}, {"encoding": "ASCII", "offset": 1347346, "string": "(?[=M\\o"}, {"encoding": "ASCII", "offset": 1349218, "string": "zH</|$|GQ "}, {"encoding": "ASCII", "offset": 1350624, "string": "-z-TO;c"}, {"encoding": "ASCII", "offset": 1351197, "string": "ac>vl8<A"}, {"encoding": "ASCII", "offset": 1353334, "string": "/loSfrf"}, {"encoding": "ASCII", "offset": 1356151, "string": "a|Dq!\t["}, {"encoding": "ASCII", "offset": 1356849, "string": "=iBAT_J"}, {"encoding": "ASCII", "offset": 1360666, "string": "|^1_SP|"}, {"encoding": "ASCII", "offset": 1374338, "string": "y>h>(?|XWq"}, {"encoding": "ASCII", "offset": 1374758, "string": "*)4/;oF"}, {"encoding": "ASCII", "offset": 1377596, "string": "IQzyPz?"}, {"encoding": "ASCII", "offset": 1379639, "string": "R<dKk&2"}, {"encoding": "ASCII", "offset": 1380236, "string": "y~7>S~9"}, {"encoding": "ASCII", "offset": 1395797, "string": "o|/l~)L}"}, {"encoding": "ASCII", "offset": 1396322, "string": "~Eqg8^e94"}, {"encoding": "ASCII", "offset": 1397335, "string": "=o53I<G}"}, {"encoding": "ASCII", "offset": 1398017, "string": ":?</}T/."}, {"encoding": "ASCII", "offset": 1399787, "string": ">Obq3N}Wm"}, {"encoding": "ASCII", "offset": 1399908, "string": "*\t7\"_4M"}, {"encoding": "ASCII", "offset": 1403580, "string": "<Q\\W$/+"}, {"encoding": "ASCII", "offset": 1404942, "string": "Z'g-g/#"}, {"encoding": "ASCII", "offset": 1410411, "string": "p\\!c9{#"}, {"encoding": "ASCII", "offset": 1417811, "string": "VI>w0_;7"}, {"encoding": "ASCII", "offset": 1418110, "string": "VNdOV^{QD"}, {"encoding": "ASCII", "offset": 1418589, "string": "q.kI6ar"}, {"encoding": "ASCII", "offset": 1418892, "string": "9#>L6K+"}, {"encoding": "ASCII", "offset": 1419103, "string": "g(n22KU"}, {"encoding": "ASCII", "offset": 1423506, "string": "Dp>Fd_N"}, {"encoding": "ASCII", "offset": 1428934, "string": "GI?rJp?"}, {"encoding": "ASCII", "offset": 1437126, "string": "}w3qrK>"}, {"encoding": "ASCII", "offset": 1438691, "string": "cDa^LE%l"}, {"encoding": "ASCII", "offset": 1438903, "string": "W&az0!f"}, {"encoding": "ASCII", "offset": 1439256, "string": "|VMY;6>"}, {"encoding": "ASCII", "offset": 1440962, "string": "?$ALxI]"}, {"encoding": "ASCII", "offset": 1448916, "string": ")~\\F^?K("}, {"encoding": "ASCII", "offset": 1450101, "string": "x;wwa>2"}, {"encoding": "ASCII", "offset": 1451849, "string": ":/#Oea["}, {"encoding": "ASCII", "offset": 1459200, "string": "gywK_?PwM"}, {"encoding": "ASCII", "offset": 1464099, "string": "L6$yOw\t"}, {"encoding": "ASCII", "offset": 1472498, "string": "oo.]uly"}, {"encoding": "ASCII", "offset": 1474393, "string": "KSC?Q<@"}, {"encoding": "ASCII", "offset": 1475502, "string": "I78dx.9"}, {"encoding": "ASCII", "offset": 1486386, "string": "Lmo;|_],<"}, {"encoding": "ASCII", "offset": 1494782, "string": "]es|TW},"}, {"encoding": "ASCII", "offset": 1494957, "string": "/M~^a>\""}, {"encoding": "ASCII", "offset": 1500785, "string": "\"{_R|]od"}, {"encoding": "ASCII", "offset": 1505498, "string": "(&6EHkAu"}, {"encoding": "ASCII", "offset": 1512340, "string": "=~xpe._"}, {"encoding": "ASCII", "offset": 1514732, "string": ">Ed_Hw4"}, {"encoding": "ASCII", "offset": 1516060, "string": "R<6#QK_"}, {"encoding": "ASCII", "offset": 1527742, "string": "-u#u\\h}"}, {"encoding": "ASCII", "offset": 1533464, "string": "'qshlw8"}, {"encoding": "ASCII", "offset": 1535087, "string": "m\t<,z,Y\\"}, {"encoding": "ASCII", "offset": 1536383, "string": "D*SI5{d?"}, {"encoding": "ASCII", "offset": 1541894, "string": "9>.#KO6"}, {"encoding": "ASCII", "offset": 1547679, "string": "|%*d|qj"}, {"encoding": "ASCII", "offset": 1549303, "string": "_i[-Vcs"}, {"encoding": "ASCII", "offset": 1557546, "string": "~]d&2jQ"}, {"encoding": "ASCII", "offset": 1557668, "string": "7aAv9Xn"}, {"encoding": "ASCII", "offset": 1558428, "string": ";~8V~r\""}, {"encoding": "ASCII", "offset": 1558674, "string": "MToh/\\ef;o"}, {"encoding": "ASCII", "offset": 1559752, "string": "N;e9-!W~"}, {"encoding": "ASCII", "offset": 1562181, "string": "'A'eD\\3"}, {"encoding": "ASCII", "offset": 1564032, "string": "j4Ej[c`"}, {"encoding": "ASCII", "offset": 1565449, "string": "._$h=`k"}, {"encoding": "ASCII", "offset": 1566038, "string": "wM/wJ-T"}, {"encoding": "ASCII", "offset": 1568682, "string": "b_Le3y,"}, {"encoding": "ASCII", "offset": 1576862, "string": ";G\\bVr7"}, {"encoding": "ASCII", "offset": 1578447, "string": "+07MAG%"}, {"encoding": "ASCII", "offset": 1588167, "string": "#b 5nUR"}, {"encoding": "ASCII", "offset": 1590506, "string": "suXTOnQG"}, {"encoding": "ASCII", "offset": 1603863, "string": "1Oa64<9"}, {"encoding": "ASCII", "offset": 1608750, "string": "Oj?zAZ^"}, {"encoding": "ASCII", "offset": 1613676, "string": "g~yiO~\""}, {"encoding": "ASCII", "offset": 1632432, "string": ")99wq-_"}, {"encoding": "ASCII", "offset": 1637722, "string": "wrDsMOV="}, {"encoding": "ASCII", "offset": 1638759, "string": "T?Or?@9ff"}, {"encoding": "ASCII", "offset": 1641735, "string": "30'+\tzD"}, {"encoding": "ASCII", "offset": 1643391, "string": "k'\\*u~]"}, {"encoding": "ASCII", "offset": 1648585, "string": "o|NPoar}"}, {"encoding": "ASCII", "offset": 1650201, "string": "t+[.\"u9!"}, {"encoding": "ASCII", "offset": 1651803, "string": "V9I#n\tY"}, {"encoding": "ASCII", "offset": 1652241, "string": "h!-(X|["}, {"encoding": "ASCII", "offset": 1653161, "string": "h~@Og\tS"}, {"encoding": "ASCII", "offset": 1661449, "string": "5/&OEx|"}, {"encoding": "ASCII", "offset": 1662185, "string": "Ge3&/PX"}, {"encoding": "ASCII", "offset": 1662996, "string": "lKnMOI%"}, {"encoding": "ASCII", "offset": 1664715, "string": "G02tX8X2"}, {"encoding": "ASCII", "offset": 1666303, "string": "t,E)#.s}"}, {"encoding": "ASCII", "offset": 1667873, "string": "SNIPaq<!"}, {"encoding": "ASCII", "offset": 1668803, "string": "+33h{<+|{"}, {"encoding": "ASCII", "offset": 1670478, "string": "r8n2}CVs"}, {"encoding": "ASCII", "offset": 1672471, "string": "\".Rd`^e"}, {"encoding": "ASCII", "offset": 1674673, "string": "/uqQyE:"}, {"encoding": "ASCII", "offset": 1674842, "string": "\\\\}?a,MSu["}, {"encoding": "ASCII", "offset": 1682610, "string": "O|Q`gq3"}, {"encoding": "ASCII", "offset": 1685187, "string": "5O,qJ^!"}, {"encoding": "ASCII", "offset": 1691258, "string": "word/_rels/vbaProject.bin.relsl"}, {"encoding": "ASCII", "offset": 1691366, "string": "-\\Ya;>>"}, {"encoding": "ASCII", "offset": 1691509, "string": "word/theme/theme1.xml"}, {"encoding": "ASCII", "offset": 1693132, "string": "word/vbaData.xml"}, {"encoding": "ASCII", "offset": 1693664, "string": "word/settings.xml"}, {"encoding": "ASCII", "offset": 1694806, "string": "docProps/app.xml "}, {"encoding": "ASCII", "offset": 1695574, "string": "word/styles.xml"}, {"encoding": "ASCII", "offset": 1696553, "string": "6<\"{mxD"}, {"encoding": "ASCII", "offset": 1698509, "string": "docProps/core.xml "}, {"encoding": "ASCII", "offset": 1699188, "string": "word/fontTable.xml"}, {"encoding": "ASCII", "offset": 1699769, "string": "word/webSettings.xml"}, {"encoding": "ASCII", "offset": 1699968, "string": ",y0|yh}"}, {"encoding": "ASCII", "offset": 1700115, "string": "[Content_Types].xmlPK"}, {"encoding": "ASCII", "offset": 1700180, "string": "_rels/.relsPK"}, {"encoding": "ASCII", "offset": 1700237, "string": "word/_rels/document.xml.relsPK"}, {"encoding": "ASCII", "offset": 1700311, "string": "word/document.xmlPK"}, {"encoding": "ASCII", "offset": 1700374, "string": "word/vbaProject.binPK"}, {"encoding": "ASCII", "offset": 1700439, "string": "word/_rels/vbaProject.bin.relsPK"}, {"encoding": "ASCII", "offset": 1700515, "string": "word/theme/theme1.xmlPK"}, {"encoding": "ASCII", "offset": 1700582, "string": "word/vbaData.xmlPK"}, {"encoding": "ASCII", "offset": 1700644, "string": "word/settings.xmlPK"}, {"encoding": "ASCII", "offset": 1700707, "string": "docProps/app.xmlPK"}, {"encoding": "ASCII", "offset": 1700769, "string": "word/styles.xmlPK"}, {"encoding": "ASCII", "offset": 1700830, "string": "docProps/core.xmlPK"}, {"encoding": "ASCII", "offset": 1700893, "string": "word/fontTable.xmlPK"}, {"encoding": "ASCII", "offset": 1700957, "string": "word/webSettings.xmlPK"}], "tight_strings": []}}